filename,label
/scratch/users/k24015724/wav2vec_project/outputs/IEMOCAP_features/Ses01F_impro01_F000_features.pt,neu
/scratch/users/k24015724/wav2vec_project/outputs/IEMOCAP_features/Ses01F_impro01_F001_features.pt,neu
/scratch/users/k24015724/wav2vec_project/outputs/IEMOCAP_features/Ses01F_impro01_F002_features.pt,neu
/scratch/users/k24015724/wav2vec_project/outputs/IEMOCAP_features/Ses01F_impro01_F005_features.pt,neu
/scratch/users/k24015724/wav2vec_project/outputs/IEMOCAP_features/Ses01F_impro01_F006_features.pt,fru
/scratch/users/k24015724/wav2vec_project/outputs/IEMOCAP_features/Ses01F_impro01_F007_features.pt,fru
/scratch/users/k24015724/wav2vec_project/outputs/IEMOCAP_features/Ses01F_impro01_F008_features.pt,fru
/scratch/users/k24015724/wav2vec_project/outputs/IEMOCAP_features/Ses01F_impro01_F009_features.pt,fru
/scratch/users/k24015724/wav2vec_project/outputs/IEMOCAP_features/Ses01F_impro01_F011_features.pt,fru
/scratch/users/k24015724/wav2vec_project/outputs/IEMOCAP_features/Ses01F_impro01_F012_features.pt,ang
/scratch/users/k24015724/wav2vec_project/outputs/IEMOCAP_features/Ses01F_impro01_F013_features.pt,fru
/scratch/users/k24015724/wav2vec_project/outputs/IEMOCAP_features/Ses01F_impro01_F014_features.pt,neu
/scratch/users/k24015724/wav2vec_project/outputs/IEMOCAP_features/Ses01F_impro01_F015_features.pt,fru
/scratch/users/k24015724/wav2vec_project/outputs/IEMOCAP_features/Ses01F_impro01_M000_features.pt,fru
/scratch/users/k24015724/wav2vec_project/outputs/IEMOCAP_features/Ses01F_impro01_M001_features.pt,fru
/scratch/users/k24015724/wav2vec_project/outputs/IEMOCAP_features/Ses01F_impro01_M002_features.pt,fru
/scratch/users/k24015724/wav2vec_project/outputs/IEMOCAP_features/Ses01F_impro01_M003_features.pt,fru
/scratch/users/k24015724/wav2vec_project/outputs/IEMOCAP_features/Ses01F_impro01_M004_features.pt,fru
/scratch/users/k24015724/wav2vec_project/outputs/IEMOCAP_features/Ses01F_impro01_M005_features.pt,fru
/scratch/users/k24015724/wav2vec_project/outputs/IEMOCAP_features/Ses01F_impro01_M006_features.pt,fru
/scratch/users/k24015724/wav2vec_project/outputs/IEMOCAP_features/Ses01F_impro01_M007_features.pt,fru
/scratch/users/k24015724/wav2vec_project/outputs/IEMOCAP_features/Ses01F_impro01_M008_features.pt,fru
/scratch/users/k24015724/wav2vec_project/outputs/IEMOCAP_features/Ses01F_impro01_M009_features.pt,fru
/scratch/users/k24015724/wav2vec_project/outputs/IEMOCAP_features/Ses01F_impro01_M010_features.pt,fru
/scratch/users/k24015724/wav2vec_project/outputs/IEMOCAP_features/Ses01F_impro01_M011_features.pt,ang
/scratch/users/k24015724/wav2vec_project/outputs/IEMOCAP_features/Ses01F_impro01_M013_features.pt,ang
/scratch/users/k24015724/wav2vec_project/outputs/IEMOCAP_features/Ses01F_impro02_F000_features.pt,sad
/scratch/users/k24015724/wav2vec_project/outputs/IEMOCAP_features/Ses01F_impro02_F001_features.pt,sad
/scratch/users/k24015724/wav2vec_project/outputs/IEMOCAP_features/Ses01F_impro02_F002_features.pt,sad
/scratch/users/k24015724/wav2vec_project/outputs/IEMOCAP_features/Ses01F_impro02_F003_features.pt,neu
/scratch/users/k24015724/wav2vec_project/outputs/IEMOCAP_features/Ses01F_impro02_F004_features.pt,sad
/scratch/users/k24015724/wav2vec_project/outputs/IEMOCAP_features/Ses01F_impro02_F005_features.pt,sad
/scratch/users/k24015724/wav2vec_project/outputs/IEMOCAP_features/Ses01F_impro02_F006_features.pt,neu
/scratch/users/k24015724/wav2vec_project/outputs/IEMOCAP_features/Ses01F_impro02_F008_features.pt,sad
/scratch/users/k24015724/wav2vec_project/outputs/IEMOCAP_features/Ses01F_impro02_F010_features.pt,sad
/scratch/users/k24015724/wav2vec_project/outputs/IEMOCAP_features/Ses01F_impro02_F012_features.pt,sad
/scratch/users/k24015724/wav2vec_project/outputs/IEMOCAP_features/Ses01F_impro02_F013_features.pt,sad
/scratch/users/k24015724/wav2vec_project/outputs/IEMOCAP_features/Ses01F_impro02_F014_features.pt,sad
/scratch/users/k24015724/wav2vec_project/outputs/IEMOCAP_features/Ses01F_impro02_F015_features.pt,sad
/scratch/users/k24015724/wav2vec_project/outputs/IEMOCAP_features/Ses01F_impro02_F016_features.pt,neu
/scratch/users/k24015724/wav2vec_project/outputs/IEMOCAP_features/Ses01F_impro02_F017_features.pt,sad
/scratch/users/k24015724/wav2vec_project/outputs/IEMOCAP_features/Ses01F_impro02_F018_features.pt,neu
/scratch/users/k24015724/wav2vec_project/outputs/IEMOCAP_features/Ses01F_impro02_F019_features.pt,sad
/scratch/users/k24015724/wav2vec_project/outputs/IEMOCAP_features/Ses01F_impro02_F020_features.pt,sad
/scratch/users/k24015724/wav2vec_project/outputs/IEMOCAP_features/Ses01F_impro02_M001_features.pt,sad
/scratch/users/k24015724/wav2vec_project/outputs/IEMOCAP_features/Ses01F_impro02_M003_features.pt,fru
/scratch/users/k24015724/wav2vec_project/outputs/IEMOCAP_features/Ses01F_impro02_M005_features.pt,sad
/scratch/users/k24015724/wav2vec_project/outputs/IEMOCAP_features/Ses01F_impro02_M008_features.pt,fru
/scratch/users/k24015724/wav2vec_project/outputs/IEMOCAP_features/Ses01F_impro02_M009_features.pt,sad
/scratch/users/k24015724/wav2vec_project/outputs/IEMOCAP_features/Ses01F_impro02_M010_features.pt,sad
/scratch/users/k24015724/wav2vec_project/outputs/IEMOCAP_features/Ses01F_impro02_M011_features.pt,sad
/scratch/users/k24015724/wav2vec_project/outputs/IEMOCAP_features/Ses01F_impro02_M012_features.pt,neu
/scratch/users/k24015724/wav2vec_project/outputs/IEMOCAP_features/Ses01F_impro02_M013_features.pt,sad
/scratch/users/k24015724/wav2vec_project/outputs/IEMOCAP_features/Ses01F_impro02_M014_features.pt,sad
/scratch/users/k24015724/wav2vec_project/outputs/IEMOCAP_features/Ses01F_impro02_M015_features.pt,neu
/scratch/users/k24015724/wav2vec_project/outputs/IEMOCAP_features/Ses01F_impro02_M016_features.pt,fru
/scratch/users/k24015724/wav2vec_project/outputs/IEMOCAP_features/Ses01F_impro03_F000_features.pt,hap
/scratch/users/k24015724/wav2vec_project/outputs/IEMOCAP_features/Ses01F_impro03_F001_features.pt,hap
/scratch/users/k24015724/wav2vec_project/outputs/IEMOCAP_features/Ses01F_impro03_F002_features.pt,hap
/scratch/users/k24015724/wav2vec_project/outputs/IEMOCAP_features/Ses01F_impro03_F004_features.pt,hap
/scratch/users/k24015724/wav2vec_project/outputs/IEMOCAP_features/Ses01F_impro03_F005_features.pt,hap
/scratch/users/k24015724/wav2vec_project/outputs/IEMOCAP_features/Ses01F_impro03_F006_features.pt,hap
/scratch/users/k24015724/wav2vec_project/outputs/IEMOCAP_features/Ses01F_impro03_F008_features.pt,hap
/scratch/users/k24015724/wav2vec_project/outputs/IEMOCAP_features/Ses01F_impro03_F009_features.pt,hap
/scratch/users/k24015724/wav2vec_project/outputs/IEMOCAP_features/Ses01F_impro03_F010_features.pt,hap
/scratch/users/k24015724/wav2vec_project/outputs/IEMOCAP_features/Ses01F_impro03_F012_features.pt,hap
/scratch/users/k24015724/wav2vec_project/outputs/IEMOCAP_features/Ses01F_impro03_F013_features.pt,hap
/scratch/users/k24015724/wav2vec_project/outputs/IEMOCAP_features/Ses01F_impro03_F016_features.pt,hap
/scratch/users/k24015724/wav2vec_project/outputs/IEMOCAP_features/Ses01F_impro03_F017_features.pt,neu
/scratch/users/k24015724/wav2vec_project/outputs/IEMOCAP_features/Ses01F_impro03_F018_features.pt,neu
/scratch/users/k24015724/wav2vec_project/outputs/IEMOCAP_features/Ses01F_impro03_F019_features.pt,neu
/scratch/users/k24015724/wav2vec_project/outputs/IEMOCAP_features/Ses01F_impro03_F021_features.pt,hap
/scratch/users/k24015724/wav2vec_project/outputs/IEMOCAP_features/Ses01F_impro03_F022_features.pt,neu
/scratch/users/k24015724/wav2vec_project/outputs/IEMOCAP_features/Ses01F_impro03_F023_features.pt,neu
/scratch/users/k24015724/wav2vec_project/outputs/IEMOCAP_features/Ses01F_impro03_F024_features.pt,hap
/scratch/users/k24015724/wav2vec_project/outputs/IEMOCAP_features/Ses01F_impro03_F025_features.pt,hap
/scratch/users/k24015724/wav2vec_project/outputs/IEMOCAP_features/Ses01F_impro03_F026_features.pt,hap
/scratch/users/k24015724/wav2vec_project/outputs/IEMOCAP_features/Ses01F_impro03_M000_features.pt,neu
/scratch/users/k24015724/wav2vec_project/outputs/IEMOCAP_features/Ses01F_impro03_M001_features.pt,neu
/scratch/users/k24015724/wav2vec_project/outputs/IEMOCAP_features/Ses01F_impro03_M006_features.pt,neu
/scratch/users/k24015724/wav2vec_project/outputs/IEMOCAP_features/Ses01F_impro03_M007_features.pt,hap
/scratch/users/k24015724/wav2vec_project/outputs/IEMOCAP_features/Ses01F_impro03_M008_features.pt,neu
/scratch/users/k24015724/wav2vec_project/outputs/IEMOCAP_features/Ses01F_impro03_M009_features.pt,neu
/scratch/users/k24015724/wav2vec_project/outputs/IEMOCAP_features/Ses01F_impro03_M011_features.pt,neu
/scratch/users/k24015724/wav2vec_project/outputs/IEMOCAP_features/Ses01F_impro03_M013_features.pt,hap
/scratch/users/k24015724/wav2vec_project/outputs/IEMOCAP_features/Ses01F_impro03_M014_features.pt,hap
/scratch/users/k24015724/wav2vec_project/outputs/IEMOCAP_features/Ses01F_impro03_M015_features.pt,hap
/scratch/users/k24015724/wav2vec_project/outputs/IEMOCAP_features/Ses01F_impro03_M016_features.pt,neu
/scratch/users/k24015724/wav2vec_project/outputs/IEMOCAP_features/Ses01F_impro03_M019_features.pt,neu
/scratch/users/k24015724/wav2vec_project/outputs/IEMOCAP_features/Ses01F_impro03_M020_features.pt,neu
/scratch/users/k24015724/wav2vec_project/outputs/IEMOCAP_features/Ses01F_impro03_M021_features.pt,neu
/scratch/users/k24015724/wav2vec_project/outputs/IEMOCAP_features/Ses01F_impro03_M023_features.pt,hap
/scratch/users/k24015724/wav2vec_project/outputs/IEMOCAP_features/Ses01F_impro03_M024_features.pt,neu
/scratch/users/k24015724/wav2vec_project/outputs/IEMOCAP_features/Ses01F_impro04_F000_features.pt,neu
/scratch/users/k24015724/wav2vec_project/outputs/IEMOCAP_features/Ses01F_impro04_F001_features.pt,neu
/scratch/users/k24015724/wav2vec_project/outputs/IEMOCAP_features/Ses01F_impro04_F002_features.pt,fru
/scratch/users/k24015724/wav2vec_project/outputs/IEMOCAP_features/Ses01F_impro04_F005_features.pt,neu
/scratch/users/k24015724/wav2vec_project/outputs/IEMOCAP_features/Ses01F_impro04_F006_features.pt,neu
/scratch/users/k24015724/wav2vec_project/outputs/IEMOCAP_features/Ses01F_impro04_F007_features.pt,fru
/scratch/users/k24015724/wav2vec_project/outputs/IEMOCAP_features/Ses01F_impro04_F009_features.pt,neu
/scratch/users/k24015724/wav2vec_project/outputs/IEMOCAP_features/Ses01F_impro04_F013_features.pt,neu
/scratch/users/k24015724/wav2vec_project/outputs/IEMOCAP_features/Ses01F_impro04_F014_features.pt,neu
/scratch/users/k24015724/wav2vec_project/outputs/IEMOCAP_features/Ses01F_impro04_F016_features.pt,fru
/scratch/users/k24015724/wav2vec_project/outputs/IEMOCAP_features/Ses01F_impro04_F017_features.pt,fru
/scratch/users/k24015724/wav2vec_project/outputs/IEMOCAP_features/Ses01F_impro04_F018_features.pt,fru
/scratch/users/k24015724/wav2vec_project/outputs/IEMOCAP_features/Ses01F_impro04_F019_features.pt,fru
/scratch/users/k24015724/wav2vec_project/outputs/IEMOCAP_features/Ses01F_impro04_F021_features.pt,fru
/scratch/users/k24015724/wav2vec_project/outputs/IEMOCAP_features/Ses01F_impro04_F022_features.pt,fru
/scratch/users/k24015724/wav2vec_project/outputs/IEMOCAP_features/Ses01F_impro04_F023_features.pt,fru
/scratch/users/k24015724/wav2vec_project/outputs/IEMOCAP_features/Ses01F_impro04_F024_features.pt,fru
/scratch/users/k24015724/wav2vec_project/outputs/IEMOCAP_features/Ses01F_impro04_F025_features.pt,fru
/scratch/users/k24015724/wav2vec_project/outputs/IEMOCAP_features/Ses01F_impro04_F026_features.pt,fru
/scratch/users/k24015724/wav2vec_project/outputs/IEMOCAP_features/Ses01F_impro04_F027_features.pt,fru
/scratch/users/k24015724/wav2vec_project/outputs/IEMOCAP_features/Ses01F_impro04_F028_features.pt,ang
/scratch/users/k24015724/wav2vec_project/outputs/IEMOCAP_features/Ses01F_impro04_F029_features.pt,ang
/scratch/users/k24015724/wav2vec_project/outputs/IEMOCAP_features/Ses01F_impro04_F030_features.pt,ang
/scratch/users/k24015724/wav2vec_project/outputs/IEMOCAP_features/Ses01F_impro04_F031_features.pt,ang
/scratch/users/k24015724/wav2vec_project/outputs/IEMOCAP_features/Ses01F_impro04_F032_features.pt,ang
/scratch/users/k24015724/wav2vec_project/outputs/IEMOCAP_features/Ses01F_impro04_F033_features.pt,ang
/scratch/users/k24015724/wav2vec_project/outputs/IEMOCAP_features/Ses01F_impro04_M000_features.pt,neu
/scratch/users/k24015724/wav2vec_project/outputs/IEMOCAP_features/Ses01F_impro04_M001_features.pt,neu
/scratch/users/k24015724/wav2vec_project/outputs/IEMOCAP_features/Ses01F_impro04_M002_features.pt,neu
/scratch/users/k24015724/wav2vec_project/outputs/IEMOCAP_features/Ses01F_impro04_M003_features.pt,neu
/scratch/users/k24015724/wav2vec_project/outputs/IEMOCAP_features/Ses01F_impro04_M004_features.pt,neu
/scratch/users/k24015724/wav2vec_project/outputs/IEMOCAP_features/Ses01F_impro04_M005_features.pt,neu
/scratch/users/k24015724/wav2vec_project/outputs/IEMOCAP_features/Ses01F_impro04_M006_features.pt,neu
/scratch/users/k24015724/wav2vec_project/outputs/IEMOCAP_features/Ses01F_impro04_M007_features.pt,neu
/scratch/users/k24015724/wav2vec_project/outputs/IEMOCAP_features/Ses01F_impro04_M008_features.pt,neu
/scratch/users/k24015724/wav2vec_project/outputs/IEMOCAP_features/Ses01F_impro04_M009_features.pt,neu
/scratch/users/k24015724/wav2vec_project/outputs/IEMOCAP_features/Ses01F_impro04_M010_features.pt,neu
/scratch/users/k24015724/wav2vec_project/outputs/IEMOCAP_features/Ses01F_impro04_M011_features.pt,neu
/scratch/users/k24015724/wav2vec_project/outputs/IEMOCAP_features/Ses01F_impro04_M012_features.pt,neu
/scratch/users/k24015724/wav2vec_project/outputs/IEMOCAP_features/Ses01F_impro04_M013_features.pt,neu
/scratch/users/k24015724/wav2vec_project/outputs/IEMOCAP_features/Ses01F_impro04_M014_features.pt,neu
/scratch/users/k24015724/wav2vec_project/outputs/IEMOCAP_features/Ses01F_impro04_M015_features.pt,neu
/scratch/users/k24015724/wav2vec_project/outputs/IEMOCAP_features/Ses01F_impro04_M016_features.pt,neu
/scratch/users/k24015724/wav2vec_project/outputs/IEMOCAP_features/Ses01F_impro04_M017_features.pt,neu
/scratch/users/k24015724/wav2vec_project/outputs/IEMOCAP_features/Ses01F_impro04_M018_features.pt,neu
/scratch/users/k24015724/wav2vec_project/outputs/IEMOCAP_features/Ses01F_impro04_M019_features.pt,neu
/scratch/users/k24015724/wav2vec_project/outputs/IEMOCAP_features/Ses01F_impro04_M020_features.pt,neu
/scratch/users/k24015724/wav2vec_project/outputs/IEMOCAP_features/Ses01F_impro04_M021_features.pt,neu
/scratch/users/k24015724/wav2vec_project/outputs/IEMOCAP_features/Ses01F_impro04_M022_features.pt,neu
/scratch/users/k24015724/wav2vec_project/outputs/IEMOCAP_features/Ses01F_impro04_M023_features.pt,neu
/scratch/users/k24015724/wav2vec_project/outputs/IEMOCAP_features/Ses01F_impro04_M024_features.pt,neu
/scratch/users/k24015724/wav2vec_project/outputs/IEMOCAP_features/Ses01F_impro04_M025_features.pt,neu
/scratch/users/k24015724/wav2vec_project/outputs/IEMOCAP_features/Ses01F_impro04_M026_features.pt,neu
/scratch/users/k24015724/wav2vec_project/outputs/IEMOCAP_features/Ses01F_impro04_M027_features.pt,neu
/scratch/users/k24015724/wav2vec_project/outputs/IEMOCAP_features/Ses01F_impro04_M028_features.pt,neu
/scratch/users/k24015724/wav2vec_project/outputs/IEMOCAP_features/Ses01F_impro04_M029_features.pt,fru
/scratch/users/k24015724/wav2vec_project/outputs/IEMOCAP_features/Ses01F_impro04_M030_features.pt,fru
/scratch/users/k24015724/wav2vec_project/outputs/IEMOCAP_features/Ses01F_impro04_M031_features.pt,neu
/scratch/users/k24015724/wav2vec_project/outputs/IEMOCAP_features/Ses01F_impro04_M032_features.pt,neu
/scratch/users/k24015724/wav2vec_project/outputs/IEMOCAP_features/Ses01F_impro04_M034_features.pt,fru
/scratch/users/k24015724/wav2vec_project/outputs/IEMOCAP_features/Ses01F_impro04_M035_features.pt,fru
/scratch/users/k24015724/wav2vec_project/outputs/IEMOCAP_features/Ses01F_impro05_F000_features.pt,fru
/scratch/users/k24015724/wav2vec_project/outputs/IEMOCAP_features/Ses01F_impro05_F001_features.pt,fru
/scratch/users/k24015724/wav2vec_project/outputs/IEMOCAP_features/Ses01F_impro05_F002_features.pt,fru
/scratch/users/k24015724/wav2vec_project/outputs/IEMOCAP_features/Ses01F_impro05_F003_features.pt,fru
/scratch/users/k24015724/wav2vec_project/outputs/IEMOCAP_features/Ses01F_impro05_F004_features.pt,fru
/scratch/users/k24015724/wav2vec_project/outputs/IEMOCAP_features/Ses01F_impro05_F005_features.pt,fru
/scratch/users/k24015724/wav2vec_project/outputs/IEMOCAP_features/Ses01F_impro05_F007_features.pt,fru
/scratch/users/k24015724/wav2vec_project/outputs/IEMOCAP_features/Ses01F_impro05_F008_features.pt,ang
/scratch/users/k24015724/wav2vec_project/outputs/IEMOCAP_features/Ses01F_impro05_F009_features.pt,ang
/scratch/users/k24015724/wav2vec_project/outputs/IEMOCAP_features/Ses01F_impro05_F011_features.pt,ang
/scratch/users/k24015724/wav2vec_project/outputs/IEMOCAP_features/Ses01F_impro05_F012_features.pt,ang
/scratch/users/k24015724/wav2vec_project/outputs/IEMOCAP_features/Ses01F_impro05_F014_features.pt,ang
/scratch/users/k24015724/wav2vec_project/outputs/IEMOCAP_features/Ses01F_impro05_F015_features.pt,ang
/scratch/users/k24015724/wav2vec_project/outputs/IEMOCAP_features/Ses01F_impro05_F016_features.pt,ang
/scratch/users/k24015724/wav2vec_project/outputs/IEMOCAP_features/Ses01F_impro05_F017_features.pt,ang
/scratch/users/k24015724/wav2vec_project/outputs/IEMOCAP_features/Ses01F_impro05_F018_features.pt,ang
/scratch/users/k24015724/wav2vec_project/outputs/IEMOCAP_features/Ses01F_impro05_F019_features.pt,ang
/scratch/users/k24015724/wav2vec_project/outputs/IEMOCAP_features/Ses01F_impro05_F020_features.pt,ang
/scratch/users/k24015724/wav2vec_project/outputs/IEMOCAP_features/Ses01F_impro05_F021_features.pt,ang
/scratch/users/k24015724/wav2vec_project/outputs/IEMOCAP_features/Ses01F_impro05_F022_features.pt,ang
/scratch/users/k24015724/wav2vec_project/outputs/IEMOCAP_features/Ses01F_impro05_F023_features.pt,ang
/scratch/users/k24015724/wav2vec_project/outputs/IEMOCAP_features/Ses01F_impro05_F024_features.pt,ang
/scratch/users/k24015724/wav2vec_project/outputs/IEMOCAP_features/Ses01F_impro05_F025_features.pt,ang
/scratch/users/k24015724/wav2vec_project/outputs/IEMOCAP_features/Ses01F_impro05_F026_features.pt,ang
/scratch/users/k24015724/wav2vec_project/outputs/IEMOCAP_features/Ses01F_impro05_F028_features.pt,ang
/scratch/users/k24015724/wav2vec_project/outputs/IEMOCAP_features/Ses01F_impro05_F029_features.pt,ang
/scratch/users/k24015724/wav2vec_project/outputs/IEMOCAP_features/Ses01F_impro05_F030_features.pt,ang
/scratch/users/k24015724/wav2vec_project/outputs/IEMOCAP_features/Ses01F_impro05_M000_features.pt,neu
/scratch/users/k24015724/wav2vec_project/outputs/IEMOCAP_features/Ses01F_impro05_M001_features.pt,hap
/scratch/users/k24015724/wav2vec_project/outputs/IEMOCAP_features/Ses01F_impro05_M002_features.pt,hap
/scratch/users/k24015724/wav2vec_project/outputs/IEMOCAP_features/Ses01F_impro05_M003_features.pt,neu
/scratch/users/k24015724/wav2vec_project/outputs/IEMOCAP_features/Ses01F_impro05_M004_features.pt,neu
/scratch/users/k24015724/wav2vec_project/outputs/IEMOCAP_features/Ses01F_impro05_M005_features.pt,neu
/scratch/users/k24015724/wav2vec_project/outputs/IEMOCAP_features/Ses01F_impro05_M006_features.pt,neu
/scratch/users/k24015724/wav2vec_project/outputs/IEMOCAP_features/Ses01F_impro05_M007_features.pt,neu
/scratch/users/k24015724/wav2vec_project/outputs/IEMOCAP_features/Ses01F_impro05_M008_features.pt,neu
/scratch/users/k24015724/wav2vec_project/outputs/IEMOCAP_features/Ses01F_impro05_M009_features.pt,neu
/scratch/users/k24015724/wav2vec_project/outputs/IEMOCAP_features/Ses01F_impro05_M010_features.pt,neu
/scratch/users/k24015724/wav2vec_project/outputs/IEMOCAP_features/Ses01F_impro05_M011_features.pt,neu
/scratch/users/k24015724/wav2vec_project/outputs/IEMOCAP_features/Ses01F_impro05_M012_features.pt,neu
/scratch/users/k24015724/wav2vec_project/outputs/IEMOCAP_features/Ses01F_impro05_M013_features.pt,neu
/scratch/users/k24015724/wav2vec_project/outputs/IEMOCAP_features/Ses01F_impro05_M014_features.pt,neu
/scratch/users/k24015724/wav2vec_project/outputs/IEMOCAP_features/Ses01F_impro05_M015_features.pt,neu
/scratch/users/k24015724/wav2vec_project/outputs/IEMOCAP_features/Ses01F_impro05_M016_features.pt,neu
/scratch/users/k24015724/wav2vec_project/outputs/IEMOCAP_features/Ses01F_impro05_M017_features.pt,neu
/scratch/users/k24015724/wav2vec_project/outputs/IEMOCAP_features/Ses01F_impro05_M019_features.pt,neu
/scratch/users/k24015724/wav2vec_project/outputs/IEMOCAP_features/Ses01F_impro05_M020_features.pt,neu
/scratch/users/k24015724/wav2vec_project/outputs/IEMOCAP_features/Ses01F_impro05_M022_features.pt,neu
/scratch/users/k24015724/wav2vec_project/outputs/IEMOCAP_features/Ses01F_impro05_M023_features.pt,neu
/scratch/users/k24015724/wav2vec_project/outputs/IEMOCAP_features/Ses01F_impro05_M024_features.pt,neu
/scratch/users/k24015724/wav2vec_project/outputs/IEMOCAP_features/Ses01F_impro05_M025_features.pt,neu
/scratch/users/k24015724/wav2vec_project/outputs/IEMOCAP_features/Ses01F_impro05_M026_features.pt,neu
/scratch/users/k24015724/wav2vec_project/outputs/IEMOCAP_features/Ses01F_impro05_M027_features.pt,neu
/scratch/users/k24015724/wav2vec_project/outputs/IEMOCAP_features/Ses01F_impro05_M028_features.pt,neu
/scratch/users/k24015724/wav2vec_project/outputs/IEMOCAP_features/Ses01F_impro05_M029_features.pt,neu
/scratch/users/k24015724/wav2vec_project/outputs/IEMOCAP_features/Ses01F_impro05_M030_features.pt,neu
/scratch/users/k24015724/wav2vec_project/outputs/IEMOCAP_features/Ses01F_impro05_M031_features.pt,neu
/scratch/users/k24015724/wav2vec_project/outputs/IEMOCAP_features/Ses01F_impro05_M034_features.pt,neu
/scratch/users/k24015724/wav2vec_project/outputs/IEMOCAP_features/Ses01F_impro05_M035_features.pt,neu
/scratch/users/k24015724/wav2vec_project/outputs/IEMOCAP_features/Ses01F_impro06_F002_features.pt,sad
/scratch/users/k24015724/wav2vec_project/outputs/IEMOCAP_features/Ses01F_impro06_F003_features.pt,neu
/scratch/users/k24015724/wav2vec_project/outputs/IEMOCAP_features/Ses01F_impro06_F004_features.pt,neu
/scratch/users/k24015724/wav2vec_project/outputs/IEMOCAP_features/Ses01F_impro06_F005_features.pt,sad
/scratch/users/k24015724/wav2vec_project/outputs/IEMOCAP_features/Ses01F_impro06_F006_features.pt,sad
/scratch/users/k24015724/wav2vec_project/outputs/IEMOCAP_features/Ses01F_impro06_F007_features.pt,sad
/scratch/users/k24015724/wav2vec_project/outputs/IEMOCAP_features/Ses01F_impro06_F008_features.pt,sad
/scratch/users/k24015724/wav2vec_project/outputs/IEMOCAP_features/Ses01F_impro06_F009_features.pt,neu
/scratch/users/k24015724/wav2vec_project/outputs/IEMOCAP_features/Ses01F_impro06_F010_features.pt,sad
/scratch/users/k24015724/wav2vec_project/outputs/IEMOCAP_features/Ses01F_impro06_F011_features.pt,sad
/scratch/users/k24015724/wav2vec_project/outputs/IEMOCAP_features/Ses01F_impro06_F012_features.pt,sad
/scratch/users/k24015724/wav2vec_project/outputs/IEMOCAP_features/Ses01F_impro06_F013_features.pt,sad
/scratch/users/k24015724/wav2vec_project/outputs/IEMOCAP_features/Ses01F_impro06_F014_features.pt,sad
/scratch/users/k24015724/wav2vec_project/outputs/IEMOCAP_features/Ses01F_impro06_F015_features.pt,sad
/scratch/users/k24015724/wav2vec_project/outputs/IEMOCAP_features/Ses01F_impro06_F016_features.pt,neu
/scratch/users/k24015724/wav2vec_project/outputs/IEMOCAP_features/Ses01F_impro06_F018_features.pt,neu
/scratch/users/k24015724/wav2vec_project/outputs/IEMOCAP_features/Ses01F_impro06_F019_features.pt,neu
/scratch/users/k24015724/wav2vec_project/outputs/IEMOCAP_features/Ses01F_impro06_F020_features.pt,sad
/scratch/users/k24015724/wav2vec_project/outputs/IEMOCAP_features/Ses01F_impro06_F021_features.pt,sad
/scratch/users/k24015724/wav2vec_project/outputs/IEMOCAP_features/Ses01F_impro06_F022_features.pt,sad
/scratch/users/k24015724/wav2vec_project/outputs/IEMOCAP_features/Ses01F_impro06_F023_features.pt,sad
/scratch/users/k24015724/wav2vec_project/outputs/IEMOCAP_features/Ses01F_impro06_F024_features.pt,sad
/scratch/users/k24015724/wav2vec_project/outputs/IEMOCAP_features/Ses01F_impro06_F025_features.pt,sad
/scratch/users/k24015724/wav2vec_project/outputs/IEMOCAP_features/Ses01F_impro06_F026_features.pt,sad
/scratch/users/k24015724/wav2vec_project/outputs/IEMOCAP_features/Ses01F_impro06_F027_features.pt,neu
/scratch/users/k24015724/wav2vec_project/outputs/IEMOCAP_features/Ses01F_impro06_F028_features.pt,sad
/scratch/users/k24015724/wav2vec_project/outputs/IEMOCAP_features/Ses01F_impro06_M000_features.pt,sad
/scratch/users/k24015724/wav2vec_project/outputs/IEMOCAP_features/Ses01F_impro06_M001_features.pt,neu
/scratch/users/k24015724/wav2vec_project/outputs/IEMOCAP_features/Ses01F_impro06_M002_features.pt,neu
/scratch/users/k24015724/wav2vec_project/outputs/IEMOCAP_features/Ses01F_impro06_M003_features.pt,sad
/scratch/users/k24015724/wav2vec_project/outputs/IEMOCAP_features/Ses01F_impro06_M004_features.pt,neu
/scratch/users/k24015724/wav2vec_project/outputs/IEMOCAP_features/Ses01F_impro06_M005_features.pt,neu
/scratch/users/k24015724/wav2vec_project/outputs/IEMOCAP_features/Ses01F_impro06_M006_features.pt,neu
/scratch/users/k24015724/wav2vec_project/outputs/IEMOCAP_features/Ses01F_impro06_M007_features.pt,sad
/scratch/users/k24015724/wav2vec_project/outputs/IEMOCAP_features/Ses01F_impro06_M008_features.pt,neu
/scratch/users/k24015724/wav2vec_project/outputs/IEMOCAP_features/Ses01F_impro06_M009_features.pt,neu
/scratch/users/k24015724/wav2vec_project/outputs/IEMOCAP_features/Ses01F_impro06_M010_features.pt,neu
/scratch/users/k24015724/wav2vec_project/outputs/IEMOCAP_features/Ses01F_impro06_M011_features.pt,neu
/scratch/users/k24015724/wav2vec_project/outputs/IEMOCAP_features/Ses01F_impro06_M012_features.pt,neu
/scratch/users/k24015724/wav2vec_project/outputs/IEMOCAP_features/Ses01F_impro06_M013_features.pt,neu
/scratch/users/k24015724/wav2vec_project/outputs/IEMOCAP_features/Ses01F_impro06_M014_features.pt,neu
/scratch/users/k24015724/wav2vec_project/outputs/IEMOCAP_features/Ses01F_impro06_M015_features.pt,neu
/scratch/users/k24015724/wav2vec_project/outputs/IEMOCAP_features/Ses01F_impro06_M016_features.pt,neu
/scratch/users/k24015724/wav2vec_project/outputs/IEMOCAP_features/Ses01F_impro07_M012_features.pt,neu
/scratch/users/k24015724/wav2vec_project/outputs/IEMOCAP_features/Ses01F_impro07_M013_features.pt,neu
/scratch/users/k24015724/wav2vec_project/outputs/IEMOCAP_features/Ses01F_impro07_M018_features.pt,neu
/scratch/users/k24015724/wav2vec_project/outputs/IEMOCAP_features/Ses01F_impro07_M019_features.pt,hap
/scratch/users/k24015724/wav2vec_project/outputs/IEMOCAP_features/Ses01F_script01_1_F000_features.pt,fru
/scratch/users/k24015724/wav2vec_project/outputs/IEMOCAP_features/Ses01F_script01_1_F005_features.pt,neu
/scratch/users/k24015724/wav2vec_project/outputs/IEMOCAP_features/Ses01F_script01_1_F009_features.pt,fru
/scratch/users/k24015724/wav2vec_project/outputs/IEMOCAP_features/Ses01F_script01_1_F010_features.pt,fru
/scratch/users/k24015724/wav2vec_project/outputs/IEMOCAP_features/Ses01F_script01_1_F011_features.pt,fru
/scratch/users/k24015724/wav2vec_project/outputs/IEMOCAP_features/Ses01F_script01_1_F012_features.pt,fru
/scratch/users/k24015724/wav2vec_project/outputs/IEMOCAP_features/Ses01F_script01_1_F014_features.pt,fru
/scratch/users/k24015724/wav2vec_project/outputs/IEMOCAP_features/Ses01F_script01_1_F015_features.pt,neu
/scratch/users/k24015724/wav2vec_project/outputs/IEMOCAP_features/Ses01F_script01_1_F021_features.pt,fru
/scratch/users/k24015724/wav2vec_project/outputs/IEMOCAP_features/Ses01F_script01_1_F022_features.pt,fru
/scratch/users/k24015724/wav2vec_project/outputs/IEMOCAP_features/Ses01F_script01_1_F023_features.pt,fru
/scratch/users/k24015724/wav2vec_project/outputs/IEMOCAP_features/Ses01F_script01_1_F024_features.pt,fru
/scratch/users/k24015724/wav2vec_project/outputs/IEMOCAP_features/Ses01F_script01_1_F025_features.pt,fru
/scratch/users/k24015724/wav2vec_project/outputs/IEMOCAP_features/Ses01F_script01_1_F026_features.pt,fru
/scratch/users/k24015724/wav2vec_project/outputs/IEMOCAP_features/Ses01F_script01_1_F027_features.pt,fru
/scratch/users/k24015724/wav2vec_project/outputs/IEMOCAP_features/Ses01F_script01_1_F028_features.pt,fru
/scratch/users/k24015724/wav2vec_project/outputs/IEMOCAP_features/Ses01F_script01_1_F029_features.pt,fru
/scratch/users/k24015724/wav2vec_project/outputs/IEMOCAP_features/Ses01F_script01_1_F030_features.pt,fru
/scratch/users/k24015724/wav2vec_project/outputs/IEMOCAP_features/Ses01F_script01_1_F031_features.pt,fru
/scratch/users/k24015724/wav2vec_project/outputs/IEMOCAP_features/Ses01F_script01_1_F032_features.pt,fru
/scratch/users/k24015724/wav2vec_project/outputs/IEMOCAP_features/Ses01F_script01_1_F033_features.pt,fru
/scratch/users/k24015724/wav2vec_project/outputs/IEMOCAP_features/Ses01F_script01_1_F034_features.pt,neu
/scratch/users/k24015724/wav2vec_project/outputs/IEMOCAP_features/Ses01F_script01_1_F035_features.pt,ang
/scratch/users/k24015724/wav2vec_project/outputs/IEMOCAP_features/Ses01F_script01_1_F037_features.pt,ang
/scratch/users/k24015724/wav2vec_project/outputs/IEMOCAP_features/Ses01F_script01_1_F038_features.pt,ang
/scratch/users/k24015724/wav2vec_project/outputs/IEMOCAP_features/Ses01F_script01_1_F039_features.pt,fru
/scratch/users/k24015724/wav2vec_project/outputs/IEMOCAP_features/Ses01F_script01_1_F040_features.pt,fru
/scratch/users/k24015724/wav2vec_project/outputs/IEMOCAP_features/Ses01F_script01_1_F041_features.pt,ang
/scratch/users/k24015724/wav2vec_project/outputs/IEMOCAP_features/Ses01F_script01_1_F042_features.pt,ang
/scratch/users/k24015724/wav2vec_project/outputs/IEMOCAP_features/Ses01F_script01_1_F043_features.pt,fru
/scratch/users/k24015724/wav2vec_project/outputs/IEMOCAP_features/Ses01F_script01_1_F044_features.pt,fru
/scratch/users/k24015724/wav2vec_project/outputs/IEMOCAP_features/Ses01F_script01_1_M000_features.pt,neu
/scratch/users/k24015724/wav2vec_project/outputs/IEMOCAP_features/Ses01F_script01_1_M001_features.pt,neu
/scratch/users/k24015724/wav2vec_project/outputs/IEMOCAP_features/Ses01F_script01_1_M002_features.pt,neu
/scratch/users/k24015724/wav2vec_project/outputs/IEMOCAP_features/Ses01F_script01_1_M003_features.pt,neu
/scratch/users/k24015724/wav2vec_project/outputs/IEMOCAP_features/Ses01F_script01_1_M004_features.pt,neu
/scratch/users/k24015724/wav2vec_project/outputs/IEMOCAP_features/Ses01F_script01_1_M005_features.pt,fru
/scratch/users/k24015724/wav2vec_project/outputs/IEMOCAP_features/Ses01F_script01_1_M007_features.pt,neu
/scratch/users/k24015724/wav2vec_project/outputs/IEMOCAP_features/Ses01F_script01_1_M008_features.pt,fru
/scratch/users/k24015724/wav2vec_project/outputs/IEMOCAP_features/Ses01F_script01_1_M009_features.pt,fru
/scratch/users/k24015724/wav2vec_project/outputs/IEMOCAP_features/Ses01F_script01_1_M010_features.pt,neu
/scratch/users/k24015724/wav2vec_project/outputs/IEMOCAP_features/Ses01F_script01_1_M011_features.pt,fru
/scratch/users/k24015724/wav2vec_project/outputs/IEMOCAP_features/Ses01F_script01_1_M012_features.pt,neu
/scratch/users/k24015724/wav2vec_project/outputs/IEMOCAP_features/Ses01F_script01_1_M013_features.pt,fru
/scratch/users/k24015724/wav2vec_project/outputs/IEMOCAP_features/Ses01F_script01_1_M014_features.pt,neu
/scratch/users/k24015724/wav2vec_project/outputs/IEMOCAP_features/Ses01F_script01_1_M015_features.pt,neu
/scratch/users/k24015724/wav2vec_project/outputs/IEMOCAP_features/Ses01F_script01_1_M016_features.pt,neu
/scratch/users/k24015724/wav2vec_project/outputs/IEMOCAP_features/Ses01F_script01_1_M017_features.pt,neu
/scratch/users/k24015724/wav2vec_project/outputs/IEMOCAP_features/Ses01F_script01_1_M018_features.pt,fru
/scratch/users/k24015724/wav2vec_project/outputs/IEMOCAP_features/Ses01F_script01_1_M019_features.pt,ang
/scratch/users/k24015724/wav2vec_project/outputs/IEMOCAP_features/Ses01F_script01_1_M020_features.pt,fru
/scratch/users/k24015724/wav2vec_project/outputs/IEMOCAP_features/Ses01F_script01_1_M021_features.pt,fru
/scratch/users/k24015724/wav2vec_project/outputs/IEMOCAP_features/Ses01F_script01_1_M022_features.pt,fru
/scratch/users/k24015724/wav2vec_project/outputs/IEMOCAP_features/Ses01F_script01_1_M023_features.pt,neu
/scratch/users/k24015724/wav2vec_project/outputs/IEMOCAP_features/Ses01F_script01_1_M024_features.pt,neu
/scratch/users/k24015724/wav2vec_project/outputs/IEMOCAP_features/Ses01F_script01_1_M025_features.pt,neu
/scratch/users/k24015724/wav2vec_project/outputs/IEMOCAP_features/Ses01F_script01_1_M026_features.pt,fru
/scratch/users/k24015724/wav2vec_project/outputs/IEMOCAP_features/Ses01F_script01_1_M027_features.pt,fru
/scratch/users/k24015724/wav2vec_project/outputs/IEMOCAP_features/Ses01F_script01_1_M028_features.pt,fru
/scratch/users/k24015724/wav2vec_project/outputs/IEMOCAP_features/Ses01F_script01_1_M029_features.pt,fru
/scratch/users/k24015724/wav2vec_project/outputs/IEMOCAP_features/Ses01F_script01_1_M030_features.pt,fru
/scratch/users/k24015724/wav2vec_project/outputs/IEMOCAP_features/Ses01F_script01_1_M031_features.pt,fru
/scratch/users/k24015724/wav2vec_project/outputs/IEMOCAP_features/Ses01F_script01_1_M032_features.pt,fru
/scratch/users/k24015724/wav2vec_project/outputs/IEMOCAP_features/Ses01F_script01_1_M033_features.pt,fru
/scratch/users/k24015724/wav2vec_project/outputs/IEMOCAP_features/Ses01F_script01_1_M034_features.pt,neu
/scratch/users/k24015724/wav2vec_project/outputs/IEMOCAP_features/Ses01F_script01_1_M035_features.pt,fru
/scratch/users/k24015724/wav2vec_project/outputs/IEMOCAP_features/Ses01F_script01_1_M036_features.pt,fru
/scratch/users/k24015724/wav2vec_project/outputs/IEMOCAP_features/Ses01F_script01_1_M037_features.pt,fru
/scratch/users/k24015724/wav2vec_project/outputs/IEMOCAP_features/Ses01F_script01_1_M038_features.pt,fru
/scratch/users/k24015724/wav2vec_project/outputs/IEMOCAP_features/Ses01F_script01_1_M039_features.pt,neu
/scratch/users/k24015724/wav2vec_project/outputs/IEMOCAP_features/Ses01F_script01_1_M040_features.pt,neu
/scratch/users/k24015724/wav2vec_project/outputs/IEMOCAP_features/Ses01F_script01_1_M041_features.pt,fru
/scratch/users/k24015724/wav2vec_project/outputs/IEMOCAP_features/Ses01F_script01_1_M042_features.pt,fru
/scratch/users/k24015724/wav2vec_project/outputs/IEMOCAP_features/Ses01F_script01_1_M043_features.pt,fru
/scratch/users/k24015724/wav2vec_project/outputs/IEMOCAP_features/Ses01F_script01_2_F003_features.pt,ang
/scratch/users/k24015724/wav2vec_project/outputs/IEMOCAP_features/Ses01F_script01_2_F004_features.pt,ang
/scratch/users/k24015724/wav2vec_project/outputs/IEMOCAP_features/Ses01F_script01_2_F005_features.pt,ang
/scratch/users/k24015724/wav2vec_project/outputs/IEMOCAP_features/Ses01F_script01_2_F006_features.pt,ang
/scratch/users/k24015724/wav2vec_project/outputs/IEMOCAP_features/Ses01F_script01_2_F007_features.pt,ang
/scratch/users/k24015724/wav2vec_project/outputs/IEMOCAP_features/Ses01F_script01_2_F008_features.pt,ang
/scratch/users/k24015724/wav2vec_project/outputs/IEMOCAP_features/Ses01F_script01_2_F009_features.pt,ang
/scratch/users/k24015724/wav2vec_project/outputs/IEMOCAP_features/Ses01F_script01_2_F010_features.pt,ang
/scratch/users/k24015724/wav2vec_project/outputs/IEMOCAP_features/Ses01F_script01_2_F011_features.pt,ang
/scratch/users/k24015724/wav2vec_project/outputs/IEMOCAP_features/Ses01F_script01_2_F012_features.pt,ang
/scratch/users/k24015724/wav2vec_project/outputs/IEMOCAP_features/Ses01F_script01_2_F013_features.pt,ang
/scratch/users/k24015724/wav2vec_project/outputs/IEMOCAP_features/Ses01F_script01_2_F014_features.pt,fru
/scratch/users/k24015724/wav2vec_project/outputs/IEMOCAP_features/Ses01F_script01_2_M001_features.pt,neu
/scratch/users/k24015724/wav2vec_project/outputs/IEMOCAP_features/Ses01F_script01_2_M003_features.pt,fru
/scratch/users/k24015724/wav2vec_project/outputs/IEMOCAP_features/Ses01F_script01_2_M004_features.pt,neu
/scratch/users/k24015724/wav2vec_project/outputs/IEMOCAP_features/Ses01F_script01_2_M006_features.pt,fru
/scratch/users/k24015724/wav2vec_project/outputs/IEMOCAP_features/Ses01F_script01_2_M007_features.pt,fru
/scratch/users/k24015724/wav2vec_project/outputs/IEMOCAP_features/Ses01F_script01_2_M008_features.pt,neu
/scratch/users/k24015724/wav2vec_project/outputs/IEMOCAP_features/Ses01F_script01_2_M009_features.pt,fru
/scratch/users/k24015724/wav2vec_project/outputs/IEMOCAP_features/Ses01F_script01_2_M010_features.pt,fru
/scratch/users/k24015724/wav2vec_project/outputs/IEMOCAP_features/Ses01F_script01_2_M011_features.pt,fru
/scratch/users/k24015724/wav2vec_project/outputs/IEMOCAP_features/Ses01F_script01_2_M012_features.pt,fru
/scratch/users/k24015724/wav2vec_project/outputs/IEMOCAP_features/Ses01F_script01_2_M013_features.pt,fru
/scratch/users/k24015724/wav2vec_project/outputs/IEMOCAP_features/Ses01F_script01_2_M014_features.pt,fru
/scratch/users/k24015724/wav2vec_project/outputs/IEMOCAP_features/Ses01F_script01_2_M015_features.pt,fru
/scratch/users/k24015724/wav2vec_project/outputs/IEMOCAP_features/Ses01F_script01_2_M017_features.pt,ang
/scratch/users/k24015724/wav2vec_project/outputs/IEMOCAP_features/Ses01F_script01_3_F000_features.pt,neu
/scratch/users/k24015724/wav2vec_project/outputs/IEMOCAP_features/Ses01F_script01_3_F001_features.pt,neu
/scratch/users/k24015724/wav2vec_project/outputs/IEMOCAP_features/Ses01F_script01_3_F002_features.pt,neu
/scratch/users/k24015724/wav2vec_project/outputs/IEMOCAP_features/Ses01F_script01_3_F003_features.pt,neu
/scratch/users/k24015724/wav2vec_project/outputs/IEMOCAP_features/Ses01F_script01_3_F004_features.pt,neu
/scratch/users/k24015724/wav2vec_project/outputs/IEMOCAP_features/Ses01F_script01_3_F005_features.pt,neu
/scratch/users/k24015724/wav2vec_project/outputs/IEMOCAP_features/Ses01F_script01_3_F006_features.pt,neu
/scratch/users/k24015724/wav2vec_project/outputs/IEMOCAP_features/Ses01F_script01_3_F007_features.pt,neu
/scratch/users/k24015724/wav2vec_project/outputs/IEMOCAP_features/Ses01F_script01_3_F008_features.pt,neu
/scratch/users/k24015724/wav2vec_project/outputs/IEMOCAP_features/Ses01F_script01_3_F009_features.pt,neu
/scratch/users/k24015724/wav2vec_project/outputs/IEMOCAP_features/Ses01F_script01_3_F010_features.pt,hap
/scratch/users/k24015724/wav2vec_project/outputs/IEMOCAP_features/Ses01F_script01_3_F011_features.pt,hap
/scratch/users/k24015724/wav2vec_project/outputs/IEMOCAP_features/Ses01F_script01_3_F012_features.pt,hap
/scratch/users/k24015724/wav2vec_project/outputs/IEMOCAP_features/Ses01F_script01_3_F013_features.pt,hap
/scratch/users/k24015724/wav2vec_project/outputs/IEMOCAP_features/Ses01F_script01_3_F014_features.pt,neu
/scratch/users/k24015724/wav2vec_project/outputs/IEMOCAP_features/Ses01F_script01_3_F015_features.pt,neu
/scratch/users/k24015724/wav2vec_project/outputs/IEMOCAP_features/Ses01F_script01_3_F016_features.pt,neu
/scratch/users/k24015724/wav2vec_project/outputs/IEMOCAP_features/Ses01F_script01_3_F017_features.pt,hap
/scratch/users/k24015724/wav2vec_project/outputs/IEMOCAP_features/Ses01F_script01_3_F019_features.pt,hap
/scratch/users/k24015724/wav2vec_project/outputs/IEMOCAP_features/Ses01F_script01_3_F020_features.pt,hap
/scratch/users/k24015724/wav2vec_project/outputs/IEMOCAP_features/Ses01F_script01_3_F021_features.pt,hap
/scratch/users/k24015724/wav2vec_project/outputs/IEMOCAP_features/Ses01F_script01_3_F022_features.pt,neu
/scratch/users/k24015724/wav2vec_project/outputs/IEMOCAP_features/Ses01F_script01_3_F028_features.pt,neu
/scratch/users/k24015724/wav2vec_project/outputs/IEMOCAP_features/Ses01F_script01_3_F029_features.pt,neu
/scratch/users/k24015724/wav2vec_project/outputs/IEMOCAP_features/Ses01F_script01_3_F030_features.pt,sad
/scratch/users/k24015724/wav2vec_project/outputs/IEMOCAP_features/Ses01F_script01_3_F031_features.pt,neu
/scratch/users/k24015724/wav2vec_project/outputs/IEMOCAP_features/Ses01F_script01_3_F035_features.pt,hap
/scratch/users/k24015724/wav2vec_project/outputs/IEMOCAP_features/Ses01F_script01_3_M000_features.pt,neu
/scratch/users/k24015724/wav2vec_project/outputs/IEMOCAP_features/Ses01F_script01_3_M001_features.pt,neu
/scratch/users/k24015724/wav2vec_project/outputs/IEMOCAP_features/Ses01F_script01_3_M003_features.pt,neu
/scratch/users/k24015724/wav2vec_project/outputs/IEMOCAP_features/Ses01F_script01_3_M004_features.pt,neu
/scratch/users/k24015724/wav2vec_project/outputs/IEMOCAP_features/Ses01F_script01_3_M005_features.pt,neu
/scratch/users/k24015724/wav2vec_project/outputs/IEMOCAP_features/Ses01F_script01_3_M008_features.pt,hap
/scratch/users/k24015724/wav2vec_project/outputs/IEMOCAP_features/Ses01F_script01_3_M009_features.pt,hap
/scratch/users/k24015724/wav2vec_project/outputs/IEMOCAP_features/Ses01F_script01_3_M010_features.pt,hap
/scratch/users/k24015724/wav2vec_project/outputs/IEMOCAP_features/Ses01F_script01_3_M015_features.pt,hap
/scratch/users/k24015724/wav2vec_project/outputs/IEMOCAP_features/Ses01F_script01_3_M016_features.pt,hap
/scratch/users/k24015724/wav2vec_project/outputs/IEMOCAP_features/Ses01F_script01_3_M017_features.pt,hap
/scratch/users/k24015724/wav2vec_project/outputs/IEMOCAP_features/Ses01F_script01_3_M019_features.pt,hap
/scratch/users/k24015724/wav2vec_project/outputs/IEMOCAP_features/Ses01F_script01_3_M020_features.pt,hap
/scratch/users/k24015724/wav2vec_project/outputs/IEMOCAP_features/Ses01F_script01_3_M021_features.pt,sad
/scratch/users/k24015724/wav2vec_project/outputs/IEMOCAP_features/Ses01F_script01_3_M022_features.pt,sad
/scratch/users/k24015724/wav2vec_project/outputs/IEMOCAP_features/Ses01F_script01_3_M023_features.pt,sad
/scratch/users/k24015724/wav2vec_project/outputs/IEMOCAP_features/Ses01F_script01_3_M024_features.pt,sad
/scratch/users/k24015724/wav2vec_project/outputs/IEMOCAP_features/Ses01F_script01_3_M025_features.pt,sad
/scratch/users/k24015724/wav2vec_project/outputs/IEMOCAP_features/Ses01F_script01_3_M026_features.pt,sad
/scratch/users/k24015724/wav2vec_project/outputs/IEMOCAP_features/Ses01F_script01_3_M027_features.pt,sad
/scratch/users/k24015724/wav2vec_project/outputs/IEMOCAP_features/Ses01F_script01_3_M028_features.pt,sad
/scratch/users/k24015724/wav2vec_project/outputs/IEMOCAP_features/Ses01F_script01_3_M029_features.pt,sad
/scratch/users/k24015724/wav2vec_project/outputs/IEMOCAP_features/Ses01F_script01_3_M030_features.pt,sad
/scratch/users/k24015724/wav2vec_project/outputs/IEMOCAP_features/Ses01F_script01_3_M032_features.pt,sad
/scratch/users/k24015724/wav2vec_project/outputs/IEMOCAP_features/Ses01F_script01_3_M033_features.pt,sad
/scratch/users/k24015724/wav2vec_project/outputs/IEMOCAP_features/Ses01F_script01_3_M036_features.pt,sad
/scratch/users/k24015724/wav2vec_project/outputs/IEMOCAP_features/Ses01F_script01_3_M037_features.pt,neu
/scratch/users/k24015724/wav2vec_project/outputs/IEMOCAP_features/Ses01F_script02_1_F000_features.pt,neu
/scratch/users/k24015724/wav2vec_project/outputs/IEMOCAP_features/Ses01F_script02_1_F001_features.pt,fru
/scratch/users/k24015724/wav2vec_project/outputs/IEMOCAP_features/Ses01F_script02_1_F004_features.pt,neu
/scratch/users/k24015724/wav2vec_project/outputs/IEMOCAP_features/Ses01F_script02_1_F006_features.pt,ang
/scratch/users/k24015724/wav2vec_project/outputs/IEMOCAP_features/Ses01F_script02_1_F007_features.pt,ang
/scratch/users/k24015724/wav2vec_project/outputs/IEMOCAP_features/Ses01F_script02_1_F008_features.pt,neu
/scratch/users/k24015724/wav2vec_project/outputs/IEMOCAP_features/Ses01F_script02_1_F009_features.pt,hap
/scratch/users/k24015724/wav2vec_project/outputs/IEMOCAP_features/Ses01F_script02_1_F010_features.pt,sad
/scratch/users/k24015724/wav2vec_project/outputs/IEMOCAP_features/Ses01F_script02_1_F014_features.pt,fru
/scratch/users/k24015724/wav2vec_project/outputs/IEMOCAP_features/Ses01F_script02_1_F015_features.pt,neu
/scratch/users/k24015724/wav2vec_project/outputs/IEMOCAP_features/Ses01F_script02_1_F017_features.pt,fru
/scratch/users/k24015724/wav2vec_project/outputs/IEMOCAP_features/Ses01F_script02_1_F019_features.pt,fru
/scratch/users/k24015724/wav2vec_project/outputs/IEMOCAP_features/Ses01F_script02_1_F021_features.pt,fru
/scratch/users/k24015724/wav2vec_project/outputs/IEMOCAP_features/Ses01F_script02_1_F023_features.pt,fru
/scratch/users/k24015724/wav2vec_project/outputs/IEMOCAP_features/Ses01F_script02_1_F024_features.pt,neu
/scratch/users/k24015724/wav2vec_project/outputs/IEMOCAP_features/Ses01F_script02_1_F025_features.pt,neu
/scratch/users/k24015724/wav2vec_project/outputs/IEMOCAP_features/Ses01F_script02_1_M007_features.pt,neu
/scratch/users/k24015724/wav2vec_project/outputs/IEMOCAP_features/Ses01F_script02_1_M008_features.pt,neu
/scratch/users/k24015724/wav2vec_project/outputs/IEMOCAP_features/Ses01F_script02_1_M009_features.pt,neu
/scratch/users/k24015724/wav2vec_project/outputs/IEMOCAP_features/Ses01F_script02_1_M010_features.pt,neu
/scratch/users/k24015724/wav2vec_project/outputs/IEMOCAP_features/Ses01F_script02_1_M011_features.pt,neu
/scratch/users/k24015724/wav2vec_project/outputs/IEMOCAP_features/Ses01F_script02_1_M012_features.pt,fru
/scratch/users/k24015724/wav2vec_project/outputs/IEMOCAP_features/Ses01F_script02_1_M013_features.pt,neu
/scratch/users/k24015724/wav2vec_project/outputs/IEMOCAP_features/Ses01F_script02_1_M014_features.pt,neu
/scratch/users/k24015724/wav2vec_project/outputs/IEMOCAP_features/Ses01F_script02_1_M015_features.pt,neu
/scratch/users/k24015724/wav2vec_project/outputs/IEMOCAP_features/Ses01F_script02_1_M018_features.pt,fru
/scratch/users/k24015724/wav2vec_project/outputs/IEMOCAP_features/Ses01F_script02_1_M020_features.pt,neu
/scratch/users/k24015724/wav2vec_project/outputs/IEMOCAP_features/Ses01F_script02_1_M021_features.pt,neu
/scratch/users/k24015724/wav2vec_project/outputs/IEMOCAP_features/Ses01F_script02_1_M022_features.pt,fru
/scratch/users/k24015724/wav2vec_project/outputs/IEMOCAP_features/Ses01F_script02_1_M023_features.pt,neu
/scratch/users/k24015724/wav2vec_project/outputs/IEMOCAP_features/Ses01F_script02_1_M024_features.pt,neu
/scratch/users/k24015724/wav2vec_project/outputs/IEMOCAP_features/Ses01F_script02_1_M025_features.pt,neu
/scratch/users/k24015724/wav2vec_project/outputs/IEMOCAP_features/Ses01F_script02_1_M026_features.pt,neu
/scratch/users/k24015724/wav2vec_project/outputs/IEMOCAP_features/Ses01F_script02_1_M027_features.pt,fru
/scratch/users/k24015724/wav2vec_project/outputs/IEMOCAP_features/Ses01F_script02_1_M029_features.pt,neu
/scratch/users/k24015724/wav2vec_project/outputs/IEMOCAP_features/Ses01F_script02_1_M031_features.pt,neu
/scratch/users/k24015724/wav2vec_project/outputs/IEMOCAP_features/Ses01F_script02_1_M032_features.pt,neu
/scratch/users/k24015724/wav2vec_project/outputs/IEMOCAP_features/Ses01F_script02_1_M033_features.pt,neu
/scratch/users/k24015724/wav2vec_project/outputs/IEMOCAP_features/Ses01F_script02_1_M034_features.pt,neu
/scratch/users/k24015724/wav2vec_project/outputs/IEMOCAP_features/Ses01F_script02_1_M036_features.pt,hap
/scratch/users/k24015724/wav2vec_project/outputs/IEMOCAP_features/Ses01F_script02_1_M043_features.pt,hap
/scratch/users/k24015724/wav2vec_project/outputs/IEMOCAP_features/Ses01F_script02_1_M044_features.pt,hap
/scratch/users/k24015724/wav2vec_project/outputs/IEMOCAP_features/Ses01F_script02_2_F000_features.pt,neu
/scratch/users/k24015724/wav2vec_project/outputs/IEMOCAP_features/Ses01F_script02_2_F001_features.pt,neu
/scratch/users/k24015724/wav2vec_project/outputs/IEMOCAP_features/Ses01F_script02_2_F006_features.pt,ang
/scratch/users/k24015724/wav2vec_project/outputs/IEMOCAP_features/Ses01F_script02_2_F007_features.pt,fru
/scratch/users/k24015724/wav2vec_project/outputs/IEMOCAP_features/Ses01F_script02_2_F008_features.pt,ang
/scratch/users/k24015724/wav2vec_project/outputs/IEMOCAP_features/Ses01F_script02_2_F009_features.pt,ang
/scratch/users/k24015724/wav2vec_project/outputs/IEMOCAP_features/Ses01F_script02_2_F010_features.pt,ang
/scratch/users/k24015724/wav2vec_project/outputs/IEMOCAP_features/Ses01F_script02_2_F012_features.pt,fru
/scratch/users/k24015724/wav2vec_project/outputs/IEMOCAP_features/Ses01F_script02_2_F013_features.pt,fru
/scratch/users/k24015724/wav2vec_project/outputs/IEMOCAP_features/Ses01F_script02_2_F015_features.pt,sad
/scratch/users/k24015724/wav2vec_project/outputs/IEMOCAP_features/Ses01F_script02_2_F016_features.pt,ang
/scratch/users/k24015724/wav2vec_project/outputs/IEMOCAP_features/Ses01F_script02_2_F017_features.pt,neu
/scratch/users/k24015724/wav2vec_project/outputs/IEMOCAP_features/Ses01F_script02_2_F019_features.pt,hap
/scratch/users/k24015724/wav2vec_project/outputs/IEMOCAP_features/Ses01F_script02_2_F021_features.pt,fru
/scratch/users/k24015724/wav2vec_project/outputs/IEMOCAP_features/Ses01F_script02_2_F022_features.pt,sad
/scratch/users/k24015724/wav2vec_project/outputs/IEMOCAP_features/Ses01F_script02_2_F023_features.pt,neu
/scratch/users/k24015724/wav2vec_project/outputs/IEMOCAP_features/Ses01F_script02_2_F025_features.pt,fru
/scratch/users/k24015724/wav2vec_project/outputs/IEMOCAP_features/Ses01F_script02_2_F026_features.pt,neu
/scratch/users/k24015724/wav2vec_project/outputs/IEMOCAP_features/Ses01F_script02_2_F027_features.pt,fru
/scratch/users/k24015724/wav2vec_project/outputs/IEMOCAP_features/Ses01F_script02_2_F029_features.pt,fru
/scratch/users/k24015724/wav2vec_project/outputs/IEMOCAP_features/Ses01F_script02_2_F030_features.pt,fru
/scratch/users/k24015724/wav2vec_project/outputs/IEMOCAP_features/Ses01F_script02_2_F032_features.pt,fru
/scratch/users/k24015724/wav2vec_project/outputs/IEMOCAP_features/Ses01F_script02_2_F033_features.pt,fru
/scratch/users/k24015724/wav2vec_project/outputs/IEMOCAP_features/Ses01F_script02_2_F034_features.pt,sad
/scratch/users/k24015724/wav2vec_project/outputs/IEMOCAP_features/Ses01F_script02_2_F035_features.pt,sad
/scratch/users/k24015724/wav2vec_project/outputs/IEMOCAP_features/Ses01F_script02_2_F036_features.pt,sad
/scratch/users/k24015724/wav2vec_project/outputs/IEMOCAP_features/Ses01F_script02_2_F040_features.pt,sad
/scratch/users/k24015724/wav2vec_project/outputs/IEMOCAP_features/Ses01F_script02_2_F041_features.pt,neu
/scratch/users/k24015724/wav2vec_project/outputs/IEMOCAP_features/Ses01F_script02_2_F042_features.pt,hap
/scratch/users/k24015724/wav2vec_project/outputs/IEMOCAP_features/Ses01F_script02_2_F043_features.pt,hap
/scratch/users/k24015724/wav2vec_project/outputs/IEMOCAP_features/Ses01F_script02_2_F044_features.pt,hap
/scratch/users/k24015724/wav2vec_project/outputs/IEMOCAP_features/Ses01F_script02_2_F045_features.pt,hap
/scratch/users/k24015724/wav2vec_project/outputs/IEMOCAP_features/Ses01F_script02_2_F046_features.pt,sad
/scratch/users/k24015724/wav2vec_project/outputs/IEMOCAP_features/Ses01F_script02_2_F047_features.pt,neu
/scratch/users/k24015724/wav2vec_project/outputs/IEMOCAP_features/Ses01F_script02_2_M002_features.pt,neu
/scratch/users/k24015724/wav2vec_project/outputs/IEMOCAP_features/Ses01F_script02_2_M004_features.pt,fru
/scratch/users/k24015724/wav2vec_project/outputs/IEMOCAP_features/Ses01F_script02_2_M006_features.pt,neu
/scratch/users/k24015724/wav2vec_project/outputs/IEMOCAP_features/Ses01F_script02_2_M007_features.pt,fru
/scratch/users/k24015724/wav2vec_project/outputs/IEMOCAP_features/Ses01F_script02_2_M008_features.pt,fru
/scratch/users/k24015724/wav2vec_project/outputs/IEMOCAP_features/Ses01F_script02_2_M009_features.pt,fru
/scratch/users/k24015724/wav2vec_project/outputs/IEMOCAP_features/Ses01F_script02_2_M010_features.pt,fru
/scratch/users/k24015724/wav2vec_project/outputs/IEMOCAP_features/Ses01F_script02_2_M011_features.pt,fru
/scratch/users/k24015724/wav2vec_project/outputs/IEMOCAP_features/Ses01F_script02_2_M013_features.pt,fru
/scratch/users/k24015724/wav2vec_project/outputs/IEMOCAP_features/Ses01F_script02_2_M014_features.pt,fru
/scratch/users/k24015724/wav2vec_project/outputs/IEMOCAP_features/Ses01F_script02_2_M015_features.pt,fru
/scratch/users/k24015724/wav2vec_project/outputs/IEMOCAP_features/Ses01F_script02_2_M016_features.pt,neu
/scratch/users/k24015724/wav2vec_project/outputs/IEMOCAP_features/Ses01F_script02_2_M017_features.pt,neu
/scratch/users/k24015724/wav2vec_project/outputs/IEMOCAP_features/Ses01F_script02_2_M019_features.pt,neu
/scratch/users/k24015724/wav2vec_project/outputs/IEMOCAP_features/Ses01F_script02_2_M020_features.pt,fru
/scratch/users/k24015724/wav2vec_project/outputs/IEMOCAP_features/Ses01F_script02_2_M021_features.pt,neu
/scratch/users/k24015724/wav2vec_project/outputs/IEMOCAP_features/Ses01F_script02_2_M022_features.pt,neu
/scratch/users/k24015724/wav2vec_project/outputs/IEMOCAP_features/Ses01F_script02_2_M023_features.pt,neu
/scratch/users/k24015724/wav2vec_project/outputs/IEMOCAP_features/Ses01F_script02_2_M024_features.pt,hap
/scratch/users/k24015724/wav2vec_project/outputs/IEMOCAP_features/Ses01F_script02_2_M026_features.pt,hap
/scratch/users/k24015724/wav2vec_project/outputs/IEMOCAP_features/Ses01F_script02_2_M031_features.pt,fru
/scratch/users/k24015724/wav2vec_project/outputs/IEMOCAP_features/Ses01F_script02_2_M032_features.pt,fru
/scratch/users/k24015724/wav2vec_project/outputs/IEMOCAP_features/Ses01F_script02_2_M033_features.pt,neu
/scratch/users/k24015724/wav2vec_project/outputs/IEMOCAP_features/Ses01F_script02_2_M035_features.pt,fru
/scratch/users/k24015724/wav2vec_project/outputs/IEMOCAP_features/Ses01F_script02_2_M036_features.pt,fru
/scratch/users/k24015724/wav2vec_project/outputs/IEMOCAP_features/Ses01F_script02_2_M037_features.pt,sad
/scratch/users/k24015724/wav2vec_project/outputs/IEMOCAP_features/Ses01F_script02_2_M038_features.pt,sad
/scratch/users/k24015724/wav2vec_project/outputs/IEMOCAP_features/Ses01F_script02_2_M040_features.pt,neu
/scratch/users/k24015724/wav2vec_project/outputs/IEMOCAP_features/Ses01F_script02_2_M041_features.pt,fru
/scratch/users/k24015724/wav2vec_project/outputs/IEMOCAP_features/Ses01F_script02_2_M042_features.pt,neu
/scratch/users/k24015724/wav2vec_project/outputs/IEMOCAP_features/Ses01F_script02_2_M043_features.pt,neu
/scratch/users/k24015724/wav2vec_project/outputs/IEMOCAP_features/Ses01F_script02_2_M044_features.pt,hap
/scratch/users/k24015724/wav2vec_project/outputs/IEMOCAP_features/Ses01F_script02_2_M046_features.pt,hap
/scratch/users/k24015724/wav2vec_project/outputs/IEMOCAP_features/Ses01F_script02_2_M047_features.pt,neu
/scratch/users/k24015724/wav2vec_project/outputs/IEMOCAP_features/Ses01F_script02_2_M048_features.pt,neu
/scratch/users/k24015724/wav2vec_project/outputs/IEMOCAP_features/Ses01F_script02_2_M049_features.pt,hap
/scratch/users/k24015724/wav2vec_project/outputs/IEMOCAP_features/Ses01F_script03_1_F005_features.pt,hap
/scratch/users/k24015724/wav2vec_project/outputs/IEMOCAP_features/Ses01F_script03_1_F010_features.pt,hap
/scratch/users/k24015724/wav2vec_project/outputs/IEMOCAP_features/Ses01F_script03_1_F011_features.pt,hap
/scratch/users/k24015724/wav2vec_project/outputs/IEMOCAP_features/Ses01F_script03_1_F020_features.pt,hap
/scratch/users/k24015724/wav2vec_project/outputs/IEMOCAP_features/Ses01F_script03_1_F021_features.pt,hap
/scratch/users/k24015724/wav2vec_project/outputs/IEMOCAP_features/Ses01F_script03_1_F022_features.pt,hap
/scratch/users/k24015724/wav2vec_project/outputs/IEMOCAP_features/Ses01F_script03_1_F029_features.pt,hap
/scratch/users/k24015724/wav2vec_project/outputs/IEMOCAP_features/Ses01F_script03_1_F030_features.pt,hap
/scratch/users/k24015724/wav2vec_project/outputs/IEMOCAP_features/Ses01F_script03_1_M007_features.pt,hap
/scratch/users/k24015724/wav2vec_project/outputs/IEMOCAP_features/Ses01F_script03_1_M008_features.pt,hap
/scratch/users/k24015724/wav2vec_project/outputs/IEMOCAP_features/Ses01F_script03_1_M009_features.pt,hap
/scratch/users/k24015724/wav2vec_project/outputs/IEMOCAP_features/Ses01F_script03_1_M010_features.pt,hap
/scratch/users/k24015724/wav2vec_project/outputs/IEMOCAP_features/Ses01F_script03_1_M013_features.pt,hap
/scratch/users/k24015724/wav2vec_project/outputs/IEMOCAP_features/Ses01F_script03_1_M018_features.pt,hap
/scratch/users/k24015724/wav2vec_project/outputs/IEMOCAP_features/Ses01F_script03_1_M025_features.pt,hap
/scratch/users/k24015724/wav2vec_project/outputs/IEMOCAP_features/Ses01F_script03_1_M026_features.pt,hap
/scratch/users/k24015724/wav2vec_project/outputs/IEMOCAP_features/Ses01F_script03_1_M034_features.pt,hap
/scratch/users/k24015724/wav2vec_project/outputs/IEMOCAP_features/Ses01F_script03_1_M036_features.pt,hap
/scratch/users/k24015724/wav2vec_project/outputs/IEMOCAP_features/Ses01F_script03_1_M037_features.pt,hap
/scratch/users/k24015724/wav2vec_project/outputs/IEMOCAP_features/Ses01F_script03_2_F000_features.pt,hap
/scratch/users/k24015724/wav2vec_project/outputs/IEMOCAP_features/Ses01F_script03_2_F001_features.pt,hap
/scratch/users/k24015724/wav2vec_project/outputs/IEMOCAP_features/Ses01F_script03_2_F002_features.pt,hap
/scratch/users/k24015724/wav2vec_project/outputs/IEMOCAP_features/Ses01F_script03_2_F004_features.pt,neu
/scratch/users/k24015724/wav2vec_project/outputs/IEMOCAP_features/Ses01F_script03_2_F005_features.pt,neu
/scratch/users/k24015724/wav2vec_project/outputs/IEMOCAP_features/Ses01F_script03_2_F008_features.pt,fru
/scratch/users/k24015724/wav2vec_project/outputs/IEMOCAP_features/Ses01F_script03_2_F013_features.pt,ang
/scratch/users/k24015724/wav2vec_project/outputs/IEMOCAP_features/Ses01F_script03_2_F014_features.pt,ang
/scratch/users/k24015724/wav2vec_project/outputs/IEMOCAP_features/Ses01F_script03_2_F015_features.pt,ang
/scratch/users/k24015724/wav2vec_project/outputs/IEMOCAP_features/Ses01F_script03_2_F016_features.pt,ang
/scratch/users/k24015724/wav2vec_project/outputs/IEMOCAP_features/Ses01F_script03_2_F017_features.pt,ang
/scratch/users/k24015724/wav2vec_project/outputs/IEMOCAP_features/Ses01F_script03_2_F018_features.pt,ang
/scratch/users/k24015724/wav2vec_project/outputs/IEMOCAP_features/Ses01F_script03_2_F021_features.pt,ang
/scratch/users/k24015724/wav2vec_project/outputs/IEMOCAP_features/Ses01F_script03_2_F022_features.pt,ang
/scratch/users/k24015724/wav2vec_project/outputs/IEMOCAP_features/Ses01F_script03_2_F023_features.pt,ang
/scratch/users/k24015724/wav2vec_project/outputs/IEMOCAP_features/Ses01F_script03_2_F024_features.pt,ang
/scratch/users/k24015724/wav2vec_project/outputs/IEMOCAP_features/Ses01F_script03_2_F025_features.pt,ang
/scratch/users/k24015724/wav2vec_project/outputs/IEMOCAP_features/Ses01F_script03_2_F026_features.pt,ang
/scratch/users/k24015724/wav2vec_project/outputs/IEMOCAP_features/Ses01F_script03_2_F027_features.pt,ang
/scratch/users/k24015724/wav2vec_project/outputs/IEMOCAP_features/Ses01F_script03_2_F028_features.pt,ang
/scratch/users/k24015724/wav2vec_project/outputs/IEMOCAP_features/Ses01F_script03_2_F029_features.pt,ang
/scratch/users/k24015724/wav2vec_project/outputs/IEMOCAP_features/Ses01F_script03_2_F030_features.pt,neu
/scratch/users/k24015724/wav2vec_project/outputs/IEMOCAP_features/Ses01F_script03_2_F031_features.pt,neu
/scratch/users/k24015724/wav2vec_project/outputs/IEMOCAP_features/Ses01F_script03_2_F032_features.pt,neu
/scratch/users/k24015724/wav2vec_project/outputs/IEMOCAP_features/Ses01F_script03_2_F034_features.pt,ang
/scratch/users/k24015724/wav2vec_project/outputs/IEMOCAP_features/Ses01F_script03_2_F035_features.pt,ang
/scratch/users/k24015724/wav2vec_project/outputs/IEMOCAP_features/Ses01F_script03_2_F036_features.pt,ang
/scratch/users/k24015724/wav2vec_project/outputs/IEMOCAP_features/Ses01F_script03_2_F037_features.pt,ang
/scratch/users/k24015724/wav2vec_project/outputs/IEMOCAP_features/Ses01F_script03_2_F038_features.pt,ang
/scratch/users/k24015724/wav2vec_project/outputs/IEMOCAP_features/Ses01F_script03_2_F039_features.pt,ang
/scratch/users/k24015724/wav2vec_project/outputs/IEMOCAP_features/Ses01F_script03_2_F040_features.pt,ang
/scratch/users/k24015724/wav2vec_project/outputs/IEMOCAP_features/Ses01F_script03_2_M001_features.pt,neu
/scratch/users/k24015724/wav2vec_project/outputs/IEMOCAP_features/Ses01F_script03_2_M002_features.pt,neu
/scratch/users/k24015724/wav2vec_project/outputs/IEMOCAP_features/Ses01F_script03_2_M004_features.pt,neu
/scratch/users/k24015724/wav2vec_project/outputs/IEMOCAP_features/Ses01F_script03_2_M005_features.pt,fru
/scratch/users/k24015724/wav2vec_project/outputs/IEMOCAP_features/Ses01F_script03_2_M007_features.pt,ang
/scratch/users/k24015724/wav2vec_project/outputs/IEMOCAP_features/Ses01F_script03_2_M009_features.pt,fru
/scratch/users/k24015724/wav2vec_project/outputs/IEMOCAP_features/Ses01F_script03_2_M010_features.pt,neu
/scratch/users/k24015724/wav2vec_project/outputs/IEMOCAP_features/Ses01F_script03_2_M011_features.pt,neu
/scratch/users/k24015724/wav2vec_project/outputs/IEMOCAP_features/Ses01F_script03_2_M012_features.pt,fru
/scratch/users/k24015724/wav2vec_project/outputs/IEMOCAP_features/Ses01F_script03_2_M013_features.pt,fru
/scratch/users/k24015724/wav2vec_project/outputs/IEMOCAP_features/Ses01F_script03_2_M014_features.pt,ang
/scratch/users/k24015724/wav2vec_project/outputs/IEMOCAP_features/Ses01F_script03_2_M015_features.pt,fru
/scratch/users/k24015724/wav2vec_project/outputs/IEMOCAP_features/Ses01F_script03_2_M016_features.pt,neu
/scratch/users/k24015724/wav2vec_project/outputs/IEMOCAP_features/Ses01F_script03_2_M018_features.pt,neu
/scratch/users/k24015724/wav2vec_project/outputs/IEMOCAP_features/Ses01F_script03_2_M019_features.pt,neu
/scratch/users/k24015724/wav2vec_project/outputs/IEMOCAP_features/Ses01F_script03_2_M020_features.pt,ang
/scratch/users/k24015724/wav2vec_project/outputs/IEMOCAP_features/Ses01F_script03_2_M021_features.pt,ang
/scratch/users/k24015724/wav2vec_project/outputs/IEMOCAP_features/Ses01F_script03_2_M022_features.pt,ang
/scratch/users/k24015724/wav2vec_project/outputs/IEMOCAP_features/Ses01F_script03_2_M023_features.pt,ang
/scratch/users/k24015724/wav2vec_project/outputs/IEMOCAP_features/Ses01F_script03_2_M024_features.pt,ang
/scratch/users/k24015724/wav2vec_project/outputs/IEMOCAP_features/Ses01F_script03_2_M025_features.pt,ang
/scratch/users/k24015724/wav2vec_project/outputs/IEMOCAP_features/Ses01F_script03_2_M026_features.pt,ang
/scratch/users/k24015724/wav2vec_project/outputs/IEMOCAP_features/Ses01F_script03_2_M027_features.pt,ang
/scratch/users/k24015724/wav2vec_project/outputs/IEMOCAP_features/Ses01F_script03_2_M029_features.pt,ang
/scratch/users/k24015724/wav2vec_project/outputs/IEMOCAP_features/Ses01F_script03_2_M030_features.pt,ang
/scratch/users/k24015724/wav2vec_project/outputs/IEMOCAP_features/Ses01F_script03_2_M031_features.pt,neu
/scratch/users/k24015724/wav2vec_project/outputs/IEMOCAP_features/Ses01F_script03_2_M032_features.pt,ang
/scratch/users/k24015724/wav2vec_project/outputs/IEMOCAP_features/Ses01F_script03_2_M033_features.pt,ang
/scratch/users/k24015724/wav2vec_project/outputs/IEMOCAP_features/Ses01F_script03_2_M034_features.pt,ang
/scratch/users/k24015724/wav2vec_project/outputs/IEMOCAP_features/Ses01F_script03_2_M035_features.pt,ang
/scratch/users/k24015724/wav2vec_project/outputs/IEMOCAP_features/Ses01F_script03_2_M036_features.pt,ang
/scratch/users/k24015724/wav2vec_project/outputs/IEMOCAP_features/Ses01F_script03_2_M037_features.pt,ang
/scratch/users/k24015724/wav2vec_project/outputs/IEMOCAP_features/Ses01F_script03_2_M038_features.pt,ang
/scratch/users/k24015724/wav2vec_project/outputs/IEMOCAP_features/Ses01F_script03_2_M039_features.pt,ang
/scratch/users/k24015724/wav2vec_project/outputs/IEMOCAP_features/Ses01F_script03_2_M040_features.pt,ang
/scratch/users/k24015724/wav2vec_project/outputs/IEMOCAP_features/Ses01M_impro01_F000_features.pt,ang
/scratch/users/k24015724/wav2vec_project/outputs/IEMOCAP_features/Ses01M_impro01_F001_features.pt,ang
/scratch/users/k24015724/wav2vec_project/outputs/IEMOCAP_features/Ses01M_impro01_F004_features.pt,fru
/scratch/users/k24015724/wav2vec_project/outputs/IEMOCAP_features/Ses01M_impro01_F007_features.pt,ang
/scratch/users/k24015724/wav2vec_project/outputs/IEMOCAP_features/Ses01M_impro01_F008_features.pt,ang
/scratch/users/k24015724/wav2vec_project/outputs/IEMOCAP_features/Ses01M_impro01_F010_features.pt,fru
/scratch/users/k24015724/wav2vec_project/outputs/IEMOCAP_features/Ses01M_impro01_F011_features.pt,ang
/scratch/users/k24015724/wav2vec_project/outputs/IEMOCAP_features/Ses01M_impro01_F012_features.pt,ang
/scratch/users/k24015724/wav2vec_project/outputs/IEMOCAP_features/Ses01M_impro01_F015_features.pt,fru
/scratch/users/k24015724/wav2vec_project/outputs/IEMOCAP_features/Ses01M_impro01_F019_features.pt,ang
/scratch/users/k24015724/wav2vec_project/outputs/IEMOCAP_features/Ses01M_impro01_F020_features.pt,ang
/scratch/users/k24015724/wav2vec_project/outputs/IEMOCAP_features/Ses01M_impro01_F021_features.pt,ang
/scratch/users/k24015724/wav2vec_project/outputs/IEMOCAP_features/Ses01M_impro01_F022_features.pt,ang
/scratch/users/k24015724/wav2vec_project/outputs/IEMOCAP_features/Ses01M_impro01_F024_features.pt,neu
/scratch/users/k24015724/wav2vec_project/outputs/IEMOCAP_features/Ses01M_impro01_F025_features.pt,neu
/scratch/users/k24015724/wav2vec_project/outputs/IEMOCAP_features/Ses01M_impro01_M000_features.pt,fru
/scratch/users/k24015724/wav2vec_project/outputs/IEMOCAP_features/Ses01M_impro01_M001_features.pt,fru
/scratch/users/k24015724/wav2vec_project/outputs/IEMOCAP_features/Ses01M_impro01_M002_features.pt,fru
/scratch/users/k24015724/wav2vec_project/outputs/IEMOCAP_features/Ses01M_impro01_M003_features.pt,neu
/scratch/users/k24015724/wav2vec_project/outputs/IEMOCAP_features/Ses01M_impro01_M005_features.pt,fru
/scratch/users/k24015724/wav2vec_project/outputs/IEMOCAP_features/Ses01M_impro01_M006_features.pt,fru
/scratch/users/k24015724/wav2vec_project/outputs/IEMOCAP_features/Ses01M_impro01_M007_features.pt,fru
/scratch/users/k24015724/wav2vec_project/outputs/IEMOCAP_features/Ses01M_impro01_M008_features.pt,fru
/scratch/users/k24015724/wav2vec_project/outputs/IEMOCAP_features/Ses01M_impro01_M009_features.pt,fru
/scratch/users/k24015724/wav2vec_project/outputs/IEMOCAP_features/Ses01M_impro01_M010_features.pt,neu
/scratch/users/k24015724/wav2vec_project/outputs/IEMOCAP_features/Ses01M_impro01_M011_features.pt,fru
/scratch/users/k24015724/wav2vec_project/outputs/IEMOCAP_features/Ses01M_impro01_M012_features.pt,fru
/scratch/users/k24015724/wav2vec_project/outputs/IEMOCAP_features/Ses01M_impro01_M013_features.pt,fru
/scratch/users/k24015724/wav2vec_project/outputs/IEMOCAP_features/Ses01M_impro01_M015_features.pt,fru
/scratch/users/k24015724/wav2vec_project/outputs/IEMOCAP_features/Ses01M_impro01_M016_features.pt,fru
/scratch/users/k24015724/wav2vec_project/outputs/IEMOCAP_features/Ses01M_impro01_M017_features.pt,fru
/scratch/users/k24015724/wav2vec_project/outputs/IEMOCAP_features/Ses01M_impro01_M018_features.pt,fru
/scratch/users/k24015724/wav2vec_project/outputs/IEMOCAP_features/Ses01M_impro01_M019_features.pt,fru
/scratch/users/k24015724/wav2vec_project/outputs/IEMOCAP_features/Ses01M_impro01_M020_features.pt,ang
/scratch/users/k24015724/wav2vec_project/outputs/IEMOCAP_features/Ses01M_impro01_M022_features.pt,fru
/scratch/users/k24015724/wav2vec_project/outputs/IEMOCAP_features/Ses01M_impro01_M023_features.pt,fru
/scratch/users/k24015724/wav2vec_project/outputs/IEMOCAP_features/Ses01M_impro01_M025_features.pt,ang
/scratch/users/k24015724/wav2vec_project/outputs/IEMOCAP_features/Ses01M_impro01_M026_features.pt,fru
/scratch/users/k24015724/wav2vec_project/outputs/IEMOCAP_features/Ses01M_impro01_M027_features.pt,fru
/scratch/users/k24015724/wav2vec_project/outputs/IEMOCAP_features/Ses01M_impro01_M028_features.pt,fru
/scratch/users/k24015724/wav2vec_project/outputs/IEMOCAP_features/Ses01M_impro01_M030_features.pt,ang
/scratch/users/k24015724/wav2vec_project/outputs/IEMOCAP_features/Ses01M_impro01_M031_features.pt,ang
/scratch/users/k24015724/wav2vec_project/outputs/IEMOCAP_features/Ses01M_impro01_M032_features.pt,ang
/scratch/users/k24015724/wav2vec_project/outputs/IEMOCAP_features/Ses01M_impro01_M033_features.pt,fru
/scratch/users/k24015724/wav2vec_project/outputs/IEMOCAP_features/Ses01M_impro02_F000_features.pt,neu
/scratch/users/k24015724/wav2vec_project/outputs/IEMOCAP_features/Ses01M_impro02_F003_features.pt,fru
/scratch/users/k24015724/wav2vec_project/outputs/IEMOCAP_features/Ses01M_impro02_F004_features.pt,fru
/scratch/users/k24015724/wav2vec_project/outputs/IEMOCAP_features/Ses01M_impro02_F005_features.pt,fru
/scratch/users/k24015724/wav2vec_project/outputs/IEMOCAP_features/Ses01M_impro02_F006_features.pt,fru
/scratch/users/k24015724/wav2vec_project/outputs/IEMOCAP_features/Ses01M_impro02_F007_features.pt,fru
/scratch/users/k24015724/wav2vec_project/outputs/IEMOCAP_features/Ses01M_impro02_F008_features.pt,fru
/scratch/users/k24015724/wav2vec_project/outputs/IEMOCAP_features/Ses01M_impro02_F009_features.pt,sad
/scratch/users/k24015724/wav2vec_project/outputs/IEMOCAP_features/Ses01M_impro02_F010_features.pt,sad
/scratch/users/k24015724/wav2vec_project/outputs/IEMOCAP_features/Ses01M_impro02_F013_features.pt,sad
/scratch/users/k24015724/wav2vec_project/outputs/IEMOCAP_features/Ses01M_impro02_F015_features.pt,sad
/scratch/users/k24015724/wav2vec_project/outputs/IEMOCAP_features/Ses01M_impro02_F017_features.pt,sad
/scratch/users/k24015724/wav2vec_project/outputs/IEMOCAP_features/Ses01M_impro02_F019_features.pt,sad
/scratch/users/k24015724/wav2vec_project/outputs/IEMOCAP_features/Ses01M_impro02_M000_features.pt,neu
/scratch/users/k24015724/wav2vec_project/outputs/IEMOCAP_features/Ses01M_impro02_M001_features.pt,sad
/scratch/users/k24015724/wav2vec_project/outputs/IEMOCAP_features/Ses01M_impro02_M002_features.pt,sad
/scratch/users/k24015724/wav2vec_project/outputs/IEMOCAP_features/Ses01M_impro02_M003_features.pt,sad
/scratch/users/k24015724/wav2vec_project/outputs/IEMOCAP_features/Ses01M_impro02_M006_features.pt,fru
/scratch/users/k24015724/wav2vec_project/outputs/IEMOCAP_features/Ses01M_impro02_M007_features.pt,sad
/scratch/users/k24015724/wav2vec_project/outputs/IEMOCAP_features/Ses01M_impro02_M009_features.pt,sad
/scratch/users/k24015724/wav2vec_project/outputs/IEMOCAP_features/Ses01M_impro02_M010_features.pt,sad
/scratch/users/k24015724/wav2vec_project/outputs/IEMOCAP_features/Ses01M_impro02_M011_features.pt,sad
/scratch/users/k24015724/wav2vec_project/outputs/IEMOCAP_features/Ses01M_impro02_M012_features.pt,sad
/scratch/users/k24015724/wav2vec_project/outputs/IEMOCAP_features/Ses01M_impro02_M013_features.pt,sad
/scratch/users/k24015724/wav2vec_project/outputs/IEMOCAP_features/Ses01M_impro02_M014_features.pt,sad
/scratch/users/k24015724/wav2vec_project/outputs/IEMOCAP_features/Ses01M_impro02_M015_features.pt,sad
/scratch/users/k24015724/wav2vec_project/outputs/IEMOCAP_features/Ses01M_impro02_M016_features.pt,sad
/scratch/users/k24015724/wav2vec_project/outputs/IEMOCAP_features/Ses01M_impro02_M017_features.pt,sad
/scratch/users/k24015724/wav2vec_project/outputs/IEMOCAP_features/Ses01M_impro02_M018_features.pt,sad
/scratch/users/k24015724/wav2vec_project/outputs/IEMOCAP_features/Ses01M_impro02_M019_features.pt,sad
/scratch/users/k24015724/wav2vec_project/outputs/IEMOCAP_features/Ses01M_impro02_M020_features.pt,sad
/scratch/users/k24015724/wav2vec_project/outputs/IEMOCAP_features/Ses01M_impro02_M021_features.pt,sad
/scratch/users/k24015724/wav2vec_project/outputs/IEMOCAP_features/Ses01M_impro02_M022_features.pt,sad
/scratch/users/k24015724/wav2vec_project/outputs/IEMOCAP_features/Ses01M_impro02_M023_features.pt,sad
/scratch/users/k24015724/wav2vec_project/outputs/IEMOCAP_features/Ses01M_impro02_M025_features.pt,sad
/scratch/users/k24015724/wav2vec_project/outputs/IEMOCAP_features/Ses01M_impro03_F017_features.pt,neu
/scratch/users/k24015724/wav2vec_project/outputs/IEMOCAP_features/Ses01M_impro03_F018_features.pt,neu
/scratch/users/k24015724/wav2vec_project/outputs/IEMOCAP_features/Ses01M_impro03_F021_features.pt,neu
/scratch/users/k24015724/wav2vec_project/outputs/IEMOCAP_features/Ses01M_impro03_M003_features.pt,neu
/scratch/users/k24015724/wav2vec_project/outputs/IEMOCAP_features/Ses01M_impro03_M006_features.pt,neu
/scratch/users/k24015724/wav2vec_project/outputs/IEMOCAP_features/Ses01M_impro03_M014_features.pt,neu
/scratch/users/k24015724/wav2vec_project/outputs/IEMOCAP_features/Ses01M_impro03_M018_features.pt,neu
/scratch/users/k24015724/wav2vec_project/outputs/IEMOCAP_features/Ses01M_impro03_M021_features.pt,neu
/scratch/users/k24015724/wav2vec_project/outputs/IEMOCAP_features/Ses01M_impro04_F000_features.pt,neu
/scratch/users/k24015724/wav2vec_project/outputs/IEMOCAP_features/Ses01M_impro04_F002_features.pt,neu
/scratch/users/k24015724/wav2vec_project/outputs/IEMOCAP_features/Ses01M_impro04_F003_features.pt,neu
/scratch/users/k24015724/wav2vec_project/outputs/IEMOCAP_features/Ses01M_impro04_F004_features.pt,neu
/scratch/users/k24015724/wav2vec_project/outputs/IEMOCAP_features/Ses01M_impro04_F005_features.pt,neu
/scratch/users/k24015724/wav2vec_project/outputs/IEMOCAP_features/Ses01M_impro04_F006_features.pt,neu
/scratch/users/k24015724/wav2vec_project/outputs/IEMOCAP_features/Ses01M_impro04_F007_features.pt,neu
/scratch/users/k24015724/wav2vec_project/outputs/IEMOCAP_features/Ses01M_impro04_F008_features.pt,neu
/scratch/users/k24015724/wav2vec_project/outputs/IEMOCAP_features/Ses01M_impro04_F009_features.pt,neu
/scratch/users/k24015724/wav2vec_project/outputs/IEMOCAP_features/Ses01M_impro04_F010_features.pt,neu
/scratch/users/k24015724/wav2vec_project/outputs/IEMOCAP_features/Ses01M_impro04_F011_features.pt,neu
/scratch/users/k24015724/wav2vec_project/outputs/IEMOCAP_features/Ses01M_impro04_F012_features.pt,neu
/scratch/users/k24015724/wav2vec_project/outputs/IEMOCAP_features/Ses01M_impro04_F013_features.pt,neu
/scratch/users/k24015724/wav2vec_project/outputs/IEMOCAP_features/Ses01M_impro04_F014_features.pt,neu
/scratch/users/k24015724/wav2vec_project/outputs/IEMOCAP_features/Ses01M_impro04_F015_features.pt,neu
/scratch/users/k24015724/wav2vec_project/outputs/IEMOCAP_features/Ses01M_impro04_F016_features.pt,neu
/scratch/users/k24015724/wav2vec_project/outputs/IEMOCAP_features/Ses01M_impro04_F017_features.pt,neu
/scratch/users/k24015724/wav2vec_project/outputs/IEMOCAP_features/Ses01M_impro04_F018_features.pt,neu
/scratch/users/k24015724/wav2vec_project/outputs/IEMOCAP_features/Ses01M_impro04_F019_features.pt,neu
/scratch/users/k24015724/wav2vec_project/outputs/IEMOCAP_features/Ses01M_impro04_F020_features.pt,neu
/scratch/users/k24015724/wav2vec_project/outputs/IEMOCAP_features/Ses01M_impro04_F021_features.pt,neu
/scratch/users/k24015724/wav2vec_project/outputs/IEMOCAP_features/Ses01M_impro04_F022_features.pt,neu
/scratch/users/k24015724/wav2vec_project/outputs/IEMOCAP_features/Ses01M_impro04_F023_features.pt,neu
/scratch/users/k24015724/wav2vec_project/outputs/IEMOCAP_features/Ses01M_impro04_F024_features.pt,fru
/scratch/users/k24015724/wav2vec_project/outputs/IEMOCAP_features/Ses01M_impro04_F025_features.pt,neu
/scratch/users/k24015724/wav2vec_project/outputs/IEMOCAP_features/Ses01M_impro04_M001_features.pt,fru
/scratch/users/k24015724/wav2vec_project/outputs/IEMOCAP_features/Ses01M_impro04_M002_features.pt,fru
/scratch/users/k24015724/wav2vec_project/outputs/IEMOCAP_features/Ses01M_impro04_M003_features.pt,fru
/scratch/users/k24015724/wav2vec_project/outputs/IEMOCAP_features/Ses01M_impro04_M004_features.pt,fru
/scratch/users/k24015724/wav2vec_project/outputs/IEMOCAP_features/Ses01M_impro04_M005_features.pt,fru
/scratch/users/k24015724/wav2vec_project/outputs/IEMOCAP_features/Ses01M_impro04_M008_features.pt,fru
/scratch/users/k24015724/wav2vec_project/outputs/IEMOCAP_features/Ses01M_impro04_M009_features.pt,fru
/scratch/users/k24015724/wav2vec_project/outputs/IEMOCAP_features/Ses01M_impro04_M010_features.pt,fru
/scratch/users/k24015724/wav2vec_project/outputs/IEMOCAP_features/Ses01M_impro04_M011_features.pt,fru
/scratch/users/k24015724/wav2vec_project/outputs/IEMOCAP_features/Ses01M_impro04_M012_features.pt,fru
/scratch/users/k24015724/wav2vec_project/outputs/IEMOCAP_features/Ses01M_impro04_M013_features.pt,fru
/scratch/users/k24015724/wav2vec_project/outputs/IEMOCAP_features/Ses01M_impro04_M014_features.pt,ang
/scratch/users/k24015724/wav2vec_project/outputs/IEMOCAP_features/Ses01M_impro04_M015_features.pt,fru
/scratch/users/k24015724/wav2vec_project/outputs/IEMOCAP_features/Ses01M_impro04_M016_features.pt,fru
/scratch/users/k24015724/wav2vec_project/outputs/IEMOCAP_features/Ses01M_impro04_M017_features.pt,fru
/scratch/users/k24015724/wav2vec_project/outputs/IEMOCAP_features/Ses01M_impro04_M018_features.pt,ang
/scratch/users/k24015724/wav2vec_project/outputs/IEMOCAP_features/Ses01M_impro04_M020_features.pt,fru
/scratch/users/k24015724/wav2vec_project/outputs/IEMOCAP_features/Ses01M_impro04_M022_features.pt,fru
/scratch/users/k24015724/wav2vec_project/outputs/IEMOCAP_features/Ses01M_impro04_M023_features.pt,ang
/scratch/users/k24015724/wav2vec_project/outputs/IEMOCAP_features/Ses01M_impro04_M024_features.pt,fru
/scratch/users/k24015724/wav2vec_project/outputs/IEMOCAP_features/Ses01M_impro04_M025_features.pt,neu
/scratch/users/k24015724/wav2vec_project/outputs/IEMOCAP_features/Ses01M_impro05_F000_features.pt,neu
/scratch/users/k24015724/wav2vec_project/outputs/IEMOCAP_features/Ses01M_impro05_F001_features.pt,neu
/scratch/users/k24015724/wav2vec_project/outputs/IEMOCAP_features/Ses01M_impro05_F002_features.pt,neu
/scratch/users/k24015724/wav2vec_project/outputs/IEMOCAP_features/Ses01M_impro05_F003_features.pt,neu
/scratch/users/k24015724/wav2vec_project/outputs/IEMOCAP_features/Ses01M_impro05_F004_features.pt,neu
/scratch/users/k24015724/wav2vec_project/outputs/IEMOCAP_features/Ses01M_impro05_F005_features.pt,neu
/scratch/users/k24015724/wav2vec_project/outputs/IEMOCAP_features/Ses01M_impro05_F006_features.pt,neu
/scratch/users/k24015724/wav2vec_project/outputs/IEMOCAP_features/Ses01M_impro05_F007_features.pt,neu
/scratch/users/k24015724/wav2vec_project/outputs/IEMOCAP_features/Ses01M_impro05_F008_features.pt,fru
/scratch/users/k24015724/wav2vec_project/outputs/IEMOCAP_features/Ses01M_impro05_F011_features.pt,neu
/scratch/users/k24015724/wav2vec_project/outputs/IEMOCAP_features/Ses01M_impro05_F012_features.pt,neu
/scratch/users/k24015724/wav2vec_project/outputs/IEMOCAP_features/Ses01M_impro05_F013_features.pt,neu
/scratch/users/k24015724/wav2vec_project/outputs/IEMOCAP_features/Ses01M_impro05_F014_features.pt,neu
/scratch/users/k24015724/wav2vec_project/outputs/IEMOCAP_features/Ses01M_impro05_F015_features.pt,neu
/scratch/users/k24015724/wav2vec_project/outputs/IEMOCAP_features/Ses01M_impro05_F016_features.pt,neu
/scratch/users/k24015724/wav2vec_project/outputs/IEMOCAP_features/Ses01M_impro05_F017_features.pt,neu
/scratch/users/k24015724/wav2vec_project/outputs/IEMOCAP_features/Ses01M_impro05_F018_features.pt,neu
/scratch/users/k24015724/wav2vec_project/outputs/IEMOCAP_features/Ses01M_impro05_F019_features.pt,neu
/scratch/users/k24015724/wav2vec_project/outputs/IEMOCAP_features/Ses01M_impro05_F020_features.pt,neu
/scratch/users/k24015724/wav2vec_project/outputs/IEMOCAP_features/Ses01M_impro05_F021_features.pt,neu
/scratch/users/k24015724/wav2vec_project/outputs/IEMOCAP_features/Ses01M_impro05_F022_features.pt,neu
/scratch/users/k24015724/wav2vec_project/outputs/IEMOCAP_features/Ses01M_impro05_F023_features.pt,neu
/scratch/users/k24015724/wav2vec_project/outputs/IEMOCAP_features/Ses01M_impro05_F024_features.pt,neu
/scratch/users/k24015724/wav2vec_project/outputs/IEMOCAP_features/Ses01M_impro05_F025_features.pt,neu
/scratch/users/k24015724/wav2vec_project/outputs/IEMOCAP_features/Ses01M_impro05_F026_features.pt,neu
/scratch/users/k24015724/wav2vec_project/outputs/IEMOCAP_features/Ses01M_impro05_F027_features.pt,neu
/scratch/users/k24015724/wav2vec_project/outputs/IEMOCAP_features/Ses01M_impro05_F028_features.pt,neu
/scratch/users/k24015724/wav2vec_project/outputs/IEMOCAP_features/Ses01M_impro05_F029_features.pt,neu
/scratch/users/k24015724/wav2vec_project/outputs/IEMOCAP_features/Ses01M_impro05_F030_features.pt,neu
/scratch/users/k24015724/wav2vec_project/outputs/IEMOCAP_features/Ses01M_impro05_F031_features.pt,neu
/scratch/users/k24015724/wav2vec_project/outputs/IEMOCAP_features/Ses01M_impro05_F032_features.pt,neu
/scratch/users/k24015724/wav2vec_project/outputs/IEMOCAP_features/Ses01M_impro05_F033_features.pt,neu
/scratch/users/k24015724/wav2vec_project/outputs/IEMOCAP_features/Ses01M_impro05_F034_features.pt,neu
/scratch/users/k24015724/wav2vec_project/outputs/IEMOCAP_features/Ses01M_impro05_F035_features.pt,fru
/scratch/users/k24015724/wav2vec_project/outputs/IEMOCAP_features/Ses01M_impro05_M000_features.pt,fru
/scratch/users/k24015724/wav2vec_project/outputs/IEMOCAP_features/Ses01M_impro05_M001_features.pt,fru
/scratch/users/k24015724/wav2vec_project/outputs/IEMOCAP_features/Ses01M_impro05_M002_features.pt,fru
/scratch/users/k24015724/wav2vec_project/outputs/IEMOCAP_features/Ses01M_impro05_M004_features.pt,ang
/scratch/users/k24015724/wav2vec_project/outputs/IEMOCAP_features/Ses01M_impro05_M005_features.pt,ang
/scratch/users/k24015724/wav2vec_project/outputs/IEMOCAP_features/Ses01M_impro05_M006_features.pt,ang
/scratch/users/k24015724/wav2vec_project/outputs/IEMOCAP_features/Ses01M_impro05_M007_features.pt,ang
/scratch/users/k24015724/wav2vec_project/outputs/IEMOCAP_features/Ses01M_impro05_M008_features.pt,ang
/scratch/users/k24015724/wav2vec_project/outputs/IEMOCAP_features/Ses01M_impro05_M009_features.pt,fru
/scratch/users/k24015724/wav2vec_project/outputs/IEMOCAP_features/Ses01M_impro05_M010_features.pt,fru
/scratch/users/k24015724/wav2vec_project/outputs/IEMOCAP_features/Ses01M_impro05_M015_features.pt,neu
/scratch/users/k24015724/wav2vec_project/outputs/IEMOCAP_features/Ses01M_impro05_M018_features.pt,fru
/scratch/users/k24015724/wav2vec_project/outputs/IEMOCAP_features/Ses01M_impro05_M020_features.pt,ang
/scratch/users/k24015724/wav2vec_project/outputs/IEMOCAP_features/Ses01M_impro05_M021_features.pt,ang
/scratch/users/k24015724/wav2vec_project/outputs/IEMOCAP_features/Ses01M_impro05_M022_features.pt,ang
/scratch/users/k24015724/wav2vec_project/outputs/IEMOCAP_features/Ses01M_impro05_M023_features.pt,ang
/scratch/users/k24015724/wav2vec_project/outputs/IEMOCAP_features/Ses01M_impro05_M024_features.pt,ang
/scratch/users/k24015724/wav2vec_project/outputs/IEMOCAP_features/Ses01M_impro05_M025_features.pt,ang
/scratch/users/k24015724/wav2vec_project/outputs/IEMOCAP_features/Ses01M_impro05_M026_features.pt,ang
/scratch/users/k24015724/wav2vec_project/outputs/IEMOCAP_features/Ses01M_impro05_M027_features.pt,ang
/scratch/users/k24015724/wav2vec_project/outputs/IEMOCAP_features/Ses01M_impro05_M028_features.pt,ang
/scratch/users/k24015724/wav2vec_project/outputs/IEMOCAP_features/Ses01M_impro05_M030_features.pt,fru
/scratch/users/k24015724/wav2vec_project/outputs/IEMOCAP_features/Ses01M_impro05_M031_features.pt,ang
/scratch/users/k24015724/wav2vec_project/outputs/IEMOCAP_features/Ses01M_impro06_F000_features.pt,neu
/scratch/users/k24015724/wav2vec_project/outputs/IEMOCAP_features/Ses01M_impro06_F001_features.pt,neu
/scratch/users/k24015724/wav2vec_project/outputs/IEMOCAP_features/Ses01M_impro06_F002_features.pt,neu
/scratch/users/k24015724/wav2vec_project/outputs/IEMOCAP_features/Ses01M_impro06_F003_features.pt,sad
/scratch/users/k24015724/wav2vec_project/outputs/IEMOCAP_features/Ses01M_impro06_F004_features.pt,sad
/scratch/users/k24015724/wav2vec_project/outputs/IEMOCAP_features/Ses01M_impro06_F005_features.pt,sad
/scratch/users/k24015724/wav2vec_project/outputs/IEMOCAP_features/Ses01M_impro06_F006_features.pt,sad
/scratch/users/k24015724/wav2vec_project/outputs/IEMOCAP_features/Ses01M_impro06_F007_features.pt,neu
/scratch/users/k24015724/wav2vec_project/outputs/IEMOCAP_features/Ses01M_impro06_F008_features.pt,neu
/scratch/users/k24015724/wav2vec_project/outputs/IEMOCAP_features/Ses01M_impro06_F009_features.pt,neu
/scratch/users/k24015724/wav2vec_project/outputs/IEMOCAP_features/Ses01M_impro06_F010_features.pt,neu
/scratch/users/k24015724/wav2vec_project/outputs/IEMOCAP_features/Ses01M_impro06_F011_features.pt,neu
/scratch/users/k24015724/wav2vec_project/outputs/IEMOCAP_features/Ses01M_impro06_F012_features.pt,neu
/scratch/users/k24015724/wav2vec_project/outputs/IEMOCAP_features/Ses01M_impro06_F013_features.pt,neu
/scratch/users/k24015724/wav2vec_project/outputs/IEMOCAP_features/Ses01M_impro06_F014_features.pt,neu
/scratch/users/k24015724/wav2vec_project/outputs/IEMOCAP_features/Ses01M_impro06_F015_features.pt,neu
/scratch/users/k24015724/wav2vec_project/outputs/IEMOCAP_features/Ses01M_impro06_F016_features.pt,neu
/scratch/users/k24015724/wav2vec_project/outputs/IEMOCAP_features/Ses01M_impro06_F017_features.pt,neu
/scratch/users/k24015724/wav2vec_project/outputs/IEMOCAP_features/Ses01M_impro06_F018_features.pt,neu
/scratch/users/k24015724/wav2vec_project/outputs/IEMOCAP_features/Ses01M_impro06_F019_features.pt,neu
/scratch/users/k24015724/wav2vec_project/outputs/IEMOCAP_features/Ses01M_impro06_F020_features.pt,neu
/scratch/users/k24015724/wav2vec_project/outputs/IEMOCAP_features/Ses01M_impro06_F021_features.pt,neu
/scratch/users/k24015724/wav2vec_project/outputs/IEMOCAP_features/Ses01M_impro06_F022_features.pt,neu
/scratch/users/k24015724/wav2vec_project/outputs/IEMOCAP_features/Ses01M_impro06_F023_features.pt,neu
/scratch/users/k24015724/wav2vec_project/outputs/IEMOCAP_features/Ses01M_impro06_F024_features.pt,neu
/scratch/users/k24015724/wav2vec_project/outputs/IEMOCAP_features/Ses01M_impro06_F025_features.pt,neu
/scratch/users/k24015724/wav2vec_project/outputs/IEMOCAP_features/Ses01M_impro06_F026_features.pt,neu
/scratch/users/k24015724/wav2vec_project/outputs/IEMOCAP_features/Ses01M_impro06_F027_features.pt,neu
/scratch/users/k24015724/wav2vec_project/outputs/IEMOCAP_features/Ses01M_impro06_F028_features.pt,neu
/scratch/users/k24015724/wav2vec_project/outputs/IEMOCAP_features/Ses01M_impro06_M000_features.pt,sad
/scratch/users/k24015724/wav2vec_project/outputs/IEMOCAP_features/Ses01M_impro06_M001_features.pt,sad
/scratch/users/k24015724/wav2vec_project/outputs/IEMOCAP_features/Ses01M_impro06_M002_features.pt,sad
/scratch/users/k24015724/wav2vec_project/outputs/IEMOCAP_features/Ses01M_impro06_M003_features.pt,sad
/scratch/users/k24015724/wav2vec_project/outputs/IEMOCAP_features/Ses01M_impro06_M004_features.pt,sad
/scratch/users/k24015724/wav2vec_project/outputs/IEMOCAP_features/Ses01M_impro06_M005_features.pt,sad
/scratch/users/k24015724/wav2vec_project/outputs/IEMOCAP_features/Ses01M_impro06_M006_features.pt,sad
/scratch/users/k24015724/wav2vec_project/outputs/IEMOCAP_features/Ses01M_impro06_M007_features.pt,sad
/scratch/users/k24015724/wav2vec_project/outputs/IEMOCAP_features/Ses01M_impro06_M008_features.pt,sad
/scratch/users/k24015724/wav2vec_project/outputs/IEMOCAP_features/Ses01M_impro06_M009_features.pt,sad
/scratch/users/k24015724/wav2vec_project/outputs/IEMOCAP_features/Ses01M_impro06_M010_features.pt,sad
/scratch/users/k24015724/wav2vec_project/outputs/IEMOCAP_features/Ses01M_impro06_M011_features.pt,sad
/scratch/users/k24015724/wav2vec_project/outputs/IEMOCAP_features/Ses01M_impro06_M012_features.pt,sad
/scratch/users/k24015724/wav2vec_project/outputs/IEMOCAP_features/Ses01M_impro06_M013_features.pt,sad
/scratch/users/k24015724/wav2vec_project/outputs/IEMOCAP_features/Ses01M_impro06_M014_features.pt,sad
/scratch/users/k24015724/wav2vec_project/outputs/IEMOCAP_features/Ses01M_impro06_M015_features.pt,sad
/scratch/users/k24015724/wav2vec_project/outputs/IEMOCAP_features/Ses01M_impro06_M016_features.pt,sad
/scratch/users/k24015724/wav2vec_project/outputs/IEMOCAP_features/Ses01M_impro06_M017_features.pt,sad
/scratch/users/k24015724/wav2vec_project/outputs/IEMOCAP_features/Ses01M_impro06_M018_features.pt,sad
/scratch/users/k24015724/wav2vec_project/outputs/IEMOCAP_features/Ses01M_impro06_M019_features.pt,sad
/scratch/users/k24015724/wav2vec_project/outputs/IEMOCAP_features/Ses01M_impro06_M020_features.pt,sad
/scratch/users/k24015724/wav2vec_project/outputs/IEMOCAP_features/Ses01M_impro06_M021_features.pt,sad
/scratch/users/k24015724/wav2vec_project/outputs/IEMOCAP_features/Ses01M_impro06_M022_features.pt,sad
/scratch/users/k24015724/wav2vec_project/outputs/IEMOCAP_features/Ses01M_impro06_M023_features.pt,sad
/scratch/users/k24015724/wav2vec_project/outputs/IEMOCAP_features/Ses01M_impro06_M024_features.pt,sad
/scratch/users/k24015724/wav2vec_project/outputs/IEMOCAP_features/Ses01M_impro06_M025_features.pt,sad
/scratch/users/k24015724/wav2vec_project/outputs/IEMOCAP_features/Ses01M_impro06_M026_features.pt,sad
/scratch/users/k24015724/wav2vec_project/outputs/IEMOCAP_features/Ses01M_impro06_M027_features.pt,sad
/scratch/users/k24015724/wav2vec_project/outputs/IEMOCAP_features/Ses01M_impro06_M028_features.pt,sad
/scratch/users/k24015724/wav2vec_project/outputs/IEMOCAP_features/Ses01M_impro06_M029_features.pt,sad
/scratch/users/k24015724/wav2vec_project/outputs/IEMOCAP_features/Ses01M_impro06_M030_features.pt,sad
/scratch/users/k24015724/wav2vec_project/outputs/IEMOCAP_features/Ses01M_impro07_F000_features.pt,neu
/scratch/users/k24015724/wav2vec_project/outputs/IEMOCAP_features/Ses01M_impro07_F010_features.pt,neu
/scratch/users/k24015724/wav2vec_project/outputs/IEMOCAP_features/Ses01M_impro07_F012_features.pt,neu
/scratch/users/k24015724/wav2vec_project/outputs/IEMOCAP_features/Ses01M_impro07_F020_features.pt,neu
/scratch/users/k24015724/wav2vec_project/outputs/IEMOCAP_features/Ses01M_impro07_F033_features.pt,hap
/scratch/users/k24015724/wav2vec_project/outputs/IEMOCAP_features/Ses01M_impro07_F034_features.pt,hap
/scratch/users/k24015724/wav2vec_project/outputs/IEMOCAP_features/Ses01M_impro07_M006_features.pt,hap
/scratch/users/k24015724/wav2vec_project/outputs/IEMOCAP_features/Ses01M_impro07_M011_features.pt,hap
/scratch/users/k24015724/wav2vec_project/outputs/IEMOCAP_features/Ses01M_impro07_M013_features.pt,hap
/scratch/users/k24015724/wav2vec_project/outputs/IEMOCAP_features/Ses01M_impro07_M017_features.pt,hap
/scratch/users/k24015724/wav2vec_project/outputs/IEMOCAP_features/Ses01M_impro07_M019_features.pt,hap
/scratch/users/k24015724/wav2vec_project/outputs/IEMOCAP_features/Ses01M_impro07_M020_features.pt,neu
/scratch/users/k24015724/wav2vec_project/outputs/IEMOCAP_features/Ses01M_impro07_M026_features.pt,neu
/scratch/users/k24015724/wav2vec_project/outputs/IEMOCAP_features/Ses01M_impro07_M030_features.pt,neu
/scratch/users/k24015724/wav2vec_project/outputs/IEMOCAP_features/Ses01M_impro07_M032_features.pt,hap
/scratch/users/k24015724/wav2vec_project/outputs/IEMOCAP_features/Ses01M_impro07_M033_features.pt,hap
/scratch/users/k24015724/wav2vec_project/outputs/IEMOCAP_features/Ses01M_script01_1_F000_features.pt,fru
/scratch/users/k24015724/wav2vec_project/outputs/IEMOCAP_features/Ses01M_script01_1_F004_features.pt,sad
/scratch/users/k24015724/wav2vec_project/outputs/IEMOCAP_features/Ses01M_script01_1_F005_features.pt,sad
/scratch/users/k24015724/wav2vec_project/outputs/IEMOCAP_features/Ses01M_script01_1_F006_features.pt,sad
/scratch/users/k24015724/wav2vec_project/outputs/IEMOCAP_features/Ses01M_script01_1_F007_features.pt,fru
/scratch/users/k24015724/wav2vec_project/outputs/IEMOCAP_features/Ses01M_script01_1_F008_features.pt,ang
/scratch/users/k24015724/wav2vec_project/outputs/IEMOCAP_features/Ses01M_script01_1_F011_features.pt,ang
/scratch/users/k24015724/wav2vec_project/outputs/IEMOCAP_features/Ses01M_script01_1_F012_features.pt,fru
/scratch/users/k24015724/wav2vec_project/outputs/IEMOCAP_features/Ses01M_script01_1_F014_features.pt,ang
/scratch/users/k24015724/wav2vec_project/outputs/IEMOCAP_features/Ses01M_script01_1_F015_features.pt,ang
/scratch/users/k24015724/wav2vec_project/outputs/IEMOCAP_features/Ses01M_script01_1_F016_features.pt,ang
/scratch/users/k24015724/wav2vec_project/outputs/IEMOCAP_features/Ses01M_script01_1_F017_features.pt,ang
/scratch/users/k24015724/wav2vec_project/outputs/IEMOCAP_features/Ses01M_script01_1_F019_features.pt,fru
/scratch/users/k24015724/wav2vec_project/outputs/IEMOCAP_features/Ses01M_script01_1_F020_features.pt,ang
/scratch/users/k24015724/wav2vec_project/outputs/IEMOCAP_features/Ses01M_script01_1_F022_features.pt,fru
/scratch/users/k24015724/wav2vec_project/outputs/IEMOCAP_features/Ses01M_script01_1_F023_features.pt,ang
/scratch/users/k24015724/wav2vec_project/outputs/IEMOCAP_features/Ses01M_script01_1_F024_features.pt,ang
/scratch/users/k24015724/wav2vec_project/outputs/IEMOCAP_features/Ses01M_script01_1_F025_features.pt,neu
/scratch/users/k24015724/wav2vec_project/outputs/IEMOCAP_features/Ses01M_script01_1_F026_features.pt,neu
/scratch/users/k24015724/wav2vec_project/outputs/IEMOCAP_features/Ses01M_script01_1_F027_features.pt,fru
/scratch/users/k24015724/wav2vec_project/outputs/IEMOCAP_features/Ses01M_script01_1_F028_features.pt,fru
/scratch/users/k24015724/wav2vec_project/outputs/IEMOCAP_features/Ses01M_script01_1_F029_features.pt,ang
/scratch/users/k24015724/wav2vec_project/outputs/IEMOCAP_features/Ses01M_script01_1_F030_features.pt,ang
/scratch/users/k24015724/wav2vec_project/outputs/IEMOCAP_features/Ses01M_script01_1_F031_features.pt,sad
/scratch/users/k24015724/wav2vec_project/outputs/IEMOCAP_features/Ses01M_script01_1_F032_features.pt,ang
/scratch/users/k24015724/wav2vec_project/outputs/IEMOCAP_features/Ses01M_script01_1_F035_features.pt,ang
/scratch/users/k24015724/wav2vec_project/outputs/IEMOCAP_features/Ses01M_script01_1_F036_features.pt,ang
/scratch/users/k24015724/wav2vec_project/outputs/IEMOCAP_features/Ses01M_script01_1_F037_features.pt,ang
/scratch/users/k24015724/wav2vec_project/outputs/IEMOCAP_features/Ses01M_script01_1_F039_features.pt,ang
/scratch/users/k24015724/wav2vec_project/outputs/IEMOCAP_features/Ses01M_script01_1_F040_features.pt,ang
/scratch/users/k24015724/wav2vec_project/outputs/IEMOCAP_features/Ses01M_script01_1_F041_features.pt,ang
/scratch/users/k24015724/wav2vec_project/outputs/IEMOCAP_features/Ses01M_script01_1_F042_features.pt,ang
/scratch/users/k24015724/wav2vec_project/outputs/IEMOCAP_features/Ses01M_script01_1_F043_features.pt,ang
/scratch/users/k24015724/wav2vec_project/outputs/IEMOCAP_features/Ses01M_script01_1_M000_features.pt,neu
/scratch/users/k24015724/wav2vec_project/outputs/IEMOCAP_features/Ses01M_script01_1_M002_features.pt,neu
/scratch/users/k24015724/wav2vec_project/outputs/IEMOCAP_features/Ses01M_script01_1_M003_features.pt,sad
/scratch/users/k24015724/wav2vec_project/outputs/IEMOCAP_features/Ses01M_script01_1_M004_features.pt,sad
/scratch/users/k24015724/wav2vec_project/outputs/IEMOCAP_features/Ses01M_script01_1_M005_features.pt,sad
/scratch/users/k24015724/wav2vec_project/outputs/IEMOCAP_features/Ses01M_script01_1_M006_features.pt,sad
/scratch/users/k24015724/wav2vec_project/outputs/IEMOCAP_features/Ses01M_script01_1_M007_features.pt,sad
/scratch/users/k24015724/wav2vec_project/outputs/IEMOCAP_features/Ses01M_script01_1_M008_features.pt,fru
/scratch/users/k24015724/wav2vec_project/outputs/IEMOCAP_features/Ses01M_script01_1_M010_features.pt,fru
/scratch/users/k24015724/wav2vec_project/outputs/IEMOCAP_features/Ses01M_script01_1_M011_features.pt,fru
/scratch/users/k24015724/wav2vec_project/outputs/IEMOCAP_features/Ses01M_script01_1_M012_features.pt,fru
/scratch/users/k24015724/wav2vec_project/outputs/IEMOCAP_features/Ses01M_script01_1_M013_features.pt,fru
/scratch/users/k24015724/wav2vec_project/outputs/IEMOCAP_features/Ses01M_script01_1_M014_features.pt,fru
/scratch/users/k24015724/wav2vec_project/outputs/IEMOCAP_features/Ses01M_script01_1_M015_features.pt,fru
/scratch/users/k24015724/wav2vec_project/outputs/IEMOCAP_features/Ses01M_script01_1_M017_features.pt,neu
/scratch/users/k24015724/wav2vec_project/outputs/IEMOCAP_features/Ses01M_script01_1_M018_features.pt,fru
/scratch/users/k24015724/wav2vec_project/outputs/IEMOCAP_features/Ses01M_script01_1_M019_features.pt,fru
/scratch/users/k24015724/wav2vec_project/outputs/IEMOCAP_features/Ses01M_script01_1_M020_features.pt,ang
/scratch/users/k24015724/wav2vec_project/outputs/IEMOCAP_features/Ses01M_script01_1_M021_features.pt,ang
/scratch/users/k24015724/wav2vec_project/outputs/IEMOCAP_features/Ses01M_script01_1_M022_features.pt,fru
/scratch/users/k24015724/wav2vec_project/outputs/IEMOCAP_features/Ses01M_script01_1_M023_features.pt,ang
/scratch/users/k24015724/wav2vec_project/outputs/IEMOCAP_features/Ses01M_script01_1_M024_features.pt,sad
/scratch/users/k24015724/wav2vec_project/outputs/IEMOCAP_features/Ses01M_script01_1_M026_features.pt,fru
/scratch/users/k24015724/wav2vec_project/outputs/IEMOCAP_features/Ses01M_script01_1_M027_features.pt,fru
/scratch/users/k24015724/wav2vec_project/outputs/IEMOCAP_features/Ses01M_script01_1_M028_features.pt,fru
/scratch/users/k24015724/wav2vec_project/outputs/IEMOCAP_features/Ses01M_script01_1_M030_features.pt,fru
/scratch/users/k24015724/wav2vec_project/outputs/IEMOCAP_features/Ses01M_script01_1_M031_features.pt,fru
/scratch/users/k24015724/wav2vec_project/outputs/IEMOCAP_features/Ses01M_script01_1_M032_features.pt,fru
/scratch/users/k24015724/wav2vec_project/outputs/IEMOCAP_features/Ses01M_script01_1_M034_features.pt,ang
/scratch/users/k24015724/wav2vec_project/outputs/IEMOCAP_features/Ses01M_script01_1_M035_features.pt,ang
/scratch/users/k24015724/wav2vec_project/outputs/IEMOCAP_features/Ses01M_script01_1_M036_features.pt,fru
/scratch/users/k24015724/wav2vec_project/outputs/IEMOCAP_features/Ses01M_script01_1_M037_features.pt,neu
/scratch/users/k24015724/wav2vec_project/outputs/IEMOCAP_features/Ses01M_script01_1_M038_features.pt,sad
/scratch/users/k24015724/wav2vec_project/outputs/IEMOCAP_features/Ses01M_script01_1_M040_features.pt,sad
/scratch/users/k24015724/wav2vec_project/outputs/IEMOCAP_features/Ses01M_script01_1_M041_features.pt,ang
/scratch/users/k24015724/wav2vec_project/outputs/IEMOCAP_features/Ses01M_script01_1_M042_features.pt,sad
/scratch/users/k24015724/wav2vec_project/outputs/IEMOCAP_features/Ses01M_script01_2_F000_features.pt,ang
/scratch/users/k24015724/wav2vec_project/outputs/IEMOCAP_features/Ses01M_script01_2_F001_features.pt,ang
/scratch/users/k24015724/wav2vec_project/outputs/IEMOCAP_features/Ses01M_script01_2_F004_features.pt,ang
/scratch/users/k24015724/wav2vec_project/outputs/IEMOCAP_features/Ses01M_script01_2_F005_features.pt,ang
/scratch/users/k24015724/wav2vec_project/outputs/IEMOCAP_features/Ses01M_script01_2_F008_features.pt,fru
/scratch/users/k24015724/wav2vec_project/outputs/IEMOCAP_features/Ses01M_script01_2_F009_features.pt,ang
/scratch/users/k24015724/wav2vec_project/outputs/IEMOCAP_features/Ses01M_script01_2_F011_features.pt,ang
/scratch/users/k24015724/wav2vec_project/outputs/IEMOCAP_features/Ses01M_script01_2_F012_features.pt,ang
/scratch/users/k24015724/wav2vec_project/outputs/IEMOCAP_features/Ses01M_script01_2_F013_features.pt,ang
/scratch/users/k24015724/wav2vec_project/outputs/IEMOCAP_features/Ses01M_script01_2_M000_features.pt,neu
/scratch/users/k24015724/wav2vec_project/outputs/IEMOCAP_features/Ses01M_script01_2_M001_features.pt,neu
/scratch/users/k24015724/wav2vec_project/outputs/IEMOCAP_features/Ses01M_script01_2_M002_features.pt,fru
/scratch/users/k24015724/wav2vec_project/outputs/IEMOCAP_features/Ses01M_script01_2_M003_features.pt,fru
/scratch/users/k24015724/wav2vec_project/outputs/IEMOCAP_features/Ses01M_script01_2_M004_features.pt,fru
/scratch/users/k24015724/wav2vec_project/outputs/IEMOCAP_features/Ses01M_script01_2_M005_features.pt,fru
/scratch/users/k24015724/wav2vec_project/outputs/IEMOCAP_features/Ses01M_script01_2_M006_features.pt,fru
/scratch/users/k24015724/wav2vec_project/outputs/IEMOCAP_features/Ses01M_script01_2_M007_features.pt,neu
/scratch/users/k24015724/wav2vec_project/outputs/IEMOCAP_features/Ses01M_script01_2_M008_features.pt,fru
/scratch/users/k24015724/wav2vec_project/outputs/IEMOCAP_features/Ses01M_script01_2_M009_features.pt,fru
/scratch/users/k24015724/wav2vec_project/outputs/IEMOCAP_features/Ses01M_script01_2_M010_features.pt,fru
/scratch/users/k24015724/wav2vec_project/outputs/IEMOCAP_features/Ses01M_script01_2_M011_features.pt,fru
/scratch/users/k24015724/wav2vec_project/outputs/IEMOCAP_features/Ses01M_script01_2_M012_features.pt,fru
/scratch/users/k24015724/wav2vec_project/outputs/IEMOCAP_features/Ses01M_script01_2_M013_features.pt,fru
/scratch/users/k24015724/wav2vec_project/outputs/IEMOCAP_features/Ses01M_script01_2_M014_features.pt,fru
/scratch/users/k24015724/wav2vec_project/outputs/IEMOCAP_features/Ses01M_script01_2_M015_features.pt,ang
/scratch/users/k24015724/wav2vec_project/outputs/IEMOCAP_features/Ses01M_script01_2_M016_features.pt,ang
/scratch/users/k24015724/wav2vec_project/outputs/IEMOCAP_features/Ses01M_script01_2_M017_features.pt,ang
/scratch/users/k24015724/wav2vec_project/outputs/IEMOCAP_features/Ses01M_script01_3_F000_features.pt,neu
/scratch/users/k24015724/wav2vec_project/outputs/IEMOCAP_features/Ses01M_script01_3_F001_features.pt,neu
/scratch/users/k24015724/wav2vec_project/outputs/IEMOCAP_features/Ses01M_script01_3_F003_features.pt,sad
/scratch/users/k24015724/wav2vec_project/outputs/IEMOCAP_features/Ses01M_script01_3_F004_features.pt,neu
/scratch/users/k24015724/wav2vec_project/outputs/IEMOCAP_features/Ses01M_script01_3_F005_features.pt,sad
/scratch/users/k24015724/wav2vec_project/outputs/IEMOCAP_features/Ses01M_script01_3_F006_features.pt,sad
/scratch/users/k24015724/wav2vec_project/outputs/IEMOCAP_features/Ses01M_script01_3_F008_features.pt,neu
/scratch/users/k24015724/wav2vec_project/outputs/IEMOCAP_features/Ses01M_script01_3_F012_features.pt,neu
/scratch/users/k24015724/wav2vec_project/outputs/IEMOCAP_features/Ses01M_script01_3_F016_features.pt,hap
/scratch/users/k24015724/wav2vec_project/outputs/IEMOCAP_features/Ses01M_script01_3_F018_features.pt,sad
/scratch/users/k24015724/wav2vec_project/outputs/IEMOCAP_features/Ses01M_script01_3_F019_features.pt,sad
/scratch/users/k24015724/wav2vec_project/outputs/IEMOCAP_features/Ses01M_script01_3_F021_features.pt,sad
/scratch/users/k24015724/wav2vec_project/outputs/IEMOCAP_features/Ses01M_script01_3_F022_features.pt,sad
/scratch/users/k24015724/wav2vec_project/outputs/IEMOCAP_features/Ses01M_script01_3_F023_features.pt,sad
/scratch/users/k24015724/wav2vec_project/outputs/IEMOCAP_features/Ses01M_script01_3_F024_features.pt,sad
/scratch/users/k24015724/wav2vec_project/outputs/IEMOCAP_features/Ses01M_script01_3_F025_features.pt,sad
/scratch/users/k24015724/wav2vec_project/outputs/IEMOCAP_features/Ses01M_script01_3_F026_features.pt,sad
/scratch/users/k24015724/wav2vec_project/outputs/IEMOCAP_features/Ses01M_script01_3_F030_features.pt,hap
/scratch/users/k24015724/wav2vec_project/outputs/IEMOCAP_features/Ses01M_script01_3_M000_features.pt,hap
/scratch/users/k24015724/wav2vec_project/outputs/IEMOCAP_features/Ses01M_script01_3_M001_features.pt,hap
/scratch/users/k24015724/wav2vec_project/outputs/IEMOCAP_features/Ses01M_script01_3_M002_features.pt,sad
/scratch/users/k24015724/wav2vec_project/outputs/IEMOCAP_features/Ses01M_script01_3_M004_features.pt,neu
/scratch/users/k24015724/wav2vec_project/outputs/IEMOCAP_features/Ses01M_script01_3_M006_features.pt,neu
/scratch/users/k24015724/wav2vec_project/outputs/IEMOCAP_features/Ses01M_script01_3_M007_features.pt,neu
/scratch/users/k24015724/wav2vec_project/outputs/IEMOCAP_features/Ses01M_script01_3_M009_features.pt,hap
/scratch/users/k24015724/wav2vec_project/outputs/IEMOCAP_features/Ses01M_script01_3_M014_features.pt,neu
/scratch/users/k24015724/wav2vec_project/outputs/IEMOCAP_features/Ses01M_script01_3_M019_features.pt,hap
/scratch/users/k24015724/wav2vec_project/outputs/IEMOCAP_features/Ses01M_script01_3_M020_features.pt,sad
/scratch/users/k24015724/wav2vec_project/outputs/IEMOCAP_features/Ses01M_script01_3_M021_features.pt,sad
/scratch/users/k24015724/wav2vec_project/outputs/IEMOCAP_features/Ses01M_script01_3_M022_features.pt,sad
/scratch/users/k24015724/wav2vec_project/outputs/IEMOCAP_features/Ses01M_script01_3_M023_features.pt,sad
/scratch/users/k24015724/wav2vec_project/outputs/IEMOCAP_features/Ses01M_script01_3_M024_features.pt,sad
/scratch/users/k24015724/wav2vec_project/outputs/IEMOCAP_features/Ses01M_script01_3_M025_features.pt,sad
/scratch/users/k24015724/wav2vec_project/outputs/IEMOCAP_features/Ses01M_script01_3_M026_features.pt,sad
/scratch/users/k24015724/wav2vec_project/outputs/IEMOCAP_features/Ses01M_script01_3_M027_features.pt,sad
/scratch/users/k24015724/wav2vec_project/outputs/IEMOCAP_features/Ses01M_script01_3_M028_features.pt,sad
/scratch/users/k24015724/wav2vec_project/outputs/IEMOCAP_features/Ses01M_script01_3_M029_features.pt,sad
/scratch/users/k24015724/wav2vec_project/outputs/IEMOCAP_features/Ses01M_script01_3_M030_features.pt,sad
/scratch/users/k24015724/wav2vec_project/outputs/IEMOCAP_features/Ses01M_script01_3_M031_features.pt,sad
/scratch/users/k24015724/wav2vec_project/outputs/IEMOCAP_features/Ses01M_script01_3_M032_features.pt,sad
/scratch/users/k24015724/wav2vec_project/outputs/IEMOCAP_features/Ses01M_script01_3_M033_features.pt,sad
/scratch/users/k24015724/wav2vec_project/outputs/IEMOCAP_features/Ses01M_script01_3_M034_features.pt,sad
/scratch/users/k24015724/wav2vec_project/outputs/IEMOCAP_features/Ses01M_script01_3_M035_features.pt,sad
/scratch/users/k24015724/wav2vec_project/outputs/IEMOCAP_features/Ses01M_script01_3_M036_features.pt,sad
/scratch/users/k24015724/wav2vec_project/outputs/IEMOCAP_features/Ses01M_script01_3_M037_features.pt,sad
/scratch/users/k24015724/wav2vec_project/outputs/IEMOCAP_features/Ses01M_script01_3_M038_features.pt,sad
/scratch/users/k24015724/wav2vec_project/outputs/IEMOCAP_features/Ses01M_script01_3_M039_features.pt,sad
/scratch/users/k24015724/wav2vec_project/outputs/IEMOCAP_features/Ses01M_script01_3_M040_features.pt,sad
/scratch/users/k24015724/wav2vec_project/outputs/IEMOCAP_features/Ses01M_script01_3_M041_features.pt,sad
/scratch/users/k24015724/wav2vec_project/outputs/IEMOCAP_features/Ses01M_script01_3_M043_features.pt,hap
/scratch/users/k24015724/wav2vec_project/outputs/IEMOCAP_features/Ses01M_script02_1_F001_features.pt,fru
/scratch/users/k24015724/wav2vec_project/outputs/IEMOCAP_features/Ses01M_script02_1_F005_features.pt,ang
/scratch/users/k24015724/wav2vec_project/outputs/IEMOCAP_features/Ses01M_script02_1_F007_features.pt,neu
/scratch/users/k24015724/wav2vec_project/outputs/IEMOCAP_features/Ses01M_script02_1_F008_features.pt,neu
/scratch/users/k24015724/wav2vec_project/outputs/IEMOCAP_features/Ses01M_script02_1_F009_features.pt,hap
/scratch/users/k24015724/wav2vec_project/outputs/IEMOCAP_features/Ses01M_script02_1_F010_features.pt,fru
/scratch/users/k24015724/wav2vec_project/outputs/IEMOCAP_features/Ses01M_script02_1_F011_features.pt,fru
/scratch/users/k24015724/wav2vec_project/outputs/IEMOCAP_features/Ses01M_script02_1_F012_features.pt,fru
/scratch/users/k24015724/wav2vec_project/outputs/IEMOCAP_features/Ses01M_script02_1_F013_features.pt,fru
/scratch/users/k24015724/wav2vec_project/outputs/IEMOCAP_features/Ses01M_script02_1_F014_features.pt,ang
/scratch/users/k24015724/wav2vec_project/outputs/IEMOCAP_features/Ses01M_script02_1_F017_features.pt,ang
/scratch/users/k24015724/wav2vec_project/outputs/IEMOCAP_features/Ses01M_script02_1_F018_features.pt,fru
/scratch/users/k24015724/wav2vec_project/outputs/IEMOCAP_features/Ses01M_script02_1_F019_features.pt,fru
/scratch/users/k24015724/wav2vec_project/outputs/IEMOCAP_features/Ses01M_script02_1_F020_features.pt,fru
/scratch/users/k24015724/wav2vec_project/outputs/IEMOCAP_features/Ses01M_script02_1_F021_features.pt,ang
/scratch/users/k24015724/wav2vec_project/outputs/IEMOCAP_features/Ses01M_script02_1_F022_features.pt,ang
/scratch/users/k24015724/wav2vec_project/outputs/IEMOCAP_features/Ses01M_script02_1_F023_features.pt,ang
/scratch/users/k24015724/wav2vec_project/outputs/IEMOCAP_features/Ses01M_script02_1_M007_features.pt,neu
/scratch/users/k24015724/wav2vec_project/outputs/IEMOCAP_features/Ses01M_script02_1_M009_features.pt,neu
/scratch/users/k24015724/wav2vec_project/outputs/IEMOCAP_features/Ses01M_script02_1_M010_features.pt,neu
/scratch/users/k24015724/wav2vec_project/outputs/IEMOCAP_features/Ses01M_script02_1_M011_features.pt,neu
/scratch/users/k24015724/wav2vec_project/outputs/IEMOCAP_features/Ses01M_script02_1_M020_features.pt,fru
/scratch/users/k24015724/wav2vec_project/outputs/IEMOCAP_features/Ses01M_script02_1_M021_features.pt,fru
/scratch/users/k24015724/wav2vec_project/outputs/IEMOCAP_features/Ses01M_script02_1_M022_features.pt,neu
/scratch/users/k24015724/wav2vec_project/outputs/IEMOCAP_features/Ses01M_script02_1_M023_features.pt,neu
/scratch/users/k24015724/wav2vec_project/outputs/IEMOCAP_features/Ses01M_script02_1_M024_features.pt,fru
/scratch/users/k24015724/wav2vec_project/outputs/IEMOCAP_features/Ses01M_script02_1_M026_features.pt,fru
/scratch/users/k24015724/wav2vec_project/outputs/IEMOCAP_features/Ses01M_script02_1_M027_features.pt,fru
/scratch/users/k24015724/wav2vec_project/outputs/IEMOCAP_features/Ses01M_script02_1_M028_features.pt,ang
/scratch/users/k24015724/wav2vec_project/outputs/IEMOCAP_features/Ses01M_script02_1_M030_features.pt,neu
/scratch/users/k24015724/wav2vec_project/outputs/IEMOCAP_features/Ses01M_script02_1_M034_features.pt,fru
/scratch/users/k24015724/wav2vec_project/outputs/IEMOCAP_features/Ses01M_script02_1_M035_features.pt,fru
/scratch/users/k24015724/wav2vec_project/outputs/IEMOCAP_features/Ses01M_script02_1_M036_features.pt,fru
/scratch/users/k24015724/wav2vec_project/outputs/IEMOCAP_features/Ses01M_script02_1_M037_features.pt,neu
/scratch/users/k24015724/wav2vec_project/outputs/IEMOCAP_features/Ses01M_script02_1_M039_features.pt,neu
/scratch/users/k24015724/wav2vec_project/outputs/IEMOCAP_features/Ses01M_script02_2_F000_features.pt,neu
/scratch/users/k24015724/wav2vec_project/outputs/IEMOCAP_features/Ses01M_script02_2_F002_features.pt,fru
/scratch/users/k24015724/wav2vec_project/outputs/IEMOCAP_features/Ses01M_script02_2_F003_features.pt,fru
/scratch/users/k24015724/wav2vec_project/outputs/IEMOCAP_features/Ses01M_script02_2_F005_features.pt,fru
/scratch/users/k24015724/wav2vec_project/outputs/IEMOCAP_features/Ses01M_script02_2_F006_features.pt,fru
/scratch/users/k24015724/wav2vec_project/outputs/IEMOCAP_features/Ses01M_script02_2_F007_features.pt,fru
/scratch/users/k24015724/wav2vec_project/outputs/IEMOCAP_features/Ses01M_script02_2_F008_features.pt,fru
/scratch/users/k24015724/wav2vec_project/outputs/IEMOCAP_features/Ses01M_script02_2_F009_features.pt,fru
/scratch/users/k24015724/wav2vec_project/outputs/IEMOCAP_features/Ses01M_script02_2_F010_features.pt,ang
/scratch/users/k24015724/wav2vec_project/outputs/IEMOCAP_features/Ses01M_script02_2_F011_features.pt,ang
/scratch/users/k24015724/wav2vec_project/outputs/IEMOCAP_features/Ses01M_script02_2_F012_features.pt,fru
/scratch/users/k24015724/wav2vec_project/outputs/IEMOCAP_features/Ses01M_script02_2_F013_features.pt,ang
/scratch/users/k24015724/wav2vec_project/outputs/IEMOCAP_features/Ses01M_script02_2_F014_features.pt,ang
/scratch/users/k24015724/wav2vec_project/outputs/IEMOCAP_features/Ses01M_script02_2_F015_features.pt,ang
/scratch/users/k24015724/wav2vec_project/outputs/IEMOCAP_features/Ses01M_script02_2_F016_features.pt,ang
/scratch/users/k24015724/wav2vec_project/outputs/IEMOCAP_features/Ses01M_script02_2_F017_features.pt,fru
/scratch/users/k24015724/wav2vec_project/outputs/IEMOCAP_features/Ses01M_script02_2_F019_features.pt,neu
/scratch/users/k24015724/wav2vec_project/outputs/IEMOCAP_features/Ses01M_script02_2_F022_features.pt,sad
/scratch/users/k24015724/wav2vec_project/outputs/IEMOCAP_features/Ses01M_script02_2_F024_features.pt,sad
/scratch/users/k24015724/wav2vec_project/outputs/IEMOCAP_features/Ses01M_script02_2_F025_features.pt,sad
/scratch/users/k24015724/wav2vec_project/outputs/IEMOCAP_features/Ses01M_script02_2_F026_features.pt,sad
/scratch/users/k24015724/wav2vec_project/outputs/IEMOCAP_features/Ses01M_script02_2_F028_features.pt,fru
/scratch/users/k24015724/wav2vec_project/outputs/IEMOCAP_features/Ses01M_script02_2_F029_features.pt,fru
/scratch/users/k24015724/wav2vec_project/outputs/IEMOCAP_features/Ses01M_script02_2_F030_features.pt,ang
/scratch/users/k24015724/wav2vec_project/outputs/IEMOCAP_features/Ses01M_script02_2_F031_features.pt,ang
/scratch/users/k24015724/wav2vec_project/outputs/IEMOCAP_features/Ses01M_script02_2_F032_features.pt,ang
/scratch/users/k24015724/wav2vec_project/outputs/IEMOCAP_features/Ses01M_script02_2_F033_features.pt,sad
/scratch/users/k24015724/wav2vec_project/outputs/IEMOCAP_features/Ses01M_script02_2_F034_features.pt,sad
/scratch/users/k24015724/wav2vec_project/outputs/IEMOCAP_features/Ses01M_script02_2_F035_features.pt,sad
/scratch/users/k24015724/wav2vec_project/outputs/IEMOCAP_features/Ses01M_script02_2_F036_features.pt,sad
/scratch/users/k24015724/wav2vec_project/outputs/IEMOCAP_features/Ses01M_script02_2_F037_features.pt,sad
/scratch/users/k24015724/wav2vec_project/outputs/IEMOCAP_features/Ses01M_script02_2_F040_features.pt,sad
/scratch/users/k24015724/wav2vec_project/outputs/IEMOCAP_features/Ses01M_script02_2_F044_features.pt,hap
/scratch/users/k24015724/wav2vec_project/outputs/IEMOCAP_features/Ses01M_script02_2_F045_features.pt,hap
/scratch/users/k24015724/wav2vec_project/outputs/IEMOCAP_features/Ses01M_script02_2_F046_features.pt,sad
/scratch/users/k24015724/wav2vec_project/outputs/IEMOCAP_features/Ses01M_script02_2_F047_features.pt,neu
/scratch/users/k24015724/wav2vec_project/outputs/IEMOCAP_features/Ses01M_script02_2_M006_features.pt,fru
/scratch/users/k24015724/wav2vec_project/outputs/IEMOCAP_features/Ses01M_script02_2_M008_features.pt,neu
/scratch/users/k24015724/wav2vec_project/outputs/IEMOCAP_features/Ses01M_script02_2_M010_features.pt,fru
/scratch/users/k24015724/wav2vec_project/outputs/IEMOCAP_features/Ses01M_script02_2_M012_features.pt,fru
/scratch/users/k24015724/wav2vec_project/outputs/IEMOCAP_features/Ses01M_script02_2_M013_features.pt,neu
/scratch/users/k24015724/wav2vec_project/outputs/IEMOCAP_features/Ses01M_script02_2_M014_features.pt,fru
/scratch/users/k24015724/wav2vec_project/outputs/IEMOCAP_features/Ses01M_script02_2_M015_features.pt,fru
/scratch/users/k24015724/wav2vec_project/outputs/IEMOCAP_features/Ses01M_script02_2_M016_features.pt,fru
/scratch/users/k24015724/wav2vec_project/outputs/IEMOCAP_features/Ses01M_script02_2_M017_features.pt,fru
/scratch/users/k24015724/wav2vec_project/outputs/IEMOCAP_features/Ses01M_script02_2_M018_features.pt,fru
/scratch/users/k24015724/wav2vec_project/outputs/IEMOCAP_features/Ses01M_script02_2_M019_features.pt,neu
/scratch/users/k24015724/wav2vec_project/outputs/IEMOCAP_features/Ses01M_script02_2_M020_features.pt,neu
/scratch/users/k24015724/wav2vec_project/outputs/IEMOCAP_features/Ses01M_script02_2_M021_features.pt,neu
/scratch/users/k24015724/wav2vec_project/outputs/IEMOCAP_features/Ses01M_script02_2_M022_features.pt,neu
/scratch/users/k24015724/wav2vec_project/outputs/IEMOCAP_features/Ses01M_script02_2_M023_features.pt,neu
/scratch/users/k24015724/wav2vec_project/outputs/IEMOCAP_features/Ses01M_script02_2_M025_features.pt,neu
/scratch/users/k24015724/wav2vec_project/outputs/IEMOCAP_features/Ses01M_script02_2_M027_features.pt,neu
/scratch/users/k24015724/wav2vec_project/outputs/IEMOCAP_features/Ses01M_script02_2_M028_features.pt,neu
/scratch/users/k24015724/wav2vec_project/outputs/IEMOCAP_features/Ses01M_script02_2_M029_features.pt,neu
/scratch/users/k24015724/wav2vec_project/outputs/IEMOCAP_features/Ses01M_script02_2_M030_features.pt,neu
/scratch/users/k24015724/wav2vec_project/outputs/IEMOCAP_features/Ses01M_script02_2_M031_features.pt,fru
/scratch/users/k24015724/wav2vec_project/outputs/IEMOCAP_features/Ses01M_script02_2_M032_features.pt,fru
/scratch/users/k24015724/wav2vec_project/outputs/IEMOCAP_features/Ses01M_script02_2_M033_features.pt,ang
/scratch/users/k24015724/wav2vec_project/outputs/IEMOCAP_features/Ses01M_script02_2_M034_features.pt,fru
/scratch/users/k24015724/wav2vec_project/outputs/IEMOCAP_features/Ses01M_script02_2_M035_features.pt,ang
/scratch/users/k24015724/wav2vec_project/outputs/IEMOCAP_features/Ses01M_script02_2_M037_features.pt,sad
/scratch/users/k24015724/wav2vec_project/outputs/IEMOCAP_features/Ses01M_script02_2_M038_features.pt,sad
/scratch/users/k24015724/wav2vec_project/outputs/IEMOCAP_features/Ses01M_script02_2_M039_features.pt,neu
/scratch/users/k24015724/wav2vec_project/outputs/IEMOCAP_features/Ses01M_script02_2_M040_features.pt,neu
/scratch/users/k24015724/wav2vec_project/outputs/IEMOCAP_features/Ses01M_script02_2_M041_features.pt,sad
/scratch/users/k24015724/wav2vec_project/outputs/IEMOCAP_features/Ses01M_script02_2_M042_features.pt,sad
/scratch/users/k24015724/wav2vec_project/outputs/IEMOCAP_features/Ses01M_script02_2_M043_features.pt,sad
/scratch/users/k24015724/wav2vec_project/outputs/IEMOCAP_features/Ses01M_script02_2_M044_features.pt,sad
/scratch/users/k24015724/wav2vec_project/outputs/IEMOCAP_features/Ses01M_script02_2_M045_features.pt,sad
/scratch/users/k24015724/wav2vec_project/outputs/IEMOCAP_features/Ses01M_script02_2_M049_features.pt,hap
/scratch/users/k24015724/wav2vec_project/outputs/IEMOCAP_features/Ses01M_script02_2_M050_features.pt,neu
/scratch/users/k24015724/wav2vec_project/outputs/IEMOCAP_features/Ses01M_script02_2_M051_features.pt,neu
/scratch/users/k24015724/wav2vec_project/outputs/IEMOCAP_features/Ses01M_script02_2_M052_features.pt,hap
/scratch/users/k24015724/wav2vec_project/outputs/IEMOCAP_features/Ses01M_script02_2_M053_features.pt,hap
/scratch/users/k24015724/wav2vec_project/outputs/IEMOCAP_features/Ses01M_script02_2_M054_features.pt,neu
/scratch/users/k24015724/wav2vec_project/outputs/IEMOCAP_features/Ses01M_script03_1_F003_features.pt,hap
/scratch/users/k24015724/wav2vec_project/outputs/IEMOCAP_features/Ses01M_script03_1_F004_features.pt,hap
/scratch/users/k24015724/wav2vec_project/outputs/IEMOCAP_features/Ses01M_script03_1_F008_features.pt,hap
/scratch/users/k24015724/wav2vec_project/outputs/IEMOCAP_features/Ses01M_script03_1_F009_features.pt,hap
/scratch/users/k24015724/wav2vec_project/outputs/IEMOCAP_features/Ses01M_script03_1_F010_features.pt,hap
/scratch/users/k24015724/wav2vec_project/outputs/IEMOCAP_features/Ses01M_script03_1_F011_features.pt,hap
/scratch/users/k24015724/wav2vec_project/outputs/IEMOCAP_features/Ses01M_script03_1_F014_features.pt,hap
/scratch/users/k24015724/wav2vec_project/outputs/IEMOCAP_features/Ses01M_script03_1_F015_features.pt,hap
/scratch/users/k24015724/wav2vec_project/outputs/IEMOCAP_features/Ses01M_script03_1_F017_features.pt,hap
/scratch/users/k24015724/wav2vec_project/outputs/IEMOCAP_features/Ses01M_script03_1_F018_features.pt,hap
/scratch/users/k24015724/wav2vec_project/outputs/IEMOCAP_features/Ses01M_script03_1_F019_features.pt,hap
/scratch/users/k24015724/wav2vec_project/outputs/IEMOCAP_features/Ses01M_script03_1_F021_features.pt,hap
/scratch/users/k24015724/wav2vec_project/outputs/IEMOCAP_features/Ses01M_script03_1_F024_features.pt,hap
/scratch/users/k24015724/wav2vec_project/outputs/IEMOCAP_features/Ses01M_script03_1_F030_features.pt,hap
/scratch/users/k24015724/wav2vec_project/outputs/IEMOCAP_features/Ses01M_script03_1_F034_features.pt,hap
/scratch/users/k24015724/wav2vec_project/outputs/IEMOCAP_features/Ses01M_script03_1_F036_features.pt,hap
/scratch/users/k24015724/wav2vec_project/outputs/IEMOCAP_features/Ses01M_script03_1_F037_features.pt,hap
/scratch/users/k24015724/wav2vec_project/outputs/IEMOCAP_features/Ses01M_script03_1_F038_features.pt,hap
/scratch/users/k24015724/wav2vec_project/outputs/IEMOCAP_features/Ses01M_script03_1_F039_features.pt,hap
/scratch/users/k24015724/wav2vec_project/outputs/IEMOCAP_features/Ses01M_script03_1_F040_features.pt,hap
/scratch/users/k24015724/wav2vec_project/outputs/IEMOCAP_features/Ses01M_script03_1_M004_features.pt,hap
/scratch/users/k24015724/wav2vec_project/outputs/IEMOCAP_features/Ses01M_script03_1_M010_features.pt,hap
/scratch/users/k24015724/wav2vec_project/outputs/IEMOCAP_features/Ses01M_script03_1_M011_features.pt,hap
/scratch/users/k24015724/wav2vec_project/outputs/IEMOCAP_features/Ses01M_script03_1_M012_features.pt,hap
/scratch/users/k24015724/wav2vec_project/outputs/IEMOCAP_features/Ses01M_script03_1_M013_features.pt,hap
/scratch/users/k24015724/wav2vec_project/outputs/IEMOCAP_features/Ses01M_script03_1_M014_features.pt,sad
/scratch/users/k24015724/wav2vec_project/outputs/IEMOCAP_features/Ses01M_script03_1_M016_features.pt,hap
/scratch/users/k24015724/wav2vec_project/outputs/IEMOCAP_features/Ses01M_script03_1_M017_features.pt,hap
/scratch/users/k24015724/wav2vec_project/outputs/IEMOCAP_features/Ses01M_script03_1_M019_features.pt,hap
/scratch/users/k24015724/wav2vec_project/outputs/IEMOCAP_features/Ses01M_script03_1_M021_features.pt,hap
/scratch/users/k24015724/wav2vec_project/outputs/IEMOCAP_features/Ses01M_script03_1_M022_features.pt,hap
/scratch/users/k24015724/wav2vec_project/outputs/IEMOCAP_features/Ses01M_script03_1_M030_features.pt,hap
/scratch/users/k24015724/wav2vec_project/outputs/IEMOCAP_features/Ses01M_script03_1_M031_features.pt,hap
/scratch/users/k24015724/wav2vec_project/outputs/IEMOCAP_features/Ses01M_script03_1_M033_features.pt,hap
/scratch/users/k24015724/wav2vec_project/outputs/IEMOCAP_features/Ses01M_script03_1_M039_features.pt,hap
/scratch/users/k24015724/wav2vec_project/outputs/IEMOCAP_features/Ses01M_script03_1_M040_features.pt,hap
/scratch/users/k24015724/wav2vec_project/outputs/IEMOCAP_features/Ses01M_script03_1_M041_features.pt,hap
/scratch/users/k24015724/wav2vec_project/outputs/IEMOCAP_features/Ses01M_script03_2_F006_features.pt,neu
/scratch/users/k24015724/wav2vec_project/outputs/IEMOCAP_features/Ses01M_script03_2_F010_features.pt,neu
/scratch/users/k24015724/wav2vec_project/outputs/IEMOCAP_features/Ses01M_script03_2_F011_features.pt,ang
/scratch/users/k24015724/wav2vec_project/outputs/IEMOCAP_features/Ses01M_script03_2_F015_features.pt,ang
/scratch/users/k24015724/wav2vec_project/outputs/IEMOCAP_features/Ses01M_script03_2_F017_features.pt,ang
/scratch/users/k24015724/wav2vec_project/outputs/IEMOCAP_features/Ses01M_script03_2_F022_features.pt,ang
/scratch/users/k24015724/wav2vec_project/outputs/IEMOCAP_features/Ses01M_script03_2_F023_features.pt,ang
/scratch/users/k24015724/wav2vec_project/outputs/IEMOCAP_features/Ses01M_script03_2_F024_features.pt,ang
/scratch/users/k24015724/wav2vec_project/outputs/IEMOCAP_features/Ses01M_script03_2_F025_features.pt,ang
/scratch/users/k24015724/wav2vec_project/outputs/IEMOCAP_features/Ses01M_script03_2_F026_features.pt,ang
/scratch/users/k24015724/wav2vec_project/outputs/IEMOCAP_features/Ses01M_script03_2_F027_features.pt,ang
/scratch/users/k24015724/wav2vec_project/outputs/IEMOCAP_features/Ses01M_script03_2_F028_features.pt,ang
/scratch/users/k24015724/wav2vec_project/outputs/IEMOCAP_features/Ses01M_script03_2_F029_features.pt,ang
/scratch/users/k24015724/wav2vec_project/outputs/IEMOCAP_features/Ses01M_script03_2_F030_features.pt,ang
/scratch/users/k24015724/wav2vec_project/outputs/IEMOCAP_features/Ses01M_script03_2_F031_features.pt,ang
/scratch/users/k24015724/wav2vec_project/outputs/IEMOCAP_features/Ses01M_script03_2_F033_features.pt,ang
/scratch/users/k24015724/wav2vec_project/outputs/IEMOCAP_features/Ses01M_script03_2_F034_features.pt,ang
/scratch/users/k24015724/wav2vec_project/outputs/IEMOCAP_features/Ses01M_script03_2_F035_features.pt,ang
/scratch/users/k24015724/wav2vec_project/outputs/IEMOCAP_features/Ses01M_script03_2_F036_features.pt,ang
/scratch/users/k24015724/wav2vec_project/outputs/IEMOCAP_features/Ses01M_script03_2_F037_features.pt,ang
/scratch/users/k24015724/wav2vec_project/outputs/IEMOCAP_features/Ses01M_script03_2_F038_features.pt,ang
/scratch/users/k24015724/wav2vec_project/outputs/IEMOCAP_features/Ses01M_script03_2_F039_features.pt,ang
/scratch/users/k24015724/wav2vec_project/outputs/IEMOCAP_features/Ses01M_script03_2_F040_features.pt,ang
/scratch/users/k24015724/wav2vec_project/outputs/IEMOCAP_features/Ses01M_script03_2_F041_features.pt,ang
/scratch/users/k24015724/wav2vec_project/outputs/IEMOCAP_features/Ses01M_script03_2_M012_features.pt,neu
/scratch/users/k24015724/wav2vec_project/outputs/IEMOCAP_features/Ses01M_script03_2_M013_features.pt,neu
/scratch/users/k24015724/wav2vec_project/outputs/IEMOCAP_features/Ses01M_script03_2_M016_features.pt,fru
/scratch/users/k24015724/wav2vec_project/outputs/IEMOCAP_features/Ses01M_script03_2_M017_features.pt,fru
/scratch/users/k24015724/wav2vec_project/outputs/IEMOCAP_features/Ses01M_script03_2_M018_features.pt,neu
/scratch/users/k24015724/wav2vec_project/outputs/IEMOCAP_features/Ses01M_script03_2_M022_features.pt,ang
/scratch/users/k24015724/wav2vec_project/outputs/IEMOCAP_features/Ses01M_script03_2_M023_features.pt,ang
/scratch/users/k24015724/wav2vec_project/outputs/IEMOCAP_features/Ses01M_script03_2_M024_features.pt,ang
/scratch/users/k24015724/wav2vec_project/outputs/IEMOCAP_features/Ses01M_script03_2_M025_features.pt,ang
/scratch/users/k24015724/wav2vec_project/outputs/IEMOCAP_features/Ses01M_script03_2_M026_features.pt,ang
/scratch/users/k24015724/wav2vec_project/outputs/IEMOCAP_features/Ses01M_script03_2_M027_features.pt,ang
/scratch/users/k24015724/wav2vec_project/outputs/IEMOCAP_features/Ses01M_script03_2_M028_features.pt,ang
/scratch/users/k24015724/wav2vec_project/outputs/IEMOCAP_features/Ses01M_script03_2_M029_features.pt,ang
/scratch/users/k24015724/wav2vec_project/outputs/IEMOCAP_features/Ses01M_script03_2_M030_features.pt,ang
/scratch/users/k24015724/wav2vec_project/outputs/IEMOCAP_features/Ses01M_script03_2_M031_features.pt,ang
/scratch/users/k24015724/wav2vec_project/outputs/IEMOCAP_features/Ses01M_script03_2_M032_features.pt,ang
/scratch/users/k24015724/wav2vec_project/outputs/IEMOCAP_features/Ses01M_script03_2_M033_features.pt,ang
/scratch/users/k24015724/wav2vec_project/outputs/IEMOCAP_features/Ses01M_script03_2_M034_features.pt,ang
/scratch/users/k24015724/wav2vec_project/outputs/IEMOCAP_features/Ses01M_script03_2_M035_features.pt,ang
/scratch/users/k24015724/wav2vec_project/outputs/IEMOCAP_features/Ses01M_script03_2_M036_features.pt,ang
/scratch/users/k24015724/wav2vec_project/outputs/IEMOCAP_features/Ses01M_script03_2_M037_features.pt,ang
/scratch/users/k24015724/wav2vec_project/outputs/IEMOCAP_features/Ses01M_script03_2_M038_features.pt,ang
/scratch/users/k24015724/wav2vec_project/outputs/IEMOCAP_features/Ses01M_script03_2_M039_features.pt,ang
/scratch/users/k24015724/wav2vec_project/outputs/IEMOCAP_features/Ses01M_script03_2_M040_features.pt,ang
/scratch/users/k24015724/wav2vec_project/outputs/IEMOCAP_features/Ses01M_script03_2_M041_features.pt,ang
/scratch/users/k24015724/wav2vec_project/outputs/IEMOCAP_features/Ses01M_script03_2_M042_features.pt,ang
/scratch/users/k24015724/wav2vec_project/outputs/IEMOCAP_features/Ses01M_script03_2_M043_features.pt,ang
/scratch/users/k24015724/wav2vec_project/outputs/IEMOCAP_features/Ses02F_impro01_F000_features.pt,neu
/scratch/users/k24015724/wav2vec_project/outputs/IEMOCAP_features/Ses02F_impro01_F003_features.pt,fru
/scratch/users/k24015724/wav2vec_project/outputs/IEMOCAP_features/Ses02F_impro01_F004_features.pt,fru
/scratch/users/k24015724/wav2vec_project/outputs/IEMOCAP_features/Ses02F_impro01_F005_features.pt,fru
/scratch/users/k24015724/wav2vec_project/outputs/IEMOCAP_features/Ses02F_impro01_F006_features.pt,fru
/scratch/users/k24015724/wav2vec_project/outputs/IEMOCAP_features/Ses02F_impro01_F007_features.pt,fru
/scratch/users/k24015724/wav2vec_project/outputs/IEMOCAP_features/Ses02F_impro01_F008_features.pt,fru
/scratch/users/k24015724/wav2vec_project/outputs/IEMOCAP_features/Ses02F_impro01_F009_features.pt,fru
/scratch/users/k24015724/wav2vec_project/outputs/IEMOCAP_features/Ses02F_impro01_F010_features.pt,fru
/scratch/users/k24015724/wav2vec_project/outputs/IEMOCAP_features/Ses02F_impro01_F011_features.pt,fru
/scratch/users/k24015724/wav2vec_project/outputs/IEMOCAP_features/Ses02F_impro01_F012_features.pt,fru
/scratch/users/k24015724/wav2vec_project/outputs/IEMOCAP_features/Ses02F_impro01_F013_features.pt,fru
/scratch/users/k24015724/wav2vec_project/outputs/IEMOCAP_features/Ses02F_impro01_F014_features.pt,fru
/scratch/users/k24015724/wav2vec_project/outputs/IEMOCAP_features/Ses02F_impro01_F015_features.pt,fru
/scratch/users/k24015724/wav2vec_project/outputs/IEMOCAP_features/Ses02F_impro01_F016_features.pt,fru
/scratch/users/k24015724/wav2vec_project/outputs/IEMOCAP_features/Ses02F_impro01_F017_features.pt,fru
/scratch/users/k24015724/wav2vec_project/outputs/IEMOCAP_features/Ses02F_impro01_F018_features.pt,ang
/scratch/users/k24015724/wav2vec_project/outputs/IEMOCAP_features/Ses02F_impro01_F019_features.pt,ang
/scratch/users/k24015724/wav2vec_project/outputs/IEMOCAP_features/Ses02F_impro01_F020_features.pt,ang
/scratch/users/k24015724/wav2vec_project/outputs/IEMOCAP_features/Ses02F_impro01_F021_features.pt,ang
/scratch/users/k24015724/wav2vec_project/outputs/IEMOCAP_features/Ses02F_impro01_F022_features.pt,fru
/scratch/users/k24015724/wav2vec_project/outputs/IEMOCAP_features/Ses02F_impro01_F023_features.pt,fru
/scratch/users/k24015724/wav2vec_project/outputs/IEMOCAP_features/Ses02F_impro01_M000_features.pt,neu
/scratch/users/k24015724/wav2vec_project/outputs/IEMOCAP_features/Ses02F_impro01_M001_features.pt,neu
/scratch/users/k24015724/wav2vec_project/outputs/IEMOCAP_features/Ses02F_impro01_M002_features.pt,neu
/scratch/users/k24015724/wav2vec_project/outputs/IEMOCAP_features/Ses02F_impro01_M004_features.pt,neu
/scratch/users/k24015724/wav2vec_project/outputs/IEMOCAP_features/Ses02F_impro01_M005_features.pt,fru
/scratch/users/k24015724/wav2vec_project/outputs/IEMOCAP_features/Ses02F_impro01_M006_features.pt,fru
/scratch/users/k24015724/wav2vec_project/outputs/IEMOCAP_features/Ses02F_impro01_M007_features.pt,fru
/scratch/users/k24015724/wav2vec_project/outputs/IEMOCAP_features/Ses02F_impro01_M008_features.pt,fru
/scratch/users/k24015724/wav2vec_project/outputs/IEMOCAP_features/Ses02F_impro01_M009_features.pt,fru
/scratch/users/k24015724/wav2vec_project/outputs/IEMOCAP_features/Ses02F_impro01_M010_features.pt,fru
/scratch/users/k24015724/wav2vec_project/outputs/IEMOCAP_features/Ses02F_impro01_M011_features.pt,fru
/scratch/users/k24015724/wav2vec_project/outputs/IEMOCAP_features/Ses02F_impro01_M012_features.pt,fru
/scratch/users/k24015724/wav2vec_project/outputs/IEMOCAP_features/Ses02F_impro01_M013_features.pt,fru
/scratch/users/k24015724/wav2vec_project/outputs/IEMOCAP_features/Ses02F_impro01_M014_features.pt,fru
/scratch/users/k24015724/wav2vec_project/outputs/IEMOCAP_features/Ses02F_impro01_M015_features.pt,fru
/scratch/users/k24015724/wav2vec_project/outputs/IEMOCAP_features/Ses02F_impro01_M017_features.pt,ang
/scratch/users/k24015724/wav2vec_project/outputs/IEMOCAP_features/Ses02F_impro01_M018_features.pt,fru
/scratch/users/k24015724/wav2vec_project/outputs/IEMOCAP_features/Ses02F_impro01_M019_features.pt,ang
/scratch/users/k24015724/wav2vec_project/outputs/IEMOCAP_features/Ses02F_impro01_M020_features.pt,fru
/scratch/users/k24015724/wav2vec_project/outputs/IEMOCAP_features/Ses02F_impro01_M021_features.pt,fru
/scratch/users/k24015724/wav2vec_project/outputs/IEMOCAP_features/Ses02F_impro01_M022_features.pt,fru
/scratch/users/k24015724/wav2vec_project/outputs/IEMOCAP_features/Ses02F_impro01_M023_features.pt,fru
/scratch/users/k24015724/wav2vec_project/outputs/IEMOCAP_features/Ses02F_impro01_M024_features.pt,fru
/scratch/users/k24015724/wav2vec_project/outputs/IEMOCAP_features/Ses02F_impro02_F000_features.pt,sad
/scratch/users/k24015724/wav2vec_project/outputs/IEMOCAP_features/Ses02F_impro02_F001_features.pt,sad
/scratch/users/k24015724/wav2vec_project/outputs/IEMOCAP_features/Ses02F_impro02_F002_features.pt,sad
/scratch/users/k24015724/wav2vec_project/outputs/IEMOCAP_features/Ses02F_impro02_F003_features.pt,sad
/scratch/users/k24015724/wav2vec_project/outputs/IEMOCAP_features/Ses02F_impro02_F004_features.pt,sad
/scratch/users/k24015724/wav2vec_project/outputs/IEMOCAP_features/Ses02F_impro02_F005_features.pt,sad
/scratch/users/k24015724/wav2vec_project/outputs/IEMOCAP_features/Ses02F_impro02_F006_features.pt,sad
/scratch/users/k24015724/wav2vec_project/outputs/IEMOCAP_features/Ses02F_impro02_F007_features.pt,sad
/scratch/users/k24015724/wav2vec_project/outputs/IEMOCAP_features/Ses02F_impro02_F008_features.pt,sad
/scratch/users/k24015724/wav2vec_project/outputs/IEMOCAP_features/Ses02F_impro02_F009_features.pt,sad
/scratch/users/k24015724/wav2vec_project/outputs/IEMOCAP_features/Ses02F_impro02_F010_features.pt,sad
/scratch/users/k24015724/wav2vec_project/outputs/IEMOCAP_features/Ses02F_impro02_F011_features.pt,sad
/scratch/users/k24015724/wav2vec_project/outputs/IEMOCAP_features/Ses02F_impro02_F012_features.pt,sad
/scratch/users/k24015724/wav2vec_project/outputs/IEMOCAP_features/Ses02F_impro02_F013_features.pt,sad
/scratch/users/k24015724/wav2vec_project/outputs/IEMOCAP_features/Ses02F_impro02_M001_features.pt,fru
/scratch/users/k24015724/wav2vec_project/outputs/IEMOCAP_features/Ses02F_impro02_M002_features.pt,fru
/scratch/users/k24015724/wav2vec_project/outputs/IEMOCAP_features/Ses02F_impro02_M003_features.pt,fru
/scratch/users/k24015724/wav2vec_project/outputs/IEMOCAP_features/Ses02F_impro02_M005_features.pt,fru
/scratch/users/k24015724/wav2vec_project/outputs/IEMOCAP_features/Ses02F_impro02_M006_features.pt,fru
/scratch/users/k24015724/wav2vec_project/outputs/IEMOCAP_features/Ses02F_impro02_M007_features.pt,sad
/scratch/users/k24015724/wav2vec_project/outputs/IEMOCAP_features/Ses02F_impro02_M008_features.pt,fru
/scratch/users/k24015724/wav2vec_project/outputs/IEMOCAP_features/Ses02F_impro02_M009_features.pt,fru
/scratch/users/k24015724/wav2vec_project/outputs/IEMOCAP_features/Ses02F_impro02_M010_features.pt,fru
/scratch/users/k24015724/wav2vec_project/outputs/IEMOCAP_features/Ses02F_impro02_M012_features.pt,sad
/scratch/users/k24015724/wav2vec_project/outputs/IEMOCAP_features/Ses02F_impro03_F015_features.pt,hap
/scratch/users/k24015724/wav2vec_project/outputs/IEMOCAP_features/Ses02F_impro03_F016_features.pt,hap
/scratch/users/k24015724/wav2vec_project/outputs/IEMOCAP_features/Ses02F_impro03_F017_features.pt,hap
/scratch/users/k24015724/wav2vec_project/outputs/IEMOCAP_features/Ses02F_impro03_F018_features.pt,hap
/scratch/users/k24015724/wav2vec_project/outputs/IEMOCAP_features/Ses02F_impro03_F019_features.pt,hap
/scratch/users/k24015724/wav2vec_project/outputs/IEMOCAP_features/Ses02F_impro03_F023_features.pt,hap
/scratch/users/k24015724/wav2vec_project/outputs/IEMOCAP_features/Ses02F_impro03_F026_features.pt,hap
/scratch/users/k24015724/wav2vec_project/outputs/IEMOCAP_features/Ses02F_impro03_F027_features.pt,hap
/scratch/users/k24015724/wav2vec_project/outputs/IEMOCAP_features/Ses02F_impro03_F029_features.pt,hap
/scratch/users/k24015724/wav2vec_project/outputs/IEMOCAP_features/Ses02F_impro03_F030_features.pt,hap
/scratch/users/k24015724/wav2vec_project/outputs/IEMOCAP_features/Ses02F_impro03_M001_features.pt,neu
/scratch/users/k24015724/wav2vec_project/outputs/IEMOCAP_features/Ses02F_impro03_M004_features.pt,hap
/scratch/users/k24015724/wav2vec_project/outputs/IEMOCAP_features/Ses02F_impro03_M009_features.pt,hap
/scratch/users/k24015724/wav2vec_project/outputs/IEMOCAP_features/Ses02F_impro03_M010_features.pt,hap
/scratch/users/k24015724/wav2vec_project/outputs/IEMOCAP_features/Ses02F_impro03_M011_features.pt,hap
/scratch/users/k24015724/wav2vec_project/outputs/IEMOCAP_features/Ses02F_impro03_M013_features.pt,neu
/scratch/users/k24015724/wav2vec_project/outputs/IEMOCAP_features/Ses02F_impro03_M014_features.pt,neu
/scratch/users/k24015724/wav2vec_project/outputs/IEMOCAP_features/Ses02F_impro03_M015_features.pt,neu
/scratch/users/k24015724/wav2vec_project/outputs/IEMOCAP_features/Ses02F_impro03_M016_features.pt,neu
/scratch/users/k24015724/wav2vec_project/outputs/IEMOCAP_features/Ses02F_impro03_M017_features.pt,neu
/scratch/users/k24015724/wav2vec_project/outputs/IEMOCAP_features/Ses02F_impro03_M018_features.pt,neu
/scratch/users/k24015724/wav2vec_project/outputs/IEMOCAP_features/Ses02F_impro03_M019_features.pt,hap
/scratch/users/k24015724/wav2vec_project/outputs/IEMOCAP_features/Ses02F_impro03_M020_features.pt,hap
/scratch/users/k24015724/wav2vec_project/outputs/IEMOCAP_features/Ses02F_impro03_M022_features.pt,hap
/scratch/users/k24015724/wav2vec_project/outputs/IEMOCAP_features/Ses02F_impro03_M023_features.pt,hap
/scratch/users/k24015724/wav2vec_project/outputs/IEMOCAP_features/Ses02F_impro03_M026_features.pt,hap
/scratch/users/k24015724/wav2vec_project/outputs/IEMOCAP_features/Ses02F_impro04_F000_features.pt,fru
/scratch/users/k24015724/wav2vec_project/outputs/IEMOCAP_features/Ses02F_impro04_F001_features.pt,fru
/scratch/users/k24015724/wav2vec_project/outputs/IEMOCAP_features/Ses02F_impro04_F002_features.pt,fru
/scratch/users/k24015724/wav2vec_project/outputs/IEMOCAP_features/Ses02F_impro04_F003_features.pt,fru
/scratch/users/k24015724/wav2vec_project/outputs/IEMOCAP_features/Ses02F_impro04_F004_features.pt,fru
/scratch/users/k24015724/wav2vec_project/outputs/IEMOCAP_features/Ses02F_impro04_F005_features.pt,fru
/scratch/users/k24015724/wav2vec_project/outputs/IEMOCAP_features/Ses02F_impro04_F006_features.pt,fru
/scratch/users/k24015724/wav2vec_project/outputs/IEMOCAP_features/Ses02F_impro04_F007_features.pt,fru
/scratch/users/k24015724/wav2vec_project/outputs/IEMOCAP_features/Ses02F_impro04_F008_features.pt,fru
/scratch/users/k24015724/wav2vec_project/outputs/IEMOCAP_features/Ses02F_impro04_F009_features.pt,sad
/scratch/users/k24015724/wav2vec_project/outputs/IEMOCAP_features/Ses02F_impro04_F010_features.pt,fru
/scratch/users/k24015724/wav2vec_project/outputs/IEMOCAP_features/Ses02F_impro04_F011_features.pt,fru
/scratch/users/k24015724/wav2vec_project/outputs/IEMOCAP_features/Ses02F_impro04_F012_features.pt,fru
/scratch/users/k24015724/wav2vec_project/outputs/IEMOCAP_features/Ses02F_impro04_F013_features.pt,fru
/scratch/users/k24015724/wav2vec_project/outputs/IEMOCAP_features/Ses02F_impro04_F014_features.pt,fru
/scratch/users/k24015724/wav2vec_project/outputs/IEMOCAP_features/Ses02F_impro04_F015_features.pt,fru
/scratch/users/k24015724/wav2vec_project/outputs/IEMOCAP_features/Ses02F_impro04_F016_features.pt,sad
/scratch/users/k24015724/wav2vec_project/outputs/IEMOCAP_features/Ses02F_impro04_M000_features.pt,neu
/scratch/users/k24015724/wav2vec_project/outputs/IEMOCAP_features/Ses02F_impro04_M001_features.pt,neu
/scratch/users/k24015724/wav2vec_project/outputs/IEMOCAP_features/Ses02F_impro04_M003_features.pt,neu
/scratch/users/k24015724/wav2vec_project/outputs/IEMOCAP_features/Ses02F_impro04_M004_features.pt,neu
/scratch/users/k24015724/wav2vec_project/outputs/IEMOCAP_features/Ses02F_impro04_M005_features.pt,neu
/scratch/users/k24015724/wav2vec_project/outputs/IEMOCAP_features/Ses02F_impro04_M006_features.pt,neu
/scratch/users/k24015724/wav2vec_project/outputs/IEMOCAP_features/Ses02F_impro04_M007_features.pt,neu
/scratch/users/k24015724/wav2vec_project/outputs/IEMOCAP_features/Ses02F_impro04_M008_features.pt,neu
/scratch/users/k24015724/wav2vec_project/outputs/IEMOCAP_features/Ses02F_impro04_M009_features.pt,neu
/scratch/users/k24015724/wav2vec_project/outputs/IEMOCAP_features/Ses02F_impro04_M010_features.pt,neu
/scratch/users/k24015724/wav2vec_project/outputs/IEMOCAP_features/Ses02F_impro04_M011_features.pt,neu
/scratch/users/k24015724/wav2vec_project/outputs/IEMOCAP_features/Ses02F_impro04_M012_features.pt,neu
/scratch/users/k24015724/wav2vec_project/outputs/IEMOCAP_features/Ses02F_impro04_M013_features.pt,neu
/scratch/users/k24015724/wav2vec_project/outputs/IEMOCAP_features/Ses02F_impro04_M014_features.pt,fru
/scratch/users/k24015724/wav2vec_project/outputs/IEMOCAP_features/Ses02F_impro04_M015_features.pt,neu
/scratch/users/k24015724/wav2vec_project/outputs/IEMOCAP_features/Ses02F_impro04_M016_features.pt,neu
/scratch/users/k24015724/wav2vec_project/outputs/IEMOCAP_features/Ses02F_impro04_M017_features.pt,neu
/scratch/users/k24015724/wav2vec_project/outputs/IEMOCAP_features/Ses02F_impro04_M018_features.pt,neu
/scratch/users/k24015724/wav2vec_project/outputs/IEMOCAP_features/Ses02F_impro04_M019_features.pt,neu
/scratch/users/k24015724/wav2vec_project/outputs/IEMOCAP_features/Ses02F_impro05_F000_features.pt,neu
/scratch/users/k24015724/wav2vec_project/outputs/IEMOCAP_features/Ses02F_impro05_F001_features.pt,neu
/scratch/users/k24015724/wav2vec_project/outputs/IEMOCAP_features/Ses02F_impro05_F004_features.pt,neu
/scratch/users/k24015724/wav2vec_project/outputs/IEMOCAP_features/Ses02F_impro05_F006_features.pt,ang
/scratch/users/k24015724/wav2vec_project/outputs/IEMOCAP_features/Ses02F_impro05_F007_features.pt,fru
/scratch/users/k24015724/wav2vec_project/outputs/IEMOCAP_features/Ses02F_impro05_F010_features.pt,ang
/scratch/users/k24015724/wav2vec_project/outputs/IEMOCAP_features/Ses02F_impro05_F011_features.pt,fru
/scratch/users/k24015724/wav2vec_project/outputs/IEMOCAP_features/Ses02F_impro05_F013_features.pt,fru
/scratch/users/k24015724/wav2vec_project/outputs/IEMOCAP_features/Ses02F_impro05_F014_features.pt,fru
/scratch/users/k24015724/wav2vec_project/outputs/IEMOCAP_features/Ses02F_impro05_F015_features.pt,fru
/scratch/users/k24015724/wav2vec_project/outputs/IEMOCAP_features/Ses02F_impro05_F016_features.pt,fru
/scratch/users/k24015724/wav2vec_project/outputs/IEMOCAP_features/Ses02F_impro05_F017_features.pt,fru
/scratch/users/k24015724/wav2vec_project/outputs/IEMOCAP_features/Ses02F_impro05_F018_features.pt,fru
/scratch/users/k24015724/wav2vec_project/outputs/IEMOCAP_features/Ses02F_impro05_F019_features.pt,ang
/scratch/users/k24015724/wav2vec_project/outputs/IEMOCAP_features/Ses02F_impro05_F020_features.pt,fru
/scratch/users/k24015724/wav2vec_project/outputs/IEMOCAP_features/Ses02F_impro05_F022_features.pt,fru
/scratch/users/k24015724/wav2vec_project/outputs/IEMOCAP_features/Ses02F_impro05_M000_features.pt,neu
/scratch/users/k24015724/wav2vec_project/outputs/IEMOCAP_features/Ses02F_impro05_M001_features.pt,neu
/scratch/users/k24015724/wav2vec_project/outputs/IEMOCAP_features/Ses02F_impro05_M002_features.pt,neu
/scratch/users/k24015724/wav2vec_project/outputs/IEMOCAP_features/Ses02F_impro05_M003_features.pt,neu
/scratch/users/k24015724/wav2vec_project/outputs/IEMOCAP_features/Ses02F_impro05_M004_features.pt,neu
/scratch/users/k24015724/wav2vec_project/outputs/IEMOCAP_features/Ses02F_impro05_M005_features.pt,neu
/scratch/users/k24015724/wav2vec_project/outputs/IEMOCAP_features/Ses02F_impro05_M006_features.pt,neu
/scratch/users/k24015724/wav2vec_project/outputs/IEMOCAP_features/Ses02F_impro05_M007_features.pt,neu
/scratch/users/k24015724/wav2vec_project/outputs/IEMOCAP_features/Ses02F_impro05_M008_features.pt,neu
/scratch/users/k24015724/wav2vec_project/outputs/IEMOCAP_features/Ses02F_impro05_M009_features.pt,neu
/scratch/users/k24015724/wav2vec_project/outputs/IEMOCAP_features/Ses02F_impro05_M010_features.pt,neu
/scratch/users/k24015724/wav2vec_project/outputs/IEMOCAP_features/Ses02F_impro05_M011_features.pt,neu
/scratch/users/k24015724/wav2vec_project/outputs/IEMOCAP_features/Ses02F_impro05_M012_features.pt,neu
/scratch/users/k24015724/wav2vec_project/outputs/IEMOCAP_features/Ses02F_impro05_M013_features.pt,neu
/scratch/users/k24015724/wav2vec_project/outputs/IEMOCAP_features/Ses02F_impro05_M014_features.pt,neu
/scratch/users/k24015724/wav2vec_project/outputs/IEMOCAP_features/Ses02F_impro05_M015_features.pt,neu
/scratch/users/k24015724/wav2vec_project/outputs/IEMOCAP_features/Ses02F_impro05_M016_features.pt,neu
/scratch/users/k24015724/wav2vec_project/outputs/IEMOCAP_features/Ses02F_impro05_M017_features.pt,neu
/scratch/users/k24015724/wav2vec_project/outputs/IEMOCAP_features/Ses02F_impro05_M018_features.pt,neu
/scratch/users/k24015724/wav2vec_project/outputs/IEMOCAP_features/Ses02F_impro05_M019_features.pt,neu
/scratch/users/k24015724/wav2vec_project/outputs/IEMOCAP_features/Ses02F_impro05_M020_features.pt,neu
/scratch/users/k24015724/wav2vec_project/outputs/IEMOCAP_features/Ses02F_impro05_M021_features.pt,neu
/scratch/users/k24015724/wav2vec_project/outputs/IEMOCAP_features/Ses02F_impro06_F000_features.pt,sad
/scratch/users/k24015724/wav2vec_project/outputs/IEMOCAP_features/Ses02F_impro06_F001_features.pt,sad
/scratch/users/k24015724/wav2vec_project/outputs/IEMOCAP_features/Ses02F_impro06_F002_features.pt,sad
/scratch/users/k24015724/wav2vec_project/outputs/IEMOCAP_features/Ses02F_impro06_F003_features.pt,sad
/scratch/users/k24015724/wav2vec_project/outputs/IEMOCAP_features/Ses02F_impro06_F004_features.pt,sad
/scratch/users/k24015724/wav2vec_project/outputs/IEMOCAP_features/Ses02F_impro06_F005_features.pt,sad
/scratch/users/k24015724/wav2vec_project/outputs/IEMOCAP_features/Ses02F_impro06_F006_features.pt,sad
/scratch/users/k24015724/wav2vec_project/outputs/IEMOCAP_features/Ses02F_impro06_F007_features.pt,sad
/scratch/users/k24015724/wav2vec_project/outputs/IEMOCAP_features/Ses02F_impro06_F008_features.pt,sad
/scratch/users/k24015724/wav2vec_project/outputs/IEMOCAP_features/Ses02F_impro06_F009_features.pt,sad
/scratch/users/k24015724/wav2vec_project/outputs/IEMOCAP_features/Ses02F_impro06_F010_features.pt,sad
/scratch/users/k24015724/wav2vec_project/outputs/IEMOCAP_features/Ses02F_impro06_F011_features.pt,sad
/scratch/users/k24015724/wav2vec_project/outputs/IEMOCAP_features/Ses02F_impro06_F012_features.pt,sad
/scratch/users/k24015724/wav2vec_project/outputs/IEMOCAP_features/Ses02F_impro06_F013_features.pt,sad
/scratch/users/k24015724/wav2vec_project/outputs/IEMOCAP_features/Ses02F_impro06_F014_features.pt,sad
/scratch/users/k24015724/wav2vec_project/outputs/IEMOCAP_features/Ses02F_impro06_M000_features.pt,neu
/scratch/users/k24015724/wav2vec_project/outputs/IEMOCAP_features/Ses02F_impro06_M001_features.pt,neu
/scratch/users/k24015724/wav2vec_project/outputs/IEMOCAP_features/Ses02F_impro06_M002_features.pt,neu
/scratch/users/k24015724/wav2vec_project/outputs/IEMOCAP_features/Ses02F_impro06_M003_features.pt,neu
/scratch/users/k24015724/wav2vec_project/outputs/IEMOCAP_features/Ses02F_impro06_M004_features.pt,neu
/scratch/users/k24015724/wav2vec_project/outputs/IEMOCAP_features/Ses02F_impro06_M005_features.pt,neu
/scratch/users/k24015724/wav2vec_project/outputs/IEMOCAP_features/Ses02F_impro06_M006_features.pt,neu
/scratch/users/k24015724/wav2vec_project/outputs/IEMOCAP_features/Ses02F_impro06_M007_features.pt,neu
/scratch/users/k24015724/wav2vec_project/outputs/IEMOCAP_features/Ses02F_impro06_M008_features.pt,neu
/scratch/users/k24015724/wav2vec_project/outputs/IEMOCAP_features/Ses02F_impro06_M009_features.pt,neu
/scratch/users/k24015724/wav2vec_project/outputs/IEMOCAP_features/Ses02F_impro06_M010_features.pt,neu
/scratch/users/k24015724/wav2vec_project/outputs/IEMOCAP_features/Ses02F_impro06_M011_features.pt,neu
/scratch/users/k24015724/wav2vec_project/outputs/IEMOCAP_features/Ses02F_impro06_M012_features.pt,neu
/scratch/users/k24015724/wav2vec_project/outputs/IEMOCAP_features/Ses02F_impro06_M013_features.pt,neu
/scratch/users/k24015724/wav2vec_project/outputs/IEMOCAP_features/Ses02F_impro06_M014_features.pt,neu
/scratch/users/k24015724/wav2vec_project/outputs/IEMOCAP_features/Ses02F_impro06_M015_features.pt,neu
/scratch/users/k24015724/wav2vec_project/outputs/IEMOCAP_features/Ses02F_impro06_M016_features.pt,neu
/scratch/users/k24015724/wav2vec_project/outputs/IEMOCAP_features/Ses02F_impro06_M017_features.pt,neu
/scratch/users/k24015724/wav2vec_project/outputs/IEMOCAP_features/Ses02F_impro06_M018_features.pt,neu
/scratch/users/k24015724/wav2vec_project/outputs/IEMOCAP_features/Ses02F_impro06_M019_features.pt,neu
/scratch/users/k24015724/wav2vec_project/outputs/IEMOCAP_features/Ses02F_impro07_M000_features.pt,neu
/scratch/users/k24015724/wav2vec_project/outputs/IEMOCAP_features/Ses02F_impro07_M016_features.pt,neu
/scratch/users/k24015724/wav2vec_project/outputs/IEMOCAP_features/Ses02F_impro07_M018_features.pt,hap
/scratch/users/k24015724/wav2vec_project/outputs/IEMOCAP_features/Ses02F_impro07_M019_features.pt,hap
/scratch/users/k24015724/wav2vec_project/outputs/IEMOCAP_features/Ses02F_impro08_F000_features.pt,neu
/scratch/users/k24015724/wav2vec_project/outputs/IEMOCAP_features/Ses02F_impro08_F001_features.pt,neu
/scratch/users/k24015724/wav2vec_project/outputs/IEMOCAP_features/Ses02F_impro08_F002_features.pt,neu
/scratch/users/k24015724/wav2vec_project/outputs/IEMOCAP_features/Ses02F_impro08_F003_features.pt,neu
/scratch/users/k24015724/wav2vec_project/outputs/IEMOCAP_features/Ses02F_impro08_F004_features.pt,neu
/scratch/users/k24015724/wav2vec_project/outputs/IEMOCAP_features/Ses02F_impro08_F005_features.pt,neu
/scratch/users/k24015724/wav2vec_project/outputs/IEMOCAP_features/Ses02F_impro08_F006_features.pt,neu
/scratch/users/k24015724/wav2vec_project/outputs/IEMOCAP_features/Ses02F_impro08_F007_features.pt,neu
/scratch/users/k24015724/wav2vec_project/outputs/IEMOCAP_features/Ses02F_impro08_F008_features.pt,neu
/scratch/users/k24015724/wav2vec_project/outputs/IEMOCAP_features/Ses02F_impro08_F009_features.pt,neu
/scratch/users/k24015724/wav2vec_project/outputs/IEMOCAP_features/Ses02F_impro08_F010_features.pt,neu
/scratch/users/k24015724/wav2vec_project/outputs/IEMOCAP_features/Ses02F_impro08_F011_features.pt,neu
/scratch/users/k24015724/wav2vec_project/outputs/IEMOCAP_features/Ses02F_impro08_F012_features.pt,neu
/scratch/users/k24015724/wav2vec_project/outputs/IEMOCAP_features/Ses02F_impro08_F013_features.pt,neu
/scratch/users/k24015724/wav2vec_project/outputs/IEMOCAP_features/Ses02F_impro08_F014_features.pt,neu
/scratch/users/k24015724/wav2vec_project/outputs/IEMOCAP_features/Ses02F_impro08_F015_features.pt,neu
/scratch/users/k24015724/wav2vec_project/outputs/IEMOCAP_features/Ses02F_impro08_F016_features.pt,neu
/scratch/users/k24015724/wav2vec_project/outputs/IEMOCAP_features/Ses02F_impro08_F017_features.pt,neu
/scratch/users/k24015724/wav2vec_project/outputs/IEMOCAP_features/Ses02F_impro08_F018_features.pt,neu
/scratch/users/k24015724/wav2vec_project/outputs/IEMOCAP_features/Ses02F_impro08_F019_features.pt,neu
/scratch/users/k24015724/wav2vec_project/outputs/IEMOCAP_features/Ses02F_impro08_F020_features.pt,neu
/scratch/users/k24015724/wav2vec_project/outputs/IEMOCAP_features/Ses02F_impro08_F021_features.pt,neu
/scratch/users/k24015724/wav2vec_project/outputs/IEMOCAP_features/Ses02F_impro08_F022_features.pt,neu
/scratch/users/k24015724/wav2vec_project/outputs/IEMOCAP_features/Ses02F_impro08_F023_features.pt,neu
/scratch/users/k24015724/wav2vec_project/outputs/IEMOCAP_features/Ses02F_impro08_F024_features.pt,neu
/scratch/users/k24015724/wav2vec_project/outputs/IEMOCAP_features/Ses02F_impro08_F025_features.pt,neu
/scratch/users/k24015724/wav2vec_project/outputs/IEMOCAP_features/Ses02F_impro08_F026_features.pt,neu
/scratch/users/k24015724/wav2vec_project/outputs/IEMOCAP_features/Ses02F_impro08_F027_features.pt,neu
/scratch/users/k24015724/wav2vec_project/outputs/IEMOCAP_features/Ses02F_impro08_M000_features.pt,fru
/scratch/users/k24015724/wav2vec_project/outputs/IEMOCAP_features/Ses02F_impro08_M001_features.pt,fru
/scratch/users/k24015724/wav2vec_project/outputs/IEMOCAP_features/Ses02F_impro08_M002_features.pt,fru
/scratch/users/k24015724/wav2vec_project/outputs/IEMOCAP_features/Ses02F_impro08_M003_features.pt,neu
/scratch/users/k24015724/wav2vec_project/outputs/IEMOCAP_features/Ses02F_impro08_M004_features.pt,fru
/scratch/users/k24015724/wav2vec_project/outputs/IEMOCAP_features/Ses02F_impro08_M005_features.pt,neu
/scratch/users/k24015724/wav2vec_project/outputs/IEMOCAP_features/Ses02F_impro08_M006_features.pt,neu
/scratch/users/k24015724/wav2vec_project/outputs/IEMOCAP_features/Ses02F_impro08_M007_features.pt,neu
/scratch/users/k24015724/wav2vec_project/outputs/IEMOCAP_features/Ses02F_impro08_M008_features.pt,neu
/scratch/users/k24015724/wav2vec_project/outputs/IEMOCAP_features/Ses02F_impro08_M009_features.pt,neu
/scratch/users/k24015724/wav2vec_project/outputs/IEMOCAP_features/Ses02F_impro08_M010_features.pt,neu
/scratch/users/k24015724/wav2vec_project/outputs/IEMOCAP_features/Ses02F_impro08_M011_features.pt,neu
/scratch/users/k24015724/wav2vec_project/outputs/IEMOCAP_features/Ses02F_impro08_M012_features.pt,neu
/scratch/users/k24015724/wav2vec_project/outputs/IEMOCAP_features/Ses02F_impro08_M013_features.pt,neu
/scratch/users/k24015724/wav2vec_project/outputs/IEMOCAP_features/Ses02F_impro08_M015_features.pt,neu
/scratch/users/k24015724/wav2vec_project/outputs/IEMOCAP_features/Ses02F_impro08_M016_features.pt,neu
/scratch/users/k24015724/wav2vec_project/outputs/IEMOCAP_features/Ses02F_impro08_M018_features.pt,neu
/scratch/users/k24015724/wav2vec_project/outputs/IEMOCAP_features/Ses02F_impro08_M019_features.pt,neu
/scratch/users/k24015724/wav2vec_project/outputs/IEMOCAP_features/Ses02F_script01_1_F004_features.pt,sad
/scratch/users/k24015724/wav2vec_project/outputs/IEMOCAP_features/Ses02F_script01_1_F005_features.pt,sad
/scratch/users/k24015724/wav2vec_project/outputs/IEMOCAP_features/Ses02F_script01_1_F006_features.pt,sad
/scratch/users/k24015724/wav2vec_project/outputs/IEMOCAP_features/Ses02F_script01_1_F011_features.pt,fru
/scratch/users/k24015724/wav2vec_project/outputs/IEMOCAP_features/Ses02F_script01_1_F012_features.pt,fru
/scratch/users/k24015724/wav2vec_project/outputs/IEMOCAP_features/Ses02F_script01_1_F013_features.pt,fru
/scratch/users/k24015724/wav2vec_project/outputs/IEMOCAP_features/Ses02F_script01_1_F014_features.pt,fru
/scratch/users/k24015724/wav2vec_project/outputs/IEMOCAP_features/Ses02F_script01_1_F017_features.pt,sad
/scratch/users/k24015724/wav2vec_project/outputs/IEMOCAP_features/Ses02F_script01_1_F018_features.pt,neu
/scratch/users/k24015724/wav2vec_project/outputs/IEMOCAP_features/Ses02F_script01_1_F019_features.pt,ang
/scratch/users/k24015724/wav2vec_project/outputs/IEMOCAP_features/Ses02F_script01_1_F021_features.pt,neu
/scratch/users/k24015724/wav2vec_project/outputs/IEMOCAP_features/Ses02F_script01_1_F023_features.pt,fru
/scratch/users/k24015724/wav2vec_project/outputs/IEMOCAP_features/Ses02F_script01_1_F024_features.pt,fru
/scratch/users/k24015724/wav2vec_project/outputs/IEMOCAP_features/Ses02F_script01_1_F025_features.pt,neu
/scratch/users/k24015724/wav2vec_project/outputs/IEMOCAP_features/Ses02F_script01_1_F026_features.pt,neu
/scratch/users/k24015724/wav2vec_project/outputs/IEMOCAP_features/Ses02F_script01_1_F027_features.pt,neu
/scratch/users/k24015724/wav2vec_project/outputs/IEMOCAP_features/Ses02F_script01_1_F028_features.pt,sad
/scratch/users/k24015724/wav2vec_project/outputs/IEMOCAP_features/Ses02F_script01_1_F029_features.pt,fru
/scratch/users/k24015724/wav2vec_project/outputs/IEMOCAP_features/Ses02F_script01_1_F030_features.pt,fru
/scratch/users/k24015724/wav2vec_project/outputs/IEMOCAP_features/Ses02F_script01_1_F031_features.pt,fru
/scratch/users/k24015724/wav2vec_project/outputs/IEMOCAP_features/Ses02F_script01_1_F032_features.pt,fru
/scratch/users/k24015724/wav2vec_project/outputs/IEMOCAP_features/Ses02F_script01_1_F033_features.pt,fru
/scratch/users/k24015724/wav2vec_project/outputs/IEMOCAP_features/Ses02F_script01_1_F034_features.pt,fru
/scratch/users/k24015724/wav2vec_project/outputs/IEMOCAP_features/Ses02F_script01_1_F036_features.pt,ang
/scratch/users/k24015724/wav2vec_project/outputs/IEMOCAP_features/Ses02F_script01_1_F037_features.pt,ang
/scratch/users/k24015724/wav2vec_project/outputs/IEMOCAP_features/Ses02F_script01_1_F038_features.pt,ang
/scratch/users/k24015724/wav2vec_project/outputs/IEMOCAP_features/Ses02F_script01_1_F040_features.pt,ang
/scratch/users/k24015724/wav2vec_project/outputs/IEMOCAP_features/Ses02F_script01_1_F042_features.pt,fru
/scratch/users/k24015724/wav2vec_project/outputs/IEMOCAP_features/Ses02F_script01_1_F043_features.pt,fru
/scratch/users/k24015724/wav2vec_project/outputs/IEMOCAP_features/Ses02F_script01_1_F044_features.pt,sad
/scratch/users/k24015724/wav2vec_project/outputs/IEMOCAP_features/Ses02F_script01_1_M011_features.pt,ang
/scratch/users/k24015724/wav2vec_project/outputs/IEMOCAP_features/Ses02F_script01_1_M012_features.pt,fru
/scratch/users/k24015724/wav2vec_project/outputs/IEMOCAP_features/Ses02F_script01_1_M013_features.pt,ang
/scratch/users/k24015724/wav2vec_project/outputs/IEMOCAP_features/Ses02F_script01_1_M015_features.pt,fru
/scratch/users/k24015724/wav2vec_project/outputs/IEMOCAP_features/Ses02F_script01_1_M017_features.pt,neu
/scratch/users/k24015724/wav2vec_project/outputs/IEMOCAP_features/Ses02F_script01_1_M018_features.pt,fru
/scratch/users/k24015724/wav2vec_project/outputs/IEMOCAP_features/Ses02F_script01_1_M019_features.pt,fru
/scratch/users/k24015724/wav2vec_project/outputs/IEMOCAP_features/Ses02F_script01_1_M020_features.pt,fru
/scratch/users/k24015724/wav2vec_project/outputs/IEMOCAP_features/Ses02F_script01_1_M021_features.pt,ang
/scratch/users/k24015724/wav2vec_project/outputs/IEMOCAP_features/Ses02F_script01_1_M023_features.pt,ang
/scratch/users/k24015724/wav2vec_project/outputs/IEMOCAP_features/Ses02F_script01_1_M024_features.pt,fru
/scratch/users/k24015724/wav2vec_project/outputs/IEMOCAP_features/Ses02F_script01_1_M025_features.pt,ang
/scratch/users/k24015724/wav2vec_project/outputs/IEMOCAP_features/Ses02F_script01_1_M027_features.pt,sad
/scratch/users/k24015724/wav2vec_project/outputs/IEMOCAP_features/Ses02F_script01_1_M029_features.pt,neu
/scratch/users/k24015724/wav2vec_project/outputs/IEMOCAP_features/Ses02F_script01_1_M031_features.pt,fru
/scratch/users/k24015724/wav2vec_project/outputs/IEMOCAP_features/Ses02F_script01_1_M032_features.pt,fru
/scratch/users/k24015724/wav2vec_project/outputs/IEMOCAP_features/Ses02F_script01_1_M033_features.pt,fru
/scratch/users/k24015724/wav2vec_project/outputs/IEMOCAP_features/Ses02F_script01_1_M036_features.pt,ang
/scratch/users/k24015724/wav2vec_project/outputs/IEMOCAP_features/Ses02F_script01_1_M037_features.pt,ang
/scratch/users/k24015724/wav2vec_project/outputs/IEMOCAP_features/Ses02F_script01_1_M038_features.pt,ang
/scratch/users/k24015724/wav2vec_project/outputs/IEMOCAP_features/Ses02F_script01_1_M040_features.pt,neu
/scratch/users/k24015724/wav2vec_project/outputs/IEMOCAP_features/Ses02F_script01_1_M042_features.pt,fru
/scratch/users/k24015724/wav2vec_project/outputs/IEMOCAP_features/Ses02F_script01_1_M043_features.pt,neu
/scratch/users/k24015724/wav2vec_project/outputs/IEMOCAP_features/Ses02F_script01_1_M044_features.pt,neu
/scratch/users/k24015724/wav2vec_project/outputs/IEMOCAP_features/Ses02F_script01_2_F005_features.pt,ang
/scratch/users/k24015724/wav2vec_project/outputs/IEMOCAP_features/Ses02F_script01_2_F008_features.pt,fru
/scratch/users/k24015724/wav2vec_project/outputs/IEMOCAP_features/Ses02F_script01_2_F009_features.pt,fru
/scratch/users/k24015724/wav2vec_project/outputs/IEMOCAP_features/Ses02F_script01_2_F011_features.pt,fru
/scratch/users/k24015724/wav2vec_project/outputs/IEMOCAP_features/Ses02F_script01_2_F012_features.pt,ang
/scratch/users/k24015724/wav2vec_project/outputs/IEMOCAP_features/Ses02F_script01_2_F013_features.pt,ang
/scratch/users/k24015724/wav2vec_project/outputs/IEMOCAP_features/Ses02F_script01_2_F014_features.pt,fru
/scratch/users/k24015724/wav2vec_project/outputs/IEMOCAP_features/Ses02F_script01_2_F015_features.pt,fru
/scratch/users/k24015724/wav2vec_project/outputs/IEMOCAP_features/Ses02F_script01_2_F016_features.pt,fru
/scratch/users/k24015724/wav2vec_project/outputs/IEMOCAP_features/Ses02F_script01_2_F017_features.pt,fru
/scratch/users/k24015724/wav2vec_project/outputs/IEMOCAP_features/Ses02F_script01_2_F018_features.pt,fru
/scratch/users/k24015724/wav2vec_project/outputs/IEMOCAP_features/Ses02F_script01_2_M001_features.pt,neu
/scratch/users/k24015724/wav2vec_project/outputs/IEMOCAP_features/Ses02F_script01_2_M002_features.pt,neu
/scratch/users/k24015724/wav2vec_project/outputs/IEMOCAP_features/Ses02F_script01_2_M004_features.pt,neu
/scratch/users/k24015724/wav2vec_project/outputs/IEMOCAP_features/Ses02F_script01_2_M005_features.pt,neu
/scratch/users/k24015724/wav2vec_project/outputs/IEMOCAP_features/Ses02F_script01_2_M006_features.pt,neu
/scratch/users/k24015724/wav2vec_project/outputs/IEMOCAP_features/Ses02F_script01_2_M007_features.pt,neu
/scratch/users/k24015724/wav2vec_project/outputs/IEMOCAP_features/Ses02F_script01_2_M008_features.pt,neu
/scratch/users/k24015724/wav2vec_project/outputs/IEMOCAP_features/Ses02F_script01_2_M009_features.pt,fru
/scratch/users/k24015724/wav2vec_project/outputs/IEMOCAP_features/Ses02F_script01_2_M010_features.pt,fru
/scratch/users/k24015724/wav2vec_project/outputs/IEMOCAP_features/Ses02F_script01_2_M011_features.pt,fru
/scratch/users/k24015724/wav2vec_project/outputs/IEMOCAP_features/Ses02F_script01_2_M012_features.pt,fru
/scratch/users/k24015724/wav2vec_project/outputs/IEMOCAP_features/Ses02F_script01_2_M013_features.pt,fru
/scratch/users/k24015724/wav2vec_project/outputs/IEMOCAP_features/Ses02F_script01_2_M014_features.pt,fru
/scratch/users/k24015724/wav2vec_project/outputs/IEMOCAP_features/Ses02F_script01_2_M016_features.pt,ang
/scratch/users/k24015724/wav2vec_project/outputs/IEMOCAP_features/Ses02F_script01_2_M017_features.pt,ang
/scratch/users/k24015724/wav2vec_project/outputs/IEMOCAP_features/Ses02F_script01_2_M018_features.pt,ang
/scratch/users/k24015724/wav2vec_project/outputs/IEMOCAP_features/Ses02F_script01_3_F009_features.pt,sad
/scratch/users/k24015724/wav2vec_project/outputs/IEMOCAP_features/Ses02F_script01_3_F012_features.pt,hap
/scratch/users/k24015724/wav2vec_project/outputs/IEMOCAP_features/Ses02F_script01_3_F013_features.pt,hap
/scratch/users/k24015724/wav2vec_project/outputs/IEMOCAP_features/Ses02F_script01_3_F014_features.pt,hap
/scratch/users/k24015724/wav2vec_project/outputs/IEMOCAP_features/Ses02F_script01_3_F016_features.pt,hap
/scratch/users/k24015724/wav2vec_project/outputs/IEMOCAP_features/Ses02F_script01_3_F020_features.pt,sad
/scratch/users/k24015724/wav2vec_project/outputs/IEMOCAP_features/Ses02F_script01_3_F021_features.pt,sad
/scratch/users/k24015724/wav2vec_project/outputs/IEMOCAP_features/Ses02F_script01_3_F022_features.pt,sad
/scratch/users/k24015724/wav2vec_project/outputs/IEMOCAP_features/Ses02F_script01_3_F023_features.pt,sad
/scratch/users/k24015724/wav2vec_project/outputs/IEMOCAP_features/Ses02F_script01_3_F024_features.pt,sad
/scratch/users/k24015724/wav2vec_project/outputs/IEMOCAP_features/Ses02F_script01_3_F025_features.pt,sad
/scratch/users/k24015724/wav2vec_project/outputs/IEMOCAP_features/Ses02F_script01_3_F026_features.pt,sad
/scratch/users/k24015724/wav2vec_project/outputs/IEMOCAP_features/Ses02F_script01_3_F029_features.pt,hap
/scratch/users/k24015724/wav2vec_project/outputs/IEMOCAP_features/Ses02F_script01_3_M001_features.pt,neu
/scratch/users/k24015724/wav2vec_project/outputs/IEMOCAP_features/Ses02F_script01_3_M020_features.pt,sad
/scratch/users/k24015724/wav2vec_project/outputs/IEMOCAP_features/Ses02F_script01_3_M021_features.pt,sad
/scratch/users/k24015724/wav2vec_project/outputs/IEMOCAP_features/Ses02F_script01_3_M022_features.pt,sad
/scratch/users/k24015724/wav2vec_project/outputs/IEMOCAP_features/Ses02F_script01_3_M023_features.pt,sad
/scratch/users/k24015724/wav2vec_project/outputs/IEMOCAP_features/Ses02F_script01_3_M024_features.pt,sad
/scratch/users/k24015724/wav2vec_project/outputs/IEMOCAP_features/Ses02F_script01_3_M025_features.pt,sad
/scratch/users/k24015724/wav2vec_project/outputs/IEMOCAP_features/Ses02F_script01_3_M026_features.pt,sad
/scratch/users/k24015724/wav2vec_project/outputs/IEMOCAP_features/Ses02F_script01_3_M027_features.pt,sad
/scratch/users/k24015724/wav2vec_project/outputs/IEMOCAP_features/Ses02F_script01_3_M028_features.pt,sad
/scratch/users/k24015724/wav2vec_project/outputs/IEMOCAP_features/Ses02F_script01_3_M029_features.pt,sad
/scratch/users/k24015724/wav2vec_project/outputs/IEMOCAP_features/Ses02F_script01_3_M030_features.pt,sad
/scratch/users/k24015724/wav2vec_project/outputs/IEMOCAP_features/Ses02F_script01_3_M031_features.pt,sad
/scratch/users/k24015724/wav2vec_project/outputs/IEMOCAP_features/Ses02F_script01_3_M032_features.pt,sad
/scratch/users/k24015724/wav2vec_project/outputs/IEMOCAP_features/Ses02F_script01_3_M033_features.pt,sad
/scratch/users/k24015724/wav2vec_project/outputs/IEMOCAP_features/Ses02F_script01_3_M034_features.pt,sad
/scratch/users/k24015724/wav2vec_project/outputs/IEMOCAP_features/Ses02F_script02_1_F001_features.pt,neu
/scratch/users/k24015724/wav2vec_project/outputs/IEMOCAP_features/Ses02F_script02_1_F005_features.pt,neu
/scratch/users/k24015724/wav2vec_project/outputs/IEMOCAP_features/Ses02F_script02_1_F007_features.pt,fru
/scratch/users/k24015724/wav2vec_project/outputs/IEMOCAP_features/Ses02F_script02_1_F013_features.pt,fru
/scratch/users/k24015724/wav2vec_project/outputs/IEMOCAP_features/Ses02F_script02_1_F014_features.pt,fru
/scratch/users/k24015724/wav2vec_project/outputs/IEMOCAP_features/Ses02F_script02_1_F015_features.pt,fru
/scratch/users/k24015724/wav2vec_project/outputs/IEMOCAP_features/Ses02F_script02_1_F016_features.pt,fru
/scratch/users/k24015724/wav2vec_project/outputs/IEMOCAP_features/Ses02F_script02_1_F018_features.pt,fru
/scratch/users/k24015724/wav2vec_project/outputs/IEMOCAP_features/Ses02F_script02_1_F019_features.pt,neu
/scratch/users/k24015724/wav2vec_project/outputs/IEMOCAP_features/Ses02F_script02_1_F021_features.pt,neu
/scratch/users/k24015724/wav2vec_project/outputs/IEMOCAP_features/Ses02F_script02_1_M009_features.pt,neu
/scratch/users/k24015724/wav2vec_project/outputs/IEMOCAP_features/Ses02F_script02_1_M010_features.pt,neu
/scratch/users/k24015724/wav2vec_project/outputs/IEMOCAP_features/Ses02F_script02_1_M012_features.pt,neu
/scratch/users/k24015724/wav2vec_project/outputs/IEMOCAP_features/Ses02F_script02_1_M013_features.pt,neu
/scratch/users/k24015724/wav2vec_project/outputs/IEMOCAP_features/Ses02F_script02_1_M017_features.pt,neu
/scratch/users/k24015724/wav2vec_project/outputs/IEMOCAP_features/Ses02F_script02_1_M019_features.pt,neu
/scratch/users/k24015724/wav2vec_project/outputs/IEMOCAP_features/Ses02F_script02_1_M020_features.pt,neu
/scratch/users/k24015724/wav2vec_project/outputs/IEMOCAP_features/Ses02F_script02_1_M021_features.pt,neu
/scratch/users/k24015724/wav2vec_project/outputs/IEMOCAP_features/Ses02F_script02_1_M027_features.pt,fru
/scratch/users/k24015724/wav2vec_project/outputs/IEMOCAP_features/Ses02F_script02_1_M031_features.pt,neu
/scratch/users/k24015724/wav2vec_project/outputs/IEMOCAP_features/Ses02F_script02_1_M033_features.pt,neu
/scratch/users/k24015724/wav2vec_project/outputs/IEMOCAP_features/Ses02F_script02_1_M043_features.pt,neu
/scratch/users/k24015724/wav2vec_project/outputs/IEMOCAP_features/Ses02F_script02_1_M044_features.pt,neu
/scratch/users/k24015724/wav2vec_project/outputs/IEMOCAP_features/Ses02F_script02_2_F000_features.pt,neu
/scratch/users/k24015724/wav2vec_project/outputs/IEMOCAP_features/Ses02F_script02_2_F001_features.pt,fru
/scratch/users/k24015724/wav2vec_project/outputs/IEMOCAP_features/Ses02F_script02_2_F005_features.pt,ang
/scratch/users/k24015724/wav2vec_project/outputs/IEMOCAP_features/Ses02F_script02_2_F006_features.pt,ang
/scratch/users/k24015724/wav2vec_project/outputs/IEMOCAP_features/Ses02F_script02_2_F007_features.pt,fru
/scratch/users/k24015724/wav2vec_project/outputs/IEMOCAP_features/Ses02F_script02_2_F008_features.pt,fru
/scratch/users/k24015724/wav2vec_project/outputs/IEMOCAP_features/Ses02F_script02_2_F009_features.pt,fru
/scratch/users/k24015724/wav2vec_project/outputs/IEMOCAP_features/Ses02F_script02_2_F010_features.pt,fru
/scratch/users/k24015724/wav2vec_project/outputs/IEMOCAP_features/Ses02F_script02_2_F011_features.pt,ang
/scratch/users/k24015724/wav2vec_project/outputs/IEMOCAP_features/Ses02F_script02_2_F012_features.pt,fru
/scratch/users/k24015724/wav2vec_project/outputs/IEMOCAP_features/Ses02F_script02_2_F013_features.pt,fru
/scratch/users/k24015724/wav2vec_project/outputs/IEMOCAP_features/Ses02F_script02_2_F015_features.pt,sad
/scratch/users/k24015724/wav2vec_project/outputs/IEMOCAP_features/Ses02F_script02_2_F016_features.pt,sad
/scratch/users/k24015724/wav2vec_project/outputs/IEMOCAP_features/Ses02F_script02_2_F017_features.pt,sad
/scratch/users/k24015724/wav2vec_project/outputs/IEMOCAP_features/Ses02F_script02_2_F018_features.pt,sad
/scratch/users/k24015724/wav2vec_project/outputs/IEMOCAP_features/Ses02F_script02_2_F019_features.pt,sad
/scratch/users/k24015724/wav2vec_project/outputs/IEMOCAP_features/Ses02F_script02_2_F020_features.pt,sad
/scratch/users/k24015724/wav2vec_project/outputs/IEMOCAP_features/Ses02F_script02_2_F021_features.pt,sad
/scratch/users/k24015724/wav2vec_project/outputs/IEMOCAP_features/Ses02F_script02_2_F022_features.pt,sad
/scratch/users/k24015724/wav2vec_project/outputs/IEMOCAP_features/Ses02F_script02_2_F024_features.pt,sad
/scratch/users/k24015724/wav2vec_project/outputs/IEMOCAP_features/Ses02F_script02_2_F025_features.pt,fru
/scratch/users/k24015724/wav2vec_project/outputs/IEMOCAP_features/Ses02F_script02_2_F026_features.pt,fru
/scratch/users/k24015724/wav2vec_project/outputs/IEMOCAP_features/Ses02F_script02_2_F027_features.pt,fru
/scratch/users/k24015724/wav2vec_project/outputs/IEMOCAP_features/Ses02F_script02_2_F031_features.pt,sad
/scratch/users/k24015724/wav2vec_project/outputs/IEMOCAP_features/Ses02F_script02_2_F033_features.pt,sad
/scratch/users/k24015724/wav2vec_project/outputs/IEMOCAP_features/Ses02F_script02_2_F034_features.pt,sad
/scratch/users/k24015724/wav2vec_project/outputs/IEMOCAP_features/Ses02F_script02_2_F035_features.pt,sad
/scratch/users/k24015724/wav2vec_project/outputs/IEMOCAP_features/Ses02F_script02_2_F038_features.pt,sad
/scratch/users/k24015724/wav2vec_project/outputs/IEMOCAP_features/Ses02F_script02_2_F041_features.pt,hap
/scratch/users/k24015724/wav2vec_project/outputs/IEMOCAP_features/Ses02F_script02_2_F042_features.pt,hap
/scratch/users/k24015724/wav2vec_project/outputs/IEMOCAP_features/Ses02F_script02_2_F043_features.pt,hap
/scratch/users/k24015724/wav2vec_project/outputs/IEMOCAP_features/Ses02F_script02_2_F044_features.pt,sad
/scratch/users/k24015724/wav2vec_project/outputs/IEMOCAP_features/Ses02F_script02_2_F045_features.pt,hap
/scratch/users/k24015724/wav2vec_project/outputs/IEMOCAP_features/Ses02F_script02_2_M001_features.pt,neu
/scratch/users/k24015724/wav2vec_project/outputs/IEMOCAP_features/Ses02F_script02_2_M002_features.pt,neu
/scratch/users/k24015724/wav2vec_project/outputs/IEMOCAP_features/Ses02F_script02_2_M003_features.pt,neu
/scratch/users/k24015724/wav2vec_project/outputs/IEMOCAP_features/Ses02F_script02_2_M005_features.pt,neu
/scratch/users/k24015724/wav2vec_project/outputs/IEMOCAP_features/Ses02F_script02_2_M006_features.pt,fru
/scratch/users/k24015724/wav2vec_project/outputs/IEMOCAP_features/Ses02F_script02_2_M007_features.pt,neu
/scratch/users/k24015724/wav2vec_project/outputs/IEMOCAP_features/Ses02F_script02_2_M008_features.pt,fru
/scratch/users/k24015724/wav2vec_project/outputs/IEMOCAP_features/Ses02F_script02_2_M009_features.pt,neu
/scratch/users/k24015724/wav2vec_project/outputs/IEMOCAP_features/Ses02F_script02_2_M010_features.pt,neu
/scratch/users/k24015724/wav2vec_project/outputs/IEMOCAP_features/Ses02F_script02_2_M011_features.pt,fru
/scratch/users/k24015724/wav2vec_project/outputs/IEMOCAP_features/Ses02F_script02_2_M012_features.pt,fru
/scratch/users/k24015724/wav2vec_project/outputs/IEMOCAP_features/Ses02F_script02_2_M013_features.pt,neu
/scratch/users/k24015724/wav2vec_project/outputs/IEMOCAP_features/Ses02F_script02_2_M014_features.pt,fru
/scratch/users/k24015724/wav2vec_project/outputs/IEMOCAP_features/Ses02F_script02_2_M016_features.pt,neu
/scratch/users/k24015724/wav2vec_project/outputs/IEMOCAP_features/Ses02F_script02_2_M017_features.pt,neu
/scratch/users/k24015724/wav2vec_project/outputs/IEMOCAP_features/Ses02F_script02_2_M018_features.pt,neu
/scratch/users/k24015724/wav2vec_project/outputs/IEMOCAP_features/Ses02F_script02_2_M019_features.pt,neu
/scratch/users/k24015724/wav2vec_project/outputs/IEMOCAP_features/Ses02F_script02_2_M020_features.pt,neu
/scratch/users/k24015724/wav2vec_project/outputs/IEMOCAP_features/Ses02F_script02_2_M021_features.pt,neu
/scratch/users/k24015724/wav2vec_project/outputs/IEMOCAP_features/Ses02F_script02_2_M022_features.pt,neu
/scratch/users/k24015724/wav2vec_project/outputs/IEMOCAP_features/Ses02F_script02_2_M023_features.pt,neu
/scratch/users/k24015724/wav2vec_project/outputs/IEMOCAP_features/Ses02F_script02_2_M024_features.pt,fru
/scratch/users/k24015724/wav2vec_project/outputs/IEMOCAP_features/Ses02F_script02_2_M025_features.pt,fru
/scratch/users/k24015724/wav2vec_project/outputs/IEMOCAP_features/Ses02F_script02_2_M026_features.pt,fru
/scratch/users/k24015724/wav2vec_project/outputs/IEMOCAP_features/Ses02F_script02_2_M027_features.pt,fru
/scratch/users/k24015724/wav2vec_project/outputs/IEMOCAP_features/Ses02F_script02_2_M028_features.pt,fru
/scratch/users/k24015724/wav2vec_project/outputs/IEMOCAP_features/Ses02F_script02_2_M029_features.pt,ang
/scratch/users/k24015724/wav2vec_project/outputs/IEMOCAP_features/Ses02F_script02_2_M031_features.pt,sad
/scratch/users/k24015724/wav2vec_project/outputs/IEMOCAP_features/Ses02F_script02_2_M032_features.pt,fru
/scratch/users/k24015724/wav2vec_project/outputs/IEMOCAP_features/Ses02F_script02_2_M033_features.pt,neu
/scratch/users/k24015724/wav2vec_project/outputs/IEMOCAP_features/Ses02F_script02_2_M034_features.pt,neu
/scratch/users/k24015724/wav2vec_project/outputs/IEMOCAP_features/Ses02F_script02_2_M035_features.pt,sad
/scratch/users/k24015724/wav2vec_project/outputs/IEMOCAP_features/Ses02F_script02_2_M036_features.pt,sad
/scratch/users/k24015724/wav2vec_project/outputs/IEMOCAP_features/Ses02F_script02_2_M037_features.pt,sad
/scratch/users/k24015724/wav2vec_project/outputs/IEMOCAP_features/Ses02F_script02_2_M038_features.pt,sad
/scratch/users/k24015724/wav2vec_project/outputs/IEMOCAP_features/Ses02F_script02_2_M041_features.pt,hap
/scratch/users/k24015724/wav2vec_project/outputs/IEMOCAP_features/Ses02F_script02_2_M042_features.pt,hap
/scratch/users/k24015724/wav2vec_project/outputs/IEMOCAP_features/Ses02F_script02_2_M043_features.pt,hap
/scratch/users/k24015724/wav2vec_project/outputs/IEMOCAP_features/Ses02F_script02_2_M045_features.pt,hap
/scratch/users/k24015724/wav2vec_project/outputs/IEMOCAP_features/Ses02F_script02_2_M046_features.pt,hap
/scratch/users/k24015724/wav2vec_project/outputs/IEMOCAP_features/Ses02F_script03_1_F006_features.pt,hap
/scratch/users/k24015724/wav2vec_project/outputs/IEMOCAP_features/Ses02F_script03_1_F007_features.pt,hap
/scratch/users/k24015724/wav2vec_project/outputs/IEMOCAP_features/Ses02F_script03_1_F008_features.pt,hap
/scratch/users/k24015724/wav2vec_project/outputs/IEMOCAP_features/Ses02F_script03_1_F009_features.pt,hap
/scratch/users/k24015724/wav2vec_project/outputs/IEMOCAP_features/Ses02F_script03_1_F010_features.pt,hap
/scratch/users/k24015724/wav2vec_project/outputs/IEMOCAP_features/Ses02F_script03_1_F012_features.pt,neu
/scratch/users/k24015724/wav2vec_project/outputs/IEMOCAP_features/Ses02F_script03_1_F013_features.pt,neu
/scratch/users/k24015724/wav2vec_project/outputs/IEMOCAP_features/Ses02F_script03_1_F014_features.pt,neu
/scratch/users/k24015724/wav2vec_project/outputs/IEMOCAP_features/Ses02F_script03_1_F015_features.pt,neu
/scratch/users/k24015724/wav2vec_project/outputs/IEMOCAP_features/Ses02F_script03_1_F016_features.pt,neu
/scratch/users/k24015724/wav2vec_project/outputs/IEMOCAP_features/Ses02F_script03_1_F017_features.pt,neu
/scratch/users/k24015724/wav2vec_project/outputs/IEMOCAP_features/Ses02F_script03_1_F019_features.pt,hap
/scratch/users/k24015724/wav2vec_project/outputs/IEMOCAP_features/Ses02F_script03_1_F020_features.pt,hap
/scratch/users/k24015724/wav2vec_project/outputs/IEMOCAP_features/Ses02F_script03_1_F021_features.pt,hap
/scratch/users/k24015724/wav2vec_project/outputs/IEMOCAP_features/Ses02F_script03_1_F022_features.pt,hap
/scratch/users/k24015724/wav2vec_project/outputs/IEMOCAP_features/Ses02F_script03_1_F023_features.pt,hap
/scratch/users/k24015724/wav2vec_project/outputs/IEMOCAP_features/Ses02F_script03_1_F024_features.pt,hap
/scratch/users/k24015724/wav2vec_project/outputs/IEMOCAP_features/Ses02F_script03_1_F025_features.pt,hap
/scratch/users/k24015724/wav2vec_project/outputs/IEMOCAP_features/Ses02F_script03_1_F026_features.pt,hap
/scratch/users/k24015724/wav2vec_project/outputs/IEMOCAP_features/Ses02F_script03_1_F027_features.pt,neu
/scratch/users/k24015724/wav2vec_project/outputs/IEMOCAP_features/Ses02F_script03_1_F028_features.pt,hap
/scratch/users/k24015724/wav2vec_project/outputs/IEMOCAP_features/Ses02F_script03_1_M001_features.pt,neu
/scratch/users/k24015724/wav2vec_project/outputs/IEMOCAP_features/Ses02F_script03_1_M004_features.pt,neu
/scratch/users/k24015724/wav2vec_project/outputs/IEMOCAP_features/Ses02F_script03_1_M005_features.pt,neu
/scratch/users/k24015724/wav2vec_project/outputs/IEMOCAP_features/Ses02F_script03_1_M007_features.pt,neu
/scratch/users/k24015724/wav2vec_project/outputs/IEMOCAP_features/Ses02F_script03_1_M008_features.pt,neu
/scratch/users/k24015724/wav2vec_project/outputs/IEMOCAP_features/Ses02F_script03_1_M009_features.pt,neu
/scratch/users/k24015724/wav2vec_project/outputs/IEMOCAP_features/Ses02F_script03_1_M010_features.pt,neu
/scratch/users/k24015724/wav2vec_project/outputs/IEMOCAP_features/Ses02F_script03_1_M012_features.pt,neu
/scratch/users/k24015724/wav2vec_project/outputs/IEMOCAP_features/Ses02F_script03_1_M013_features.pt,neu
/scratch/users/k24015724/wav2vec_project/outputs/IEMOCAP_features/Ses02F_script03_1_M014_features.pt,neu
/scratch/users/k24015724/wav2vec_project/outputs/IEMOCAP_features/Ses02F_script03_1_M015_features.pt,neu
/scratch/users/k24015724/wav2vec_project/outputs/IEMOCAP_features/Ses02F_script03_1_M016_features.pt,neu
/scratch/users/k24015724/wav2vec_project/outputs/IEMOCAP_features/Ses02F_script03_1_M017_features.pt,neu
/scratch/users/k24015724/wav2vec_project/outputs/IEMOCAP_features/Ses02F_script03_1_M018_features.pt,neu
/scratch/users/k24015724/wav2vec_project/outputs/IEMOCAP_features/Ses02F_script03_1_M021_features.pt,neu
/scratch/users/k24015724/wav2vec_project/outputs/IEMOCAP_features/Ses02F_script03_1_M024_features.pt,neu
/scratch/users/k24015724/wav2vec_project/outputs/IEMOCAP_features/Ses02F_script03_1_M025_features.pt,neu
/scratch/users/k24015724/wav2vec_project/outputs/IEMOCAP_features/Ses02F_script03_1_M026_features.pt,neu
/scratch/users/k24015724/wav2vec_project/outputs/IEMOCAP_features/Ses02F_script03_1_M028_features.pt,neu
/scratch/users/k24015724/wav2vec_project/outputs/IEMOCAP_features/Ses02F_script03_1_M029_features.pt,neu
/scratch/users/k24015724/wav2vec_project/outputs/IEMOCAP_features/Ses02F_script03_1_M031_features.pt,neu
/scratch/users/k24015724/wav2vec_project/outputs/IEMOCAP_features/Ses02F_script03_1_M033_features.pt,neu
/scratch/users/k24015724/wav2vec_project/outputs/IEMOCAP_features/Ses02F_script03_1_M034_features.pt,neu
/scratch/users/k24015724/wav2vec_project/outputs/IEMOCAP_features/Ses02F_script03_2_F007_features.pt,neu
/scratch/users/k24015724/wav2vec_project/outputs/IEMOCAP_features/Ses02F_script03_2_F011_features.pt,neu
/scratch/users/k24015724/wav2vec_project/outputs/IEMOCAP_features/Ses02F_script03_2_F012_features.pt,neu
/scratch/users/k24015724/wav2vec_project/outputs/IEMOCAP_features/Ses02F_script03_2_F013_features.pt,ang
/scratch/users/k24015724/wav2vec_project/outputs/IEMOCAP_features/Ses02F_script03_2_F014_features.pt,ang
/scratch/users/k24015724/wav2vec_project/outputs/IEMOCAP_features/Ses02F_script03_2_F017_features.pt,fru
/scratch/users/k24015724/wav2vec_project/outputs/IEMOCAP_features/Ses02F_script03_2_F018_features.pt,ang
/scratch/users/k24015724/wav2vec_project/outputs/IEMOCAP_features/Ses02F_script03_2_F019_features.pt,fru
/scratch/users/k24015724/wav2vec_project/outputs/IEMOCAP_features/Ses02F_script03_2_F020_features.pt,ang
/scratch/users/k24015724/wav2vec_project/outputs/IEMOCAP_features/Ses02F_script03_2_F022_features.pt,fru
/scratch/users/k24015724/wav2vec_project/outputs/IEMOCAP_features/Ses02F_script03_2_F024_features.pt,fru
/scratch/users/k24015724/wav2vec_project/outputs/IEMOCAP_features/Ses02F_script03_2_F025_features.pt,ang
/scratch/users/k24015724/wav2vec_project/outputs/IEMOCAP_features/Ses02F_script03_2_F026_features.pt,fru
/scratch/users/k24015724/wav2vec_project/outputs/IEMOCAP_features/Ses02F_script03_2_F028_features.pt,fru
/scratch/users/k24015724/wav2vec_project/outputs/IEMOCAP_features/Ses02F_script03_2_F029_features.pt,ang
/scratch/users/k24015724/wav2vec_project/outputs/IEMOCAP_features/Ses02F_script03_2_F030_features.pt,fru
/scratch/users/k24015724/wav2vec_project/outputs/IEMOCAP_features/Ses02F_script03_2_F031_features.pt,ang
/scratch/users/k24015724/wav2vec_project/outputs/IEMOCAP_features/Ses02F_script03_2_F032_features.pt,fru
/scratch/users/k24015724/wav2vec_project/outputs/IEMOCAP_features/Ses02F_script03_2_F034_features.pt,ang
/scratch/users/k24015724/wav2vec_project/outputs/IEMOCAP_features/Ses02F_script03_2_F035_features.pt,ang
/scratch/users/k24015724/wav2vec_project/outputs/IEMOCAP_features/Ses02F_script03_2_F036_features.pt,ang
/scratch/users/k24015724/wav2vec_project/outputs/IEMOCAP_features/Ses02F_script03_2_F037_features.pt,ang
/scratch/users/k24015724/wav2vec_project/outputs/IEMOCAP_features/Ses02F_script03_2_F038_features.pt,ang
/scratch/users/k24015724/wav2vec_project/outputs/IEMOCAP_features/Ses02F_script03_2_F039_features.pt,ang
/scratch/users/k24015724/wav2vec_project/outputs/IEMOCAP_features/Ses02F_script03_2_F040_features.pt,ang
/scratch/users/k24015724/wav2vec_project/outputs/IEMOCAP_features/Ses02F_script03_2_F041_features.pt,ang
/scratch/users/k24015724/wav2vec_project/outputs/IEMOCAP_features/Ses02F_script03_2_F042_features.pt,ang
/scratch/users/k24015724/wav2vec_project/outputs/IEMOCAP_features/Ses02F_script03_2_F043_features.pt,ang
/scratch/users/k24015724/wav2vec_project/outputs/IEMOCAP_features/Ses02F_script03_2_M000_features.pt,neu
/scratch/users/k24015724/wav2vec_project/outputs/IEMOCAP_features/Ses02F_script03_2_M001_features.pt,neu
/scratch/users/k24015724/wav2vec_project/outputs/IEMOCAP_features/Ses02F_script03_2_M006_features.pt,ang
/scratch/users/k24015724/wav2vec_project/outputs/IEMOCAP_features/Ses02F_script03_2_M007_features.pt,ang
/scratch/users/k24015724/wav2vec_project/outputs/IEMOCAP_features/Ses02F_script03_2_M009_features.pt,neu
/scratch/users/k24015724/wav2vec_project/outputs/IEMOCAP_features/Ses02F_script03_2_M011_features.pt,neu
/scratch/users/k24015724/wav2vec_project/outputs/IEMOCAP_features/Ses02F_script03_2_M012_features.pt,fru
/scratch/users/k24015724/wav2vec_project/outputs/IEMOCAP_features/Ses02F_script03_2_M013_features.pt,ang
/scratch/users/k24015724/wav2vec_project/outputs/IEMOCAP_features/Ses02F_script03_2_M015_features.pt,fru
/scratch/users/k24015724/wav2vec_project/outputs/IEMOCAP_features/Ses02F_script03_2_M019_features.pt,fru
/scratch/users/k24015724/wav2vec_project/outputs/IEMOCAP_features/Ses02F_script03_2_M021_features.pt,fru
/scratch/users/k24015724/wav2vec_project/outputs/IEMOCAP_features/Ses02F_script03_2_M022_features.pt,fru
/scratch/users/k24015724/wav2vec_project/outputs/IEMOCAP_features/Ses02F_script03_2_M023_features.pt,fru
/scratch/users/k24015724/wav2vec_project/outputs/IEMOCAP_features/Ses02F_script03_2_M027_features.pt,ang
/scratch/users/k24015724/wav2vec_project/outputs/IEMOCAP_features/Ses02F_script03_2_M028_features.pt,fru
/scratch/users/k24015724/wav2vec_project/outputs/IEMOCAP_features/Ses02F_script03_2_M029_features.pt,fru
/scratch/users/k24015724/wav2vec_project/outputs/IEMOCAP_features/Ses02F_script03_2_M030_features.pt,ang
/scratch/users/k24015724/wav2vec_project/outputs/IEMOCAP_features/Ses02F_script03_2_M033_features.pt,fru
/scratch/users/k24015724/wav2vec_project/outputs/IEMOCAP_features/Ses02F_script03_2_M034_features.pt,fru
/scratch/users/k24015724/wav2vec_project/outputs/IEMOCAP_features/Ses02F_script03_2_M035_features.pt,fru
/scratch/users/k24015724/wav2vec_project/outputs/IEMOCAP_features/Ses02F_script03_2_M036_features.pt,ang
/scratch/users/k24015724/wav2vec_project/outputs/IEMOCAP_features/Ses02F_script03_2_M037_features.pt,ang
/scratch/users/k24015724/wav2vec_project/outputs/IEMOCAP_features/Ses02F_script03_2_M038_features.pt,ang
/scratch/users/k24015724/wav2vec_project/outputs/IEMOCAP_features/Ses02F_script03_2_M039_features.pt,ang
/scratch/users/k24015724/wav2vec_project/outputs/IEMOCAP_features/Ses02F_script03_2_M040_features.pt,fru
/scratch/users/k24015724/wav2vec_project/outputs/IEMOCAP_features/Ses02F_script03_2_M041_features.pt,ang
/scratch/users/k24015724/wav2vec_project/outputs/IEMOCAP_features/Ses02F_script03_2_M042_features.pt,ang
/scratch/users/k24015724/wav2vec_project/outputs/IEMOCAP_features/Ses02F_script03_2_M043_features.pt,ang
/scratch/users/k24015724/wav2vec_project/outputs/IEMOCAP_features/Ses02F_script03_2_M044_features.pt,ang
/scratch/users/k24015724/wav2vec_project/outputs/IEMOCAP_features/Ses02F_script03_2_M045_features.pt,ang
/scratch/users/k24015724/wav2vec_project/outputs/IEMOCAP_features/Ses02F_script03_2_M046_features.pt,ang
/scratch/users/k24015724/wav2vec_project/outputs/IEMOCAP_features/Ses02F_script03_2_M047_features.pt,ang
/scratch/users/k24015724/wav2vec_project/outputs/IEMOCAP_features/Ses02M_impro01_F000_features.pt,neu
/scratch/users/k24015724/wav2vec_project/outputs/IEMOCAP_features/Ses02M_impro01_F001_features.pt,neu
/scratch/users/k24015724/wav2vec_project/outputs/IEMOCAP_features/Ses02M_impro01_F002_features.pt,neu
/scratch/users/k24015724/wav2vec_project/outputs/IEMOCAP_features/Ses02M_impro01_F003_features.pt,neu
/scratch/users/k24015724/wav2vec_project/outputs/IEMOCAP_features/Ses02M_impro01_F004_features.pt,neu
/scratch/users/k24015724/wav2vec_project/outputs/IEMOCAP_features/Ses02M_impro01_F005_features.pt,neu
/scratch/users/k24015724/wav2vec_project/outputs/IEMOCAP_features/Ses02M_impro01_F006_features.pt,neu
/scratch/users/k24015724/wav2vec_project/outputs/IEMOCAP_features/Ses02M_impro01_F007_features.pt,fru
/scratch/users/k24015724/wav2vec_project/outputs/IEMOCAP_features/Ses02M_impro01_F008_features.pt,fru
/scratch/users/k24015724/wav2vec_project/outputs/IEMOCAP_features/Ses02M_impro01_F009_features.pt,fru
/scratch/users/k24015724/wav2vec_project/outputs/IEMOCAP_features/Ses02M_impro01_F010_features.pt,fru
/scratch/users/k24015724/wav2vec_project/outputs/IEMOCAP_features/Ses02M_impro01_F011_features.pt,fru
/scratch/users/k24015724/wav2vec_project/outputs/IEMOCAP_features/Ses02M_impro01_F012_features.pt,fru
/scratch/users/k24015724/wav2vec_project/outputs/IEMOCAP_features/Ses02M_impro01_F013_features.pt,fru
/scratch/users/k24015724/wav2vec_project/outputs/IEMOCAP_features/Ses02M_impro01_F014_features.pt,fru
/scratch/users/k24015724/wav2vec_project/outputs/IEMOCAP_features/Ses02M_impro01_F015_features.pt,neu
/scratch/users/k24015724/wav2vec_project/outputs/IEMOCAP_features/Ses02M_impro01_F016_features.pt,neu
/scratch/users/k24015724/wav2vec_project/outputs/IEMOCAP_features/Ses02M_impro01_F017_features.pt,fru
/scratch/users/k24015724/wav2vec_project/outputs/IEMOCAP_features/Ses02M_impro01_F018_features.pt,fru
/scratch/users/k24015724/wav2vec_project/outputs/IEMOCAP_features/Ses02M_impro01_F019_features.pt,fru
/scratch/users/k24015724/wav2vec_project/outputs/IEMOCAP_features/Ses02M_impro01_F020_features.pt,fru
/scratch/users/k24015724/wav2vec_project/outputs/IEMOCAP_features/Ses02M_impro01_F021_features.pt,fru
/scratch/users/k24015724/wav2vec_project/outputs/IEMOCAP_features/Ses02M_impro01_F022_features.pt,fru
/scratch/users/k24015724/wav2vec_project/outputs/IEMOCAP_features/Ses02M_impro01_F023_features.pt,fru
/scratch/users/k24015724/wav2vec_project/outputs/IEMOCAP_features/Ses02M_impro01_F024_features.pt,fru
/scratch/users/k24015724/wav2vec_project/outputs/IEMOCAP_features/Ses02M_impro01_M000_features.pt,fru
/scratch/users/k24015724/wav2vec_project/outputs/IEMOCAP_features/Ses02M_impro01_M001_features.pt,neu
/scratch/users/k24015724/wav2vec_project/outputs/IEMOCAP_features/Ses02M_impro01_M002_features.pt,neu
/scratch/users/k24015724/wav2vec_project/outputs/IEMOCAP_features/Ses02M_impro01_M003_features.pt,neu
/scratch/users/k24015724/wav2vec_project/outputs/IEMOCAP_features/Ses02M_impro01_M004_features.pt,neu
/scratch/users/k24015724/wav2vec_project/outputs/IEMOCAP_features/Ses02M_impro01_M005_features.pt,neu
/scratch/users/k24015724/wav2vec_project/outputs/IEMOCAP_features/Ses02M_impro01_M006_features.pt,fru
/scratch/users/k24015724/wav2vec_project/outputs/IEMOCAP_features/Ses02M_impro01_M007_features.pt,ang
/scratch/users/k24015724/wav2vec_project/outputs/IEMOCAP_features/Ses02M_impro01_M008_features.pt,ang
/scratch/users/k24015724/wav2vec_project/outputs/IEMOCAP_features/Ses02M_impro01_M009_features.pt,ang
/scratch/users/k24015724/wav2vec_project/outputs/IEMOCAP_features/Ses02M_impro01_M010_features.pt,ang
/scratch/users/k24015724/wav2vec_project/outputs/IEMOCAP_features/Ses02M_impro01_M011_features.pt,ang
/scratch/users/k24015724/wav2vec_project/outputs/IEMOCAP_features/Ses02M_impro01_M012_features.pt,fru
/scratch/users/k24015724/wav2vec_project/outputs/IEMOCAP_features/Ses02M_impro01_M013_features.pt,fru
/scratch/users/k24015724/wav2vec_project/outputs/IEMOCAP_features/Ses02M_impro01_M014_features.pt,fru
/scratch/users/k24015724/wav2vec_project/outputs/IEMOCAP_features/Ses02M_impro01_M015_features.pt,fru
/scratch/users/k24015724/wav2vec_project/outputs/IEMOCAP_features/Ses02M_impro01_M017_features.pt,fru
/scratch/users/k24015724/wav2vec_project/outputs/IEMOCAP_features/Ses02M_impro01_M018_features.pt,ang
/scratch/users/k24015724/wav2vec_project/outputs/IEMOCAP_features/Ses02M_impro01_M019_features.pt,ang
/scratch/users/k24015724/wav2vec_project/outputs/IEMOCAP_features/Ses02M_impro01_M020_features.pt,fru
/scratch/users/k24015724/wav2vec_project/outputs/IEMOCAP_features/Ses02M_impro01_M021_features.pt,fru
/scratch/users/k24015724/wav2vec_project/outputs/IEMOCAP_features/Ses02M_impro01_M022_features.pt,fru
/scratch/users/k24015724/wav2vec_project/outputs/IEMOCAP_features/Ses02M_impro02_F000_features.pt,sad
/scratch/users/k24015724/wav2vec_project/outputs/IEMOCAP_features/Ses02M_impro02_F001_features.pt,sad
/scratch/users/k24015724/wav2vec_project/outputs/IEMOCAP_features/Ses02M_impro02_F002_features.pt,sad
/scratch/users/k24015724/wav2vec_project/outputs/IEMOCAP_features/Ses02M_impro02_F003_features.pt,sad
/scratch/users/k24015724/wav2vec_project/outputs/IEMOCAP_features/Ses02M_impro02_F004_features.pt,sad
/scratch/users/k24015724/wav2vec_project/outputs/IEMOCAP_features/Ses02M_impro02_F005_features.pt,sad
/scratch/users/k24015724/wav2vec_project/outputs/IEMOCAP_features/Ses02M_impro02_F006_features.pt,sad
/scratch/users/k24015724/wav2vec_project/outputs/IEMOCAP_features/Ses02M_impro02_F007_features.pt,sad
/scratch/users/k24015724/wav2vec_project/outputs/IEMOCAP_features/Ses02M_impro02_F008_features.pt,sad
/scratch/users/k24015724/wav2vec_project/outputs/IEMOCAP_features/Ses02M_impro02_F009_features.pt,sad
/scratch/users/k24015724/wav2vec_project/outputs/IEMOCAP_features/Ses02M_impro02_F010_features.pt,sad
/scratch/users/k24015724/wav2vec_project/outputs/IEMOCAP_features/Ses02M_impro02_F011_features.pt,fru
/scratch/users/k24015724/wav2vec_project/outputs/IEMOCAP_features/Ses02M_impro02_F012_features.pt,sad
/scratch/users/k24015724/wav2vec_project/outputs/IEMOCAP_features/Ses02M_impro02_F013_features.pt,sad
/scratch/users/k24015724/wav2vec_project/outputs/IEMOCAP_features/Ses02M_impro02_F014_features.pt,sad
/scratch/users/k24015724/wav2vec_project/outputs/IEMOCAP_features/Ses02M_impro02_M000_features.pt,sad
/scratch/users/k24015724/wav2vec_project/outputs/IEMOCAP_features/Ses02M_impro02_M001_features.pt,sad
/scratch/users/k24015724/wav2vec_project/outputs/IEMOCAP_features/Ses02M_impro02_M002_features.pt,sad
/scratch/users/k24015724/wav2vec_project/outputs/IEMOCAP_features/Ses02M_impro02_M003_features.pt,fru
/scratch/users/k24015724/wav2vec_project/outputs/IEMOCAP_features/Ses02M_impro02_M007_features.pt,sad
/scratch/users/k24015724/wav2vec_project/outputs/IEMOCAP_features/Ses02M_impro02_M008_features.pt,sad
/scratch/users/k24015724/wav2vec_project/outputs/IEMOCAP_features/Ses02M_impro02_M009_features.pt,sad
/scratch/users/k24015724/wav2vec_project/outputs/IEMOCAP_features/Ses02M_impro02_M013_features.pt,sad
/scratch/users/k24015724/wav2vec_project/outputs/IEMOCAP_features/Ses02M_impro02_M014_features.pt,neu
/scratch/users/k24015724/wav2vec_project/outputs/IEMOCAP_features/Ses02M_impro02_M017_features.pt,sad
/scratch/users/k24015724/wav2vec_project/outputs/IEMOCAP_features/Ses02M_impro02_M018_features.pt,sad
/scratch/users/k24015724/wav2vec_project/outputs/IEMOCAP_features/Ses02M_impro03_M010_features.pt,hap
/scratch/users/k24015724/wav2vec_project/outputs/IEMOCAP_features/Ses02M_impro03_M011_features.pt,hap
/scratch/users/k24015724/wav2vec_project/outputs/IEMOCAP_features/Ses02M_impro03_M012_features.pt,hap
/scratch/users/k24015724/wav2vec_project/outputs/IEMOCAP_features/Ses02M_impro03_M014_features.pt,hap
/scratch/users/k24015724/wav2vec_project/outputs/IEMOCAP_features/Ses02M_impro03_M015_features.pt,hap
/scratch/users/k24015724/wav2vec_project/outputs/IEMOCAP_features/Ses02M_impro03_M017_features.pt,hap
/scratch/users/k24015724/wav2vec_project/outputs/IEMOCAP_features/Ses02M_impro03_M021_features.pt,hap
/scratch/users/k24015724/wav2vec_project/outputs/IEMOCAP_features/Ses02M_impro03_M027_features.pt,hap
/scratch/users/k24015724/wav2vec_project/outputs/IEMOCAP_features/Ses02M_impro03_M028_features.pt,hap
/scratch/users/k24015724/wav2vec_project/outputs/IEMOCAP_features/Ses02M_impro03_M031_features.pt,hap
/scratch/users/k24015724/wav2vec_project/outputs/IEMOCAP_features/Ses02M_impro04_F000_features.pt,neu
/scratch/users/k24015724/wav2vec_project/outputs/IEMOCAP_features/Ses02M_impro04_F001_features.pt,neu
/scratch/users/k24015724/wav2vec_project/outputs/IEMOCAP_features/Ses02M_impro04_F002_features.pt,neu
/scratch/users/k24015724/wav2vec_project/outputs/IEMOCAP_features/Ses02M_impro04_F003_features.pt,neu
/scratch/users/k24015724/wav2vec_project/outputs/IEMOCAP_features/Ses02M_impro04_F004_features.pt,neu
/scratch/users/k24015724/wav2vec_project/outputs/IEMOCAP_features/Ses02M_impro04_F005_features.pt,neu
/scratch/users/k24015724/wav2vec_project/outputs/IEMOCAP_features/Ses02M_impro04_F006_features.pt,neu
/scratch/users/k24015724/wav2vec_project/outputs/IEMOCAP_features/Ses02M_impro04_F007_features.pt,neu
/scratch/users/k24015724/wav2vec_project/outputs/IEMOCAP_features/Ses02M_impro04_F008_features.pt,neu
/scratch/users/k24015724/wav2vec_project/outputs/IEMOCAP_features/Ses02M_impro04_F009_features.pt,sad
/scratch/users/k24015724/wav2vec_project/outputs/IEMOCAP_features/Ses02M_impro04_F010_features.pt,neu
/scratch/users/k24015724/wav2vec_project/outputs/IEMOCAP_features/Ses02M_impro04_F011_features.pt,neu
/scratch/users/k24015724/wav2vec_project/outputs/IEMOCAP_features/Ses02M_impro04_F012_features.pt,neu
/scratch/users/k24015724/wav2vec_project/outputs/IEMOCAP_features/Ses02M_impro04_F014_features.pt,neu
/scratch/users/k24015724/wav2vec_project/outputs/IEMOCAP_features/Ses02M_impro04_F015_features.pt,neu
/scratch/users/k24015724/wav2vec_project/outputs/IEMOCAP_features/Ses02M_impro04_F016_features.pt,neu
/scratch/users/k24015724/wav2vec_project/outputs/IEMOCAP_features/Ses02M_impro04_M000_features.pt,fru
/scratch/users/k24015724/wav2vec_project/outputs/IEMOCAP_features/Ses02M_impro04_M001_features.pt,fru
/scratch/users/k24015724/wav2vec_project/outputs/IEMOCAP_features/Ses02M_impro04_M002_features.pt,fru
/scratch/users/k24015724/wav2vec_project/outputs/IEMOCAP_features/Ses02M_impro04_M003_features.pt,fru
/scratch/users/k24015724/wav2vec_project/outputs/IEMOCAP_features/Ses02M_impro04_M004_features.pt,fru
/scratch/users/k24015724/wav2vec_project/outputs/IEMOCAP_features/Ses02M_impro04_M005_features.pt,fru
/scratch/users/k24015724/wav2vec_project/outputs/IEMOCAP_features/Ses02M_impro04_M006_features.pt,fru
/scratch/users/k24015724/wav2vec_project/outputs/IEMOCAP_features/Ses02M_impro04_M007_features.pt,fru
/scratch/users/k24015724/wav2vec_project/outputs/IEMOCAP_features/Ses02M_impro04_M009_features.pt,fru
/scratch/users/k24015724/wav2vec_project/outputs/IEMOCAP_features/Ses02M_impro04_M010_features.pt,fru
/scratch/users/k24015724/wav2vec_project/outputs/IEMOCAP_features/Ses02M_impro04_M011_features.pt,fru
/scratch/users/k24015724/wav2vec_project/outputs/IEMOCAP_features/Ses02M_impro04_M012_features.pt,fru
/scratch/users/k24015724/wav2vec_project/outputs/IEMOCAP_features/Ses02M_impro04_M013_features.pt,fru
/scratch/users/k24015724/wav2vec_project/outputs/IEMOCAP_features/Ses02M_impro04_M014_features.pt,sad
/scratch/users/k24015724/wav2vec_project/outputs/IEMOCAP_features/Ses02M_impro04_M015_features.pt,fru
/scratch/users/k24015724/wav2vec_project/outputs/IEMOCAP_features/Ses02M_impro04_M016_features.pt,fru
/scratch/users/k24015724/wav2vec_project/outputs/IEMOCAP_features/Ses02M_impro04_M017_features.pt,fru
/scratch/users/k24015724/wav2vec_project/outputs/IEMOCAP_features/Ses02M_impro04_M018_features.pt,fru
/scratch/users/k24015724/wav2vec_project/outputs/IEMOCAP_features/Ses02M_impro04_M019_features.pt,ang
/scratch/users/k24015724/wav2vec_project/outputs/IEMOCAP_features/Ses02M_impro04_M020_features.pt,fru
/scratch/users/k24015724/wav2vec_project/outputs/IEMOCAP_features/Ses02M_impro04_M022_features.pt,sad
/scratch/users/k24015724/wav2vec_project/outputs/IEMOCAP_features/Ses02M_impro05_F000_features.pt,neu
/scratch/users/k24015724/wav2vec_project/outputs/IEMOCAP_features/Ses02M_impro05_F001_features.pt,neu
/scratch/users/k24015724/wav2vec_project/outputs/IEMOCAP_features/Ses02M_impro05_F002_features.pt,neu
/scratch/users/k24015724/wav2vec_project/outputs/IEMOCAP_features/Ses02M_impro05_F003_features.pt,neu
/scratch/users/k24015724/wav2vec_project/outputs/IEMOCAP_features/Ses02M_impro05_F004_features.pt,neu
/scratch/users/k24015724/wav2vec_project/outputs/IEMOCAP_features/Ses02M_impro05_F005_features.pt,neu
/scratch/users/k24015724/wav2vec_project/outputs/IEMOCAP_features/Ses02M_impro05_F006_features.pt,neu
/scratch/users/k24015724/wav2vec_project/outputs/IEMOCAP_features/Ses02M_impro05_F007_features.pt,neu
/scratch/users/k24015724/wav2vec_project/outputs/IEMOCAP_features/Ses02M_impro05_F008_features.pt,neu
/scratch/users/k24015724/wav2vec_project/outputs/IEMOCAP_features/Ses02M_impro05_F009_features.pt,neu
/scratch/users/k24015724/wav2vec_project/outputs/IEMOCAP_features/Ses02M_impro05_F010_features.pt,neu
/scratch/users/k24015724/wav2vec_project/outputs/IEMOCAP_features/Ses02M_impro05_F011_features.pt,neu
/scratch/users/k24015724/wav2vec_project/outputs/IEMOCAP_features/Ses02M_impro05_F012_features.pt,neu
/scratch/users/k24015724/wav2vec_project/outputs/IEMOCAP_features/Ses02M_impro05_F013_features.pt,neu
/scratch/users/k24015724/wav2vec_project/outputs/IEMOCAP_features/Ses02M_impro05_F014_features.pt,neu
/scratch/users/k24015724/wav2vec_project/outputs/IEMOCAP_features/Ses02M_impro05_F015_features.pt,neu
/scratch/users/k24015724/wav2vec_project/outputs/IEMOCAP_features/Ses02M_impro05_F016_features.pt,neu
/scratch/users/k24015724/wav2vec_project/outputs/IEMOCAP_features/Ses02M_impro05_F017_features.pt,neu
/scratch/users/k24015724/wav2vec_project/outputs/IEMOCAP_features/Ses02M_impro05_F018_features.pt,neu
/scratch/users/k24015724/wav2vec_project/outputs/IEMOCAP_features/Ses02M_impro05_F019_features.pt,neu
/scratch/users/k24015724/wav2vec_project/outputs/IEMOCAP_features/Ses02M_impro05_F020_features.pt,neu
/scratch/users/k24015724/wav2vec_project/outputs/IEMOCAP_features/Ses02M_impro05_F021_features.pt,neu
/scratch/users/k24015724/wav2vec_project/outputs/IEMOCAP_features/Ses02M_impro05_F022_features.pt,fru
/scratch/users/k24015724/wav2vec_project/outputs/IEMOCAP_features/Ses02M_impro05_F023_features.pt,neu
/scratch/users/k24015724/wav2vec_project/outputs/IEMOCAP_features/Ses02M_impro05_F024_features.pt,neu
/scratch/users/k24015724/wav2vec_project/outputs/IEMOCAP_features/Ses02M_impro05_F025_features.pt,neu
/scratch/users/k24015724/wav2vec_project/outputs/IEMOCAP_features/Ses02M_impro05_F026_features.pt,neu
/scratch/users/k24015724/wav2vec_project/outputs/IEMOCAP_features/Ses02M_impro05_F028_features.pt,fru
/scratch/users/k24015724/wav2vec_project/outputs/IEMOCAP_features/Ses02M_impro05_F029_features.pt,fru
/scratch/users/k24015724/wav2vec_project/outputs/IEMOCAP_features/Ses02M_impro05_M000_features.pt,neu
/scratch/users/k24015724/wav2vec_project/outputs/IEMOCAP_features/Ses02M_impro05_M001_features.pt,neu
/scratch/users/k24015724/wav2vec_project/outputs/IEMOCAP_features/Ses02M_impro05_M002_features.pt,neu
/scratch/users/k24015724/wav2vec_project/outputs/IEMOCAP_features/Ses02M_impro05_M003_features.pt,neu
/scratch/users/k24015724/wav2vec_project/outputs/IEMOCAP_features/Ses02M_impro05_M006_features.pt,fru
/scratch/users/k24015724/wav2vec_project/outputs/IEMOCAP_features/Ses02M_impro05_M008_features.pt,fru
/scratch/users/k24015724/wav2vec_project/outputs/IEMOCAP_features/Ses02M_impro05_M010_features.pt,fru
/scratch/users/k24015724/wav2vec_project/outputs/IEMOCAP_features/Ses02M_impro05_M011_features.pt,fru
/scratch/users/k24015724/wav2vec_project/outputs/IEMOCAP_features/Ses02M_impro05_M013_features.pt,ang
/scratch/users/k24015724/wav2vec_project/outputs/IEMOCAP_features/Ses02M_impro05_M014_features.pt,fru
/scratch/users/k24015724/wav2vec_project/outputs/IEMOCAP_features/Ses02M_impro05_M016_features.pt,ang
/scratch/users/k24015724/wav2vec_project/outputs/IEMOCAP_features/Ses02M_impro05_M017_features.pt,fru
/scratch/users/k24015724/wav2vec_project/outputs/IEMOCAP_features/Ses02M_impro05_M018_features.pt,ang
/scratch/users/k24015724/wav2vec_project/outputs/IEMOCAP_features/Ses02M_impro05_M019_features.pt,fru
/scratch/users/k24015724/wav2vec_project/outputs/IEMOCAP_features/Ses02M_impro05_M020_features.pt,fru
/scratch/users/k24015724/wav2vec_project/outputs/IEMOCAP_features/Ses02M_impro05_M021_features.pt,fru
/scratch/users/k24015724/wav2vec_project/outputs/IEMOCAP_features/Ses02M_impro05_M023_features.pt,fru
/scratch/users/k24015724/wav2vec_project/outputs/IEMOCAP_features/Ses02M_impro05_M024_features.pt,fru
/scratch/users/k24015724/wav2vec_project/outputs/IEMOCAP_features/Ses02M_impro05_M025_features.pt,ang
/scratch/users/k24015724/wav2vec_project/outputs/IEMOCAP_features/Ses02M_impro05_M026_features.pt,ang
/scratch/users/k24015724/wav2vec_project/outputs/IEMOCAP_features/Ses02M_impro05_M027_features.pt,fru
/scratch/users/k24015724/wav2vec_project/outputs/IEMOCAP_features/Ses02M_impro05_M028_features.pt,fru
/scratch/users/k24015724/wav2vec_project/outputs/IEMOCAP_features/Ses02M_impro06_F002_features.pt,sad
/scratch/users/k24015724/wav2vec_project/outputs/IEMOCAP_features/Ses02M_impro06_F003_features.pt,sad
/scratch/users/k24015724/wav2vec_project/outputs/IEMOCAP_features/Ses02M_impro06_F004_features.pt,sad
/scratch/users/k24015724/wav2vec_project/outputs/IEMOCAP_features/Ses02M_impro06_F005_features.pt,sad
/scratch/users/k24015724/wav2vec_project/outputs/IEMOCAP_features/Ses02M_impro06_F006_features.pt,sad
/scratch/users/k24015724/wav2vec_project/outputs/IEMOCAP_features/Ses02M_impro06_F007_features.pt,sad
/scratch/users/k24015724/wav2vec_project/outputs/IEMOCAP_features/Ses02M_impro06_F008_features.pt,sad
/scratch/users/k24015724/wav2vec_project/outputs/IEMOCAP_features/Ses02M_impro06_F009_features.pt,sad
/scratch/users/k24015724/wav2vec_project/outputs/IEMOCAP_features/Ses02M_impro06_F010_features.pt,sad
/scratch/users/k24015724/wav2vec_project/outputs/IEMOCAP_features/Ses02M_impro06_F011_features.pt,sad
/scratch/users/k24015724/wav2vec_project/outputs/IEMOCAP_features/Ses02M_impro06_F012_features.pt,sad
/scratch/users/k24015724/wav2vec_project/outputs/IEMOCAP_features/Ses02M_impro06_F013_features.pt,sad
/scratch/users/k24015724/wav2vec_project/outputs/IEMOCAP_features/Ses02M_impro06_F014_features.pt,sad
/scratch/users/k24015724/wav2vec_project/outputs/IEMOCAP_features/Ses02M_impro06_F015_features.pt,sad
/scratch/users/k24015724/wav2vec_project/outputs/IEMOCAP_features/Ses02M_impro06_F016_features.pt,sad
/scratch/users/k24015724/wav2vec_project/outputs/IEMOCAP_features/Ses02M_impro06_F017_features.pt,sad
/scratch/users/k24015724/wav2vec_project/outputs/IEMOCAP_features/Ses02M_impro06_F018_features.pt,sad
/scratch/users/k24015724/wav2vec_project/outputs/IEMOCAP_features/Ses02M_impro06_M000_features.pt,sad
/scratch/users/k24015724/wav2vec_project/outputs/IEMOCAP_features/Ses02M_impro06_M001_features.pt,sad
/scratch/users/k24015724/wav2vec_project/outputs/IEMOCAP_features/Ses02M_impro06_M002_features.pt,sad
/scratch/users/k24015724/wav2vec_project/outputs/IEMOCAP_features/Ses02M_impro06_M003_features.pt,sad
/scratch/users/k24015724/wav2vec_project/outputs/IEMOCAP_features/Ses02M_impro06_M004_features.pt,sad
/scratch/users/k24015724/wav2vec_project/outputs/IEMOCAP_features/Ses02M_impro06_M005_features.pt,sad
/scratch/users/k24015724/wav2vec_project/outputs/IEMOCAP_features/Ses02M_impro06_M006_features.pt,sad
/scratch/users/k24015724/wav2vec_project/outputs/IEMOCAP_features/Ses02M_impro06_M007_features.pt,sad
/scratch/users/k24015724/wav2vec_project/outputs/IEMOCAP_features/Ses02M_impro06_M008_features.pt,sad
/scratch/users/k24015724/wav2vec_project/outputs/IEMOCAP_features/Ses02M_impro06_M009_features.pt,sad
/scratch/users/k24015724/wav2vec_project/outputs/IEMOCAP_features/Ses02M_impro06_M010_features.pt,sad
/scratch/users/k24015724/wav2vec_project/outputs/IEMOCAP_features/Ses02M_impro06_M011_features.pt,sad
/scratch/users/k24015724/wav2vec_project/outputs/IEMOCAP_features/Ses02M_impro06_M012_features.pt,sad
/scratch/users/k24015724/wav2vec_project/outputs/IEMOCAP_features/Ses02M_impro06_M013_features.pt,sad
/scratch/users/k24015724/wav2vec_project/outputs/IEMOCAP_features/Ses02M_impro06_M014_features.pt,sad
/scratch/users/k24015724/wav2vec_project/outputs/IEMOCAP_features/Ses02M_impro06_M015_features.pt,sad
/scratch/users/k24015724/wav2vec_project/outputs/IEMOCAP_features/Ses02M_impro06_M016_features.pt,sad
/scratch/users/k24015724/wav2vec_project/outputs/IEMOCAP_features/Ses02M_impro06_M017_features.pt,sad
/scratch/users/k24015724/wav2vec_project/outputs/IEMOCAP_features/Ses02M_impro06_M018_features.pt,sad
/scratch/users/k24015724/wav2vec_project/outputs/IEMOCAP_features/Ses02M_impro06_M019_features.pt,sad
/scratch/users/k24015724/wav2vec_project/outputs/IEMOCAP_features/Ses02M_impro06_M020_features.pt,sad
/scratch/users/k24015724/wav2vec_project/outputs/IEMOCAP_features/Ses02M_impro06_M021_features.pt,sad
/scratch/users/k24015724/wav2vec_project/outputs/IEMOCAP_features/Ses02M_impro06_M022_features.pt,sad
/scratch/users/k24015724/wav2vec_project/outputs/IEMOCAP_features/Ses02M_impro06_M023_features.pt,sad
/scratch/users/k24015724/wav2vec_project/outputs/IEMOCAP_features/Ses02M_impro07_F014_features.pt,hap
/scratch/users/k24015724/wav2vec_project/outputs/IEMOCAP_features/Ses02M_impro07_F015_features.pt,hap
/scratch/users/k24015724/wav2vec_project/outputs/IEMOCAP_features/Ses02M_impro07_F016_features.pt,hap
/scratch/users/k24015724/wav2vec_project/outputs/IEMOCAP_features/Ses02M_impro07_F017_features.pt,hap
/scratch/users/k24015724/wav2vec_project/outputs/IEMOCAP_features/Ses02M_impro07_F018_features.pt,hap
/scratch/users/k24015724/wav2vec_project/outputs/IEMOCAP_features/Ses02M_impro07_F019_features.pt,hap
/scratch/users/k24015724/wav2vec_project/outputs/IEMOCAP_features/Ses02M_impro07_F020_features.pt,hap
/scratch/users/k24015724/wav2vec_project/outputs/IEMOCAP_features/Ses02M_impro07_F021_features.pt,hap
/scratch/users/k24015724/wav2vec_project/outputs/IEMOCAP_features/Ses02M_impro07_F024_features.pt,hap
/scratch/users/k24015724/wav2vec_project/outputs/IEMOCAP_features/Ses02M_impro07_F028_features.pt,hap
/scratch/users/k24015724/wav2vec_project/outputs/IEMOCAP_features/Ses02M_impro07_F029_features.pt,hap
/scratch/users/k24015724/wav2vec_project/outputs/IEMOCAP_features/Ses02M_impro07_M009_features.pt,hap
/scratch/users/k24015724/wav2vec_project/outputs/IEMOCAP_features/Ses02M_impro07_M010_features.pt,hap
/scratch/users/k24015724/wav2vec_project/outputs/IEMOCAP_features/Ses02M_impro07_M011_features.pt,hap
/scratch/users/k24015724/wav2vec_project/outputs/IEMOCAP_features/Ses02M_impro07_M023_features.pt,hap
/scratch/users/k24015724/wav2vec_project/outputs/IEMOCAP_features/Ses02M_impro07_M024_features.pt,hap
/scratch/users/k24015724/wav2vec_project/outputs/IEMOCAP_features/Ses02M_impro07_M025_features.pt,hap
/scratch/users/k24015724/wav2vec_project/outputs/IEMOCAP_features/Ses02M_impro07_M026_features.pt,hap
/scratch/users/k24015724/wav2vec_project/outputs/IEMOCAP_features/Ses02M_impro07_M030_features.pt,hap
/scratch/users/k24015724/wav2vec_project/outputs/IEMOCAP_features/Ses02M_impro08_F003_features.pt,fru
/scratch/users/k24015724/wav2vec_project/outputs/IEMOCAP_features/Ses02M_impro08_F004_features.pt,fru
/scratch/users/k24015724/wav2vec_project/outputs/IEMOCAP_features/Ses02M_impro08_F005_features.pt,fru
/scratch/users/k24015724/wav2vec_project/outputs/IEMOCAP_features/Ses02M_impro08_F006_features.pt,neu
/scratch/users/k24015724/wav2vec_project/outputs/IEMOCAP_features/Ses02M_impro08_F007_features.pt,neu
/scratch/users/k24015724/wav2vec_project/outputs/IEMOCAP_features/Ses02M_impro08_F008_features.pt,neu
/scratch/users/k24015724/wav2vec_project/outputs/IEMOCAP_features/Ses02M_impro08_F009_features.pt,fru
/scratch/users/k24015724/wav2vec_project/outputs/IEMOCAP_features/Ses02M_impro08_F010_features.pt,neu
/scratch/users/k24015724/wav2vec_project/outputs/IEMOCAP_features/Ses02M_impro08_F011_features.pt,fru
/scratch/users/k24015724/wav2vec_project/outputs/IEMOCAP_features/Ses02M_impro08_F016_features.pt,fru
/scratch/users/k24015724/wav2vec_project/outputs/IEMOCAP_features/Ses02M_impro08_F019_features.pt,neu
/scratch/users/k24015724/wav2vec_project/outputs/IEMOCAP_features/Ses02M_impro08_F023_features.pt,hap
/scratch/users/k24015724/wav2vec_project/outputs/IEMOCAP_features/Ses02M_impro08_F024_features.pt,hap
/scratch/users/k24015724/wav2vec_project/outputs/IEMOCAP_features/Ses02M_impro08_F025_features.pt,neu
/scratch/users/k24015724/wav2vec_project/outputs/IEMOCAP_features/Ses02M_impro08_F026_features.pt,neu
/scratch/users/k24015724/wav2vec_project/outputs/IEMOCAP_features/Ses02M_impro08_F027_features.pt,neu
/scratch/users/k24015724/wav2vec_project/outputs/IEMOCAP_features/Ses02M_impro08_F028_features.pt,hap
/scratch/users/k24015724/wav2vec_project/outputs/IEMOCAP_features/Ses02M_impro08_F030_features.pt,hap
/scratch/users/k24015724/wav2vec_project/outputs/IEMOCAP_features/Ses02M_impro08_M000_features.pt,neu
/scratch/users/k24015724/wav2vec_project/outputs/IEMOCAP_features/Ses02M_impro08_M002_features.pt,neu
/scratch/users/k24015724/wav2vec_project/outputs/IEMOCAP_features/Ses02M_impro08_M003_features.pt,neu
/scratch/users/k24015724/wav2vec_project/outputs/IEMOCAP_features/Ses02M_impro08_M004_features.pt,neu
/scratch/users/k24015724/wav2vec_project/outputs/IEMOCAP_features/Ses02M_impro08_M005_features.pt,neu
/scratch/users/k24015724/wav2vec_project/outputs/IEMOCAP_features/Ses02M_impro08_M007_features.pt,neu
/scratch/users/k24015724/wav2vec_project/outputs/IEMOCAP_features/Ses02M_impro08_M008_features.pt,neu
/scratch/users/k24015724/wav2vec_project/outputs/IEMOCAP_features/Ses02M_impro08_M009_features.pt,neu
/scratch/users/k24015724/wav2vec_project/outputs/IEMOCAP_features/Ses02M_impro08_M010_features.pt,neu
/scratch/users/k24015724/wav2vec_project/outputs/IEMOCAP_features/Ses02M_impro08_M011_features.pt,neu
/scratch/users/k24015724/wav2vec_project/outputs/IEMOCAP_features/Ses02M_impro08_M012_features.pt,neu
/scratch/users/k24015724/wav2vec_project/outputs/IEMOCAP_features/Ses02M_impro08_M013_features.pt,neu
/scratch/users/k24015724/wav2vec_project/outputs/IEMOCAP_features/Ses02M_impro08_M014_features.pt,neu
/scratch/users/k24015724/wav2vec_project/outputs/IEMOCAP_features/Ses02M_impro08_M015_features.pt,neu
/scratch/users/k24015724/wav2vec_project/outputs/IEMOCAP_features/Ses02M_impro08_M016_features.pt,neu
/scratch/users/k24015724/wav2vec_project/outputs/IEMOCAP_features/Ses02M_impro08_M017_features.pt,neu
/scratch/users/k24015724/wav2vec_project/outputs/IEMOCAP_features/Ses02M_impro08_M018_features.pt,neu
/scratch/users/k24015724/wav2vec_project/outputs/IEMOCAP_features/Ses02M_impro08_M019_features.pt,neu
/scratch/users/k24015724/wav2vec_project/outputs/IEMOCAP_features/Ses02M_impro08_M020_features.pt,neu
/scratch/users/k24015724/wav2vec_project/outputs/IEMOCAP_features/Ses02M_impro08_M021_features.pt,neu
/scratch/users/k24015724/wav2vec_project/outputs/IEMOCAP_features/Ses02M_impro08_M022_features.pt,neu
/scratch/users/k24015724/wav2vec_project/outputs/IEMOCAP_features/Ses02M_impro08_M023_features.pt,neu
/scratch/users/k24015724/wav2vec_project/outputs/IEMOCAP_features/Ses02M_impro08_M024_features.pt,neu
/scratch/users/k24015724/wav2vec_project/outputs/IEMOCAP_features/Ses02M_impro08_M025_features.pt,neu
/scratch/users/k24015724/wav2vec_project/outputs/IEMOCAP_features/Ses02M_impro08_M026_features.pt,neu
/scratch/users/k24015724/wav2vec_project/outputs/IEMOCAP_features/Ses02M_impro08_M027_features.pt,neu
/scratch/users/k24015724/wav2vec_project/outputs/IEMOCAP_features/Ses02M_impro08_M028_features.pt,neu
/scratch/users/k24015724/wav2vec_project/outputs/IEMOCAP_features/Ses02M_impro08_M029_features.pt,neu
/scratch/users/k24015724/wav2vec_project/outputs/IEMOCAP_features/Ses02M_impro08_M030_features.pt,neu
/scratch/users/k24015724/wav2vec_project/outputs/IEMOCAP_features/Ses02M_impro08_M031_features.pt,neu
/scratch/users/k24015724/wav2vec_project/outputs/IEMOCAP_features/Ses02M_script01_1_F010_features.pt,fru
/scratch/users/k24015724/wav2vec_project/outputs/IEMOCAP_features/Ses02M_script01_1_F011_features.pt,fru
/scratch/users/k24015724/wav2vec_project/outputs/IEMOCAP_features/Ses02M_script01_1_F012_features.pt,fru
/scratch/users/k24015724/wav2vec_project/outputs/IEMOCAP_features/Ses02M_script01_1_F013_features.pt,fru
/scratch/users/k24015724/wav2vec_project/outputs/IEMOCAP_features/Ses02M_script01_1_F015_features.pt,neu
/scratch/users/k24015724/wav2vec_project/outputs/IEMOCAP_features/Ses02M_script01_1_F017_features.pt,fru
/scratch/users/k24015724/wav2vec_project/outputs/IEMOCAP_features/Ses02M_script01_1_F018_features.pt,neu
/scratch/users/k24015724/wav2vec_project/outputs/IEMOCAP_features/Ses02M_script01_1_F019_features.pt,fru
/scratch/users/k24015724/wav2vec_project/outputs/IEMOCAP_features/Ses02M_script01_1_F021_features.pt,neu
/scratch/users/k24015724/wav2vec_project/outputs/IEMOCAP_features/Ses02M_script01_1_F022_features.pt,fru
/scratch/users/k24015724/wav2vec_project/outputs/IEMOCAP_features/Ses02M_script01_1_F023_features.pt,neu
/scratch/users/k24015724/wav2vec_project/outputs/IEMOCAP_features/Ses02M_script01_1_F024_features.pt,fru
/scratch/users/k24015724/wav2vec_project/outputs/IEMOCAP_features/Ses02M_script01_1_F025_features.pt,neu
/scratch/users/k24015724/wav2vec_project/outputs/IEMOCAP_features/Ses02M_script01_1_F026_features.pt,ang
/scratch/users/k24015724/wav2vec_project/outputs/IEMOCAP_features/Ses02M_script01_1_F027_features.pt,ang
/scratch/users/k24015724/wav2vec_project/outputs/IEMOCAP_features/Ses02M_script01_1_F028_features.pt,fru
/scratch/users/k24015724/wav2vec_project/outputs/IEMOCAP_features/Ses02M_script01_1_F029_features.pt,fru
/scratch/users/k24015724/wav2vec_project/outputs/IEMOCAP_features/Ses02M_script01_1_F030_features.pt,fru
/scratch/users/k24015724/wav2vec_project/outputs/IEMOCAP_features/Ses02M_script01_1_F032_features.pt,ang
/scratch/users/k24015724/wav2vec_project/outputs/IEMOCAP_features/Ses02M_script01_1_F033_features.pt,ang
/scratch/users/k24015724/wav2vec_project/outputs/IEMOCAP_features/Ses02M_script01_1_F034_features.pt,ang
/scratch/users/k24015724/wav2vec_project/outputs/IEMOCAP_features/Ses02M_script01_1_F035_features.pt,ang
/scratch/users/k24015724/wav2vec_project/outputs/IEMOCAP_features/Ses02M_script01_1_F036_features.pt,ang
/scratch/users/k24015724/wav2vec_project/outputs/IEMOCAP_features/Ses02M_script01_1_F037_features.pt,ang
/scratch/users/k24015724/wav2vec_project/outputs/IEMOCAP_features/Ses02M_script01_1_F039_features.pt,fru
/scratch/users/k24015724/wav2vec_project/outputs/IEMOCAP_features/Ses02M_script01_1_F040_features.pt,fru
/scratch/users/k24015724/wav2vec_project/outputs/IEMOCAP_features/Ses02M_script01_1_F041_features.pt,sad
/scratch/users/k24015724/wav2vec_project/outputs/IEMOCAP_features/Ses02M_script01_1_M003_features.pt,sad
/scratch/users/k24015724/wav2vec_project/outputs/IEMOCAP_features/Ses02M_script01_1_M004_features.pt,sad
/scratch/users/k24015724/wav2vec_project/outputs/IEMOCAP_features/Ses02M_script01_1_M005_features.pt,sad
/scratch/users/k24015724/wav2vec_project/outputs/IEMOCAP_features/Ses02M_script01_1_M009_features.pt,fru
/scratch/users/k24015724/wav2vec_project/outputs/IEMOCAP_features/Ses02M_script01_1_M010_features.pt,fru
/scratch/users/k24015724/wav2vec_project/outputs/IEMOCAP_features/Ses02M_script01_1_M011_features.pt,fru
/scratch/users/k24015724/wav2vec_project/outputs/IEMOCAP_features/Ses02M_script01_1_M012_features.pt,ang
/scratch/users/k24015724/wav2vec_project/outputs/IEMOCAP_features/Ses02M_script01_1_M013_features.pt,ang
/scratch/users/k24015724/wav2vec_project/outputs/IEMOCAP_features/Ses02M_script01_1_M015_features.pt,fru
/scratch/users/k24015724/wav2vec_project/outputs/IEMOCAP_features/Ses02M_script01_1_M016_features.pt,neu
/scratch/users/k24015724/wav2vec_project/outputs/IEMOCAP_features/Ses02M_script01_1_M017_features.pt,neu
/scratch/users/k24015724/wav2vec_project/outputs/IEMOCAP_features/Ses02M_script01_1_M018_features.pt,neu
/scratch/users/k24015724/wav2vec_project/outputs/IEMOCAP_features/Ses02M_script01_1_M019_features.pt,fru
/scratch/users/k24015724/wav2vec_project/outputs/IEMOCAP_features/Ses02M_script01_1_M020_features.pt,fru
/scratch/users/k24015724/wav2vec_project/outputs/IEMOCAP_features/Ses02M_script01_1_M021_features.pt,ang
/scratch/users/k24015724/wav2vec_project/outputs/IEMOCAP_features/Ses02M_script01_1_M023_features.pt,fru
/scratch/users/k24015724/wav2vec_project/outputs/IEMOCAP_features/Ses02M_script01_1_M024_features.pt,ang
/scratch/users/k24015724/wav2vec_project/outputs/IEMOCAP_features/Ses02M_script01_1_M025_features.pt,ang
/scratch/users/k24015724/wav2vec_project/outputs/IEMOCAP_features/Ses02M_script01_1_M026_features.pt,neu
/scratch/users/k24015724/wav2vec_project/outputs/IEMOCAP_features/Ses02M_script01_1_M027_features.pt,neu
/scratch/users/k24015724/wav2vec_project/outputs/IEMOCAP_features/Ses02M_script01_1_M028_features.pt,sad
/scratch/users/k24015724/wav2vec_project/outputs/IEMOCAP_features/Ses02M_script01_1_M029_features.pt,fru
/scratch/users/k24015724/wav2vec_project/outputs/IEMOCAP_features/Ses02M_script01_1_M030_features.pt,fru
/scratch/users/k24015724/wav2vec_project/outputs/IEMOCAP_features/Ses02M_script01_1_M031_features.pt,fru
/scratch/users/k24015724/wav2vec_project/outputs/IEMOCAP_features/Ses02M_script01_1_M035_features.pt,sad
/scratch/users/k24015724/wav2vec_project/outputs/IEMOCAP_features/Ses02M_script01_1_M036_features.pt,sad
/scratch/users/k24015724/wav2vec_project/outputs/IEMOCAP_features/Ses02M_script01_1_M037_features.pt,ang
/scratch/users/k24015724/wav2vec_project/outputs/IEMOCAP_features/Ses02M_script01_1_M038_features.pt,ang
/scratch/users/k24015724/wav2vec_project/outputs/IEMOCAP_features/Ses02M_script01_1_M039_features.pt,ang
/scratch/users/k24015724/wav2vec_project/outputs/IEMOCAP_features/Ses02M_script01_1_M041_features.pt,sad
/scratch/users/k24015724/wav2vec_project/outputs/IEMOCAP_features/Ses02M_script01_1_M042_features.pt,fru
/scratch/users/k24015724/wav2vec_project/outputs/IEMOCAP_features/Ses02M_script01_1_M043_features.pt,fru
/scratch/users/k24015724/wav2vec_project/outputs/IEMOCAP_features/Ses02M_script01_1_M044_features.pt,fru
/scratch/users/k24015724/wav2vec_project/outputs/IEMOCAP_features/Ses02M_script01_2_F000_features.pt,ang
/scratch/users/k24015724/wav2vec_project/outputs/IEMOCAP_features/Ses02M_script01_2_F001_features.pt,ang
/scratch/users/k24015724/wav2vec_project/outputs/IEMOCAP_features/Ses02M_script01_2_F002_features.pt,ang
/scratch/users/k24015724/wav2vec_project/outputs/IEMOCAP_features/Ses02M_script01_2_F003_features.pt,ang
/scratch/users/k24015724/wav2vec_project/outputs/IEMOCAP_features/Ses02M_script01_2_F005_features.pt,ang
/scratch/users/k24015724/wav2vec_project/outputs/IEMOCAP_features/Ses02M_script01_2_F006_features.pt,ang
/scratch/users/k24015724/wav2vec_project/outputs/IEMOCAP_features/Ses02M_script01_2_F007_features.pt,fru
/scratch/users/k24015724/wav2vec_project/outputs/IEMOCAP_features/Ses02M_script01_2_F008_features.pt,fru
/scratch/users/k24015724/wav2vec_project/outputs/IEMOCAP_features/Ses02M_script01_2_F009_features.pt,fru
/scratch/users/k24015724/wav2vec_project/outputs/IEMOCAP_features/Ses02M_script01_2_F010_features.pt,ang
/scratch/users/k24015724/wav2vec_project/outputs/IEMOCAP_features/Ses02M_script01_2_F011_features.pt,fru
/scratch/users/k24015724/wav2vec_project/outputs/IEMOCAP_features/Ses02M_script01_2_F013_features.pt,sad
/scratch/users/k24015724/wav2vec_project/outputs/IEMOCAP_features/Ses02M_script01_2_F014_features.pt,fru
/scratch/users/k24015724/wav2vec_project/outputs/IEMOCAP_features/Ses02M_script01_2_F015_features.pt,fru
/scratch/users/k24015724/wav2vec_project/outputs/IEMOCAP_features/Ses02M_script01_2_F016_features.pt,fru
/scratch/users/k24015724/wav2vec_project/outputs/IEMOCAP_features/Ses02M_script01_2_F017_features.pt,fru
/scratch/users/k24015724/wav2vec_project/outputs/IEMOCAP_features/Ses02M_script01_2_M001_features.pt,neu
/scratch/users/k24015724/wav2vec_project/outputs/IEMOCAP_features/Ses02M_script01_2_M002_features.pt,fru
/scratch/users/k24015724/wav2vec_project/outputs/IEMOCAP_features/Ses02M_script01_2_M003_features.pt,fru
/scratch/users/k24015724/wav2vec_project/outputs/IEMOCAP_features/Ses02M_script01_2_M004_features.pt,neu
/scratch/users/k24015724/wav2vec_project/outputs/IEMOCAP_features/Ses02M_script01_2_M005_features.pt,neu
/scratch/users/k24015724/wav2vec_project/outputs/IEMOCAP_features/Ses02M_script01_2_M007_features.pt,neu
/scratch/users/k24015724/wav2vec_project/outputs/IEMOCAP_features/Ses02M_script01_2_M008_features.pt,fru
/scratch/users/k24015724/wav2vec_project/outputs/IEMOCAP_features/Ses02M_script01_2_M009_features.pt,fru
/scratch/users/k24015724/wav2vec_project/outputs/IEMOCAP_features/Ses02M_script01_2_M010_features.pt,fru
/scratch/users/k24015724/wav2vec_project/outputs/IEMOCAP_features/Ses02M_script01_2_M011_features.pt,fru
/scratch/users/k24015724/wav2vec_project/outputs/IEMOCAP_features/Ses02M_script01_2_M012_features.pt,fru
/scratch/users/k24015724/wav2vec_project/outputs/IEMOCAP_features/Ses02M_script01_2_M013_features.pt,fru
/scratch/users/k24015724/wav2vec_project/outputs/IEMOCAP_features/Ses02M_script01_2_M014_features.pt,fru
/scratch/users/k24015724/wav2vec_project/outputs/IEMOCAP_features/Ses02M_script01_2_M016_features.pt,ang
/scratch/users/k24015724/wav2vec_project/outputs/IEMOCAP_features/Ses02M_script01_2_M017_features.pt,ang
/scratch/users/k24015724/wav2vec_project/outputs/IEMOCAP_features/Ses02M_script01_2_M018_features.pt,fru
/scratch/users/k24015724/wav2vec_project/outputs/IEMOCAP_features/Ses02M_script01_3_F001_features.pt,hap
/scratch/users/k24015724/wav2vec_project/outputs/IEMOCAP_features/Ses02M_script01_3_F002_features.pt,hap
/scratch/users/k24015724/wav2vec_project/outputs/IEMOCAP_features/Ses02M_script01_3_F003_features.pt,hap
/scratch/users/k24015724/wav2vec_project/outputs/IEMOCAP_features/Ses02M_script01_3_F007_features.pt,hap
/scratch/users/k24015724/wav2vec_project/outputs/IEMOCAP_features/Ses02M_script01_3_F008_features.pt,neu
/scratch/users/k24015724/wav2vec_project/outputs/IEMOCAP_features/Ses02M_script01_3_F009_features.pt,hap
/scratch/users/k24015724/wav2vec_project/outputs/IEMOCAP_features/Ses02M_script01_3_F012_features.pt,hap
/scratch/users/k24015724/wav2vec_project/outputs/IEMOCAP_features/Ses02M_script01_3_F013_features.pt,hap
/scratch/users/k24015724/wav2vec_project/outputs/IEMOCAP_features/Ses02M_script01_3_F019_features.pt,sad
/scratch/users/k24015724/wav2vec_project/outputs/IEMOCAP_features/Ses02M_script01_3_F021_features.pt,sad
/scratch/users/k24015724/wav2vec_project/outputs/IEMOCAP_features/Ses02M_script01_3_F025_features.pt,sad
/scratch/users/k24015724/wav2vec_project/outputs/IEMOCAP_features/Ses02M_script01_3_F026_features.pt,sad
/scratch/users/k24015724/wav2vec_project/outputs/IEMOCAP_features/Ses02M_script01_3_F027_features.pt,sad
/scratch/users/k24015724/wav2vec_project/outputs/IEMOCAP_features/Ses02M_script01_3_F028_features.pt,hap
/scratch/users/k24015724/wav2vec_project/outputs/IEMOCAP_features/Ses02M_script01_3_M000_features.pt,hap
/scratch/users/k24015724/wav2vec_project/outputs/IEMOCAP_features/Ses02M_script01_3_M005_features.pt,fru
/scratch/users/k24015724/wav2vec_project/outputs/IEMOCAP_features/Ses02M_script01_3_M020_features.pt,sad
/scratch/users/k24015724/wav2vec_project/outputs/IEMOCAP_features/Ses02M_script01_3_M021_features.pt,sad
/scratch/users/k24015724/wav2vec_project/outputs/IEMOCAP_features/Ses02M_script01_3_M022_features.pt,sad
/scratch/users/k24015724/wav2vec_project/outputs/IEMOCAP_features/Ses02M_script01_3_M025_features.pt,sad
/scratch/users/k24015724/wav2vec_project/outputs/IEMOCAP_features/Ses02M_script01_3_M026_features.pt,sad
/scratch/users/k24015724/wav2vec_project/outputs/IEMOCAP_features/Ses02M_script01_3_M027_features.pt,sad
/scratch/users/k24015724/wav2vec_project/outputs/IEMOCAP_features/Ses02M_script01_3_M028_features.pt,sad
/scratch/users/k24015724/wav2vec_project/outputs/IEMOCAP_features/Ses02M_script01_3_M029_features.pt,sad
/scratch/users/k24015724/wav2vec_project/outputs/IEMOCAP_features/Ses02M_script01_3_M030_features.pt,sad
/scratch/users/k24015724/wav2vec_project/outputs/IEMOCAP_features/Ses02M_script01_3_M031_features.pt,sad
/scratch/users/k24015724/wav2vec_project/outputs/IEMOCAP_features/Ses02M_script01_3_M032_features.pt,sad
/scratch/users/k24015724/wav2vec_project/outputs/IEMOCAP_features/Ses02M_script01_3_M033_features.pt,sad
/scratch/users/k24015724/wav2vec_project/outputs/IEMOCAP_features/Ses02M_script01_3_M034_features.pt,sad
/scratch/users/k24015724/wav2vec_project/outputs/IEMOCAP_features/Ses02M_script01_3_M035_features.pt,sad
/scratch/users/k24015724/wav2vec_project/outputs/IEMOCAP_features/Ses02M_script01_3_M036_features.pt,neu
/scratch/users/k24015724/wav2vec_project/outputs/IEMOCAP_features/Ses02M_script02_1_F000_features.pt,neu
/scratch/users/k24015724/wav2vec_project/outputs/IEMOCAP_features/Ses02M_script02_1_F001_features.pt,neu
/scratch/users/k24015724/wav2vec_project/outputs/IEMOCAP_features/Ses02M_script02_1_F002_features.pt,fru
/scratch/users/k24015724/wav2vec_project/outputs/IEMOCAP_features/Ses02M_script02_1_F003_features.pt,fru
/scratch/users/k24015724/wav2vec_project/outputs/IEMOCAP_features/Ses02M_script02_1_F004_features.pt,fru
/scratch/users/k24015724/wav2vec_project/outputs/IEMOCAP_features/Ses02M_script02_1_F005_features.pt,neu
/scratch/users/k24015724/wav2vec_project/outputs/IEMOCAP_features/Ses02M_script02_1_F006_features.pt,neu
/scratch/users/k24015724/wav2vec_project/outputs/IEMOCAP_features/Ses02M_script02_1_F007_features.pt,fru
/scratch/users/k24015724/wav2vec_project/outputs/IEMOCAP_features/Ses02M_script02_1_F008_features.pt,fru
/scratch/users/k24015724/wav2vec_project/outputs/IEMOCAP_features/Ses02M_script02_1_F009_features.pt,fru
/scratch/users/k24015724/wav2vec_project/outputs/IEMOCAP_features/Ses02M_script02_1_F010_features.pt,fru
/scratch/users/k24015724/wav2vec_project/outputs/IEMOCAP_features/Ses02M_script02_1_F011_features.pt,neu
/scratch/users/k24015724/wav2vec_project/outputs/IEMOCAP_features/Ses02M_script02_1_F012_features.pt,fru
/scratch/users/k24015724/wav2vec_project/outputs/IEMOCAP_features/Ses02M_script02_1_F013_features.pt,fru
/scratch/users/k24015724/wav2vec_project/outputs/IEMOCAP_features/Ses02M_script02_1_F014_features.pt,fru
/scratch/users/k24015724/wav2vec_project/outputs/IEMOCAP_features/Ses02M_script02_1_F015_features.pt,fru
/scratch/users/k24015724/wav2vec_project/outputs/IEMOCAP_features/Ses02M_script02_1_F016_features.pt,sad
/scratch/users/k24015724/wav2vec_project/outputs/IEMOCAP_features/Ses02M_script02_1_F017_features.pt,neu
/scratch/users/k24015724/wav2vec_project/outputs/IEMOCAP_features/Ses02M_script02_1_F018_features.pt,ang
/scratch/users/k24015724/wav2vec_project/outputs/IEMOCAP_features/Ses02M_script02_1_F019_features.pt,fru
/scratch/users/k24015724/wav2vec_project/outputs/IEMOCAP_features/Ses02M_script02_1_F020_features.pt,neu
/scratch/users/k24015724/wav2vec_project/outputs/IEMOCAP_features/Ses02M_script02_1_F021_features.pt,neu
/scratch/users/k24015724/wav2vec_project/outputs/IEMOCAP_features/Ses02M_script02_1_F022_features.pt,fru
/scratch/users/k24015724/wav2vec_project/outputs/IEMOCAP_features/Ses02M_script02_1_M007_features.pt,fru
/scratch/users/k24015724/wav2vec_project/outputs/IEMOCAP_features/Ses02M_script02_1_M008_features.pt,fru
/scratch/users/k24015724/wav2vec_project/outputs/IEMOCAP_features/Ses02M_script02_1_M018_features.pt,fru
/scratch/users/k24015724/wav2vec_project/outputs/IEMOCAP_features/Ses02M_script02_1_M027_features.pt,fru
/scratch/users/k24015724/wav2vec_project/outputs/IEMOCAP_features/Ses02M_script02_1_M032_features.pt,fru
/scratch/users/k24015724/wav2vec_project/outputs/IEMOCAP_features/Ses02M_script02_1_M034_features.pt,fru
/scratch/users/k24015724/wav2vec_project/outputs/IEMOCAP_features/Ses02M_script02_2_F001_features.pt,fru
/scratch/users/k24015724/wav2vec_project/outputs/IEMOCAP_features/Ses02M_script02_2_F005_features.pt,ang
/scratch/users/k24015724/wav2vec_project/outputs/IEMOCAP_features/Ses02M_script02_2_F006_features.pt,ang
/scratch/users/k24015724/wav2vec_project/outputs/IEMOCAP_features/Ses02M_script02_2_F007_features.pt,fru
/scratch/users/k24015724/wav2vec_project/outputs/IEMOCAP_features/Ses02M_script02_2_F008_features.pt,fru
/scratch/users/k24015724/wav2vec_project/outputs/IEMOCAP_features/Ses02M_script02_2_F009_features.pt,fru
/scratch/users/k24015724/wav2vec_project/outputs/IEMOCAP_features/Ses02M_script02_2_F010_features.pt,fru
/scratch/users/k24015724/wav2vec_project/outputs/IEMOCAP_features/Ses02M_script02_2_F011_features.pt,ang
/scratch/users/k24015724/wav2vec_project/outputs/IEMOCAP_features/Ses02M_script02_2_F012_features.pt,fru
/scratch/users/k24015724/wav2vec_project/outputs/IEMOCAP_features/Ses02M_script02_2_F013_features.pt,ang
/scratch/users/k24015724/wav2vec_project/outputs/IEMOCAP_features/Ses02M_script02_2_F014_features.pt,fru
/scratch/users/k24015724/wav2vec_project/outputs/IEMOCAP_features/Ses02M_script02_2_F015_features.pt,sad
/scratch/users/k24015724/wav2vec_project/outputs/IEMOCAP_features/Ses02M_script02_2_F016_features.pt,sad
/scratch/users/k24015724/wav2vec_project/outputs/IEMOCAP_features/Ses02M_script02_2_F017_features.pt,sad
/scratch/users/k24015724/wav2vec_project/outputs/IEMOCAP_features/Ses02M_script02_2_F018_features.pt,sad
/scratch/users/k24015724/wav2vec_project/outputs/IEMOCAP_features/Ses02M_script02_2_F019_features.pt,sad
/scratch/users/k24015724/wav2vec_project/outputs/IEMOCAP_features/Ses02M_script02_2_F020_features.pt,sad
/scratch/users/k24015724/wav2vec_project/outputs/IEMOCAP_features/Ses02M_script02_2_F021_features.pt,sad
/scratch/users/k24015724/wav2vec_project/outputs/IEMOCAP_features/Ses02M_script02_2_F022_features.pt,sad
/scratch/users/k24015724/wav2vec_project/outputs/IEMOCAP_features/Ses02M_script02_2_F025_features.pt,fru
/scratch/users/k24015724/wav2vec_project/outputs/IEMOCAP_features/Ses02M_script02_2_F026_features.pt,fru
/scratch/users/k24015724/wav2vec_project/outputs/IEMOCAP_features/Ses02M_script02_2_F027_features.pt,fru
/scratch/users/k24015724/wav2vec_project/outputs/IEMOCAP_features/Ses02M_script02_2_F028_features.pt,fru
/scratch/users/k24015724/wav2vec_project/outputs/IEMOCAP_features/Ses02M_script02_2_F029_features.pt,fru
/scratch/users/k24015724/wav2vec_project/outputs/IEMOCAP_features/Ses02M_script02_2_F030_features.pt,fru
/scratch/users/k24015724/wav2vec_project/outputs/IEMOCAP_features/Ses02M_script02_2_F031_features.pt,sad
/scratch/users/k24015724/wav2vec_project/outputs/IEMOCAP_features/Ses02M_script02_2_F032_features.pt,fru
/scratch/users/k24015724/wav2vec_project/outputs/IEMOCAP_features/Ses02M_script02_2_F034_features.pt,sad
/scratch/users/k24015724/wav2vec_project/outputs/IEMOCAP_features/Ses02M_script02_2_F037_features.pt,hap
/scratch/users/k24015724/wav2vec_project/outputs/IEMOCAP_features/Ses02M_script02_2_F038_features.pt,sad
/scratch/users/k24015724/wav2vec_project/outputs/IEMOCAP_features/Ses02M_script02_2_F042_features.pt,hap
/scratch/users/k24015724/wav2vec_project/outputs/IEMOCAP_features/Ses02M_script02_2_F044_features.pt,sad
/scratch/users/k24015724/wav2vec_project/outputs/IEMOCAP_features/Ses02M_script02_2_F045_features.pt,hap
/scratch/users/k24015724/wav2vec_project/outputs/IEMOCAP_features/Ses02M_script02_2_F046_features.pt,neu
/scratch/users/k24015724/wav2vec_project/outputs/IEMOCAP_features/Ses02M_script02_2_M000_features.pt,neu
/scratch/users/k24015724/wav2vec_project/outputs/IEMOCAP_features/Ses02M_script02_2_M001_features.pt,neu
/scratch/users/k24015724/wav2vec_project/outputs/IEMOCAP_features/Ses02M_script02_2_M002_features.pt,neu
/scratch/users/k24015724/wav2vec_project/outputs/IEMOCAP_features/Ses02M_script02_2_M005_features.pt,fru
/scratch/users/k24015724/wav2vec_project/outputs/IEMOCAP_features/Ses02M_script02_2_M006_features.pt,fru
/scratch/users/k24015724/wav2vec_project/outputs/IEMOCAP_features/Ses02M_script02_2_M007_features.pt,fru
/scratch/users/k24015724/wav2vec_project/outputs/IEMOCAP_features/Ses02M_script02_2_M008_features.pt,fru
/scratch/users/k24015724/wav2vec_project/outputs/IEMOCAP_features/Ses02M_script02_2_M009_features.pt,fru
/scratch/users/k24015724/wav2vec_project/outputs/IEMOCAP_features/Ses02M_script02_2_M010_features.pt,neu
/scratch/users/k24015724/wav2vec_project/outputs/IEMOCAP_features/Ses02M_script02_2_M011_features.pt,fru
/scratch/users/k24015724/wav2vec_project/outputs/IEMOCAP_features/Ses02M_script02_2_M012_features.pt,fru
/scratch/users/k24015724/wav2vec_project/outputs/IEMOCAP_features/Ses02M_script02_2_M014_features.pt,fru
/scratch/users/k24015724/wav2vec_project/outputs/IEMOCAP_features/Ses02M_script02_2_M015_features.pt,neu
/scratch/users/k24015724/wav2vec_project/outputs/IEMOCAP_features/Ses02M_script02_2_M016_features.pt,neu
/scratch/users/k24015724/wav2vec_project/outputs/IEMOCAP_features/Ses02M_script02_2_M017_features.pt,neu
/scratch/users/k24015724/wav2vec_project/outputs/IEMOCAP_features/Ses02M_script02_2_M021_features.pt,neu
/scratch/users/k24015724/wav2vec_project/outputs/IEMOCAP_features/Ses02M_script02_2_M022_features.pt,neu
/scratch/users/k24015724/wav2vec_project/outputs/IEMOCAP_features/Ses02M_script02_2_M023_features.pt,neu
/scratch/users/k24015724/wav2vec_project/outputs/IEMOCAP_features/Ses02M_script02_2_M025_features.pt,neu
/scratch/users/k24015724/wav2vec_project/outputs/IEMOCAP_features/Ses02M_script02_2_M026_features.pt,fru
/scratch/users/k24015724/wav2vec_project/outputs/IEMOCAP_features/Ses02M_script02_2_M027_features.pt,fru
/scratch/users/k24015724/wav2vec_project/outputs/IEMOCAP_features/Ses02M_script02_2_M028_features.pt,fru
/scratch/users/k24015724/wav2vec_project/outputs/IEMOCAP_features/Ses02M_script02_2_M029_features.pt,ang
/scratch/users/k24015724/wav2vec_project/outputs/IEMOCAP_features/Ses02M_script02_2_M031_features.pt,fru
/scratch/users/k24015724/wav2vec_project/outputs/IEMOCAP_features/Ses02M_script02_2_M032_features.pt,fru
/scratch/users/k24015724/wav2vec_project/outputs/IEMOCAP_features/Ses02M_script02_2_M035_features.pt,sad
/scratch/users/k24015724/wav2vec_project/outputs/IEMOCAP_features/Ses02M_script02_2_M037_features.pt,sad
/scratch/users/k24015724/wav2vec_project/outputs/IEMOCAP_features/Ses02M_script02_2_M038_features.pt,sad
/scratch/users/k24015724/wav2vec_project/outputs/IEMOCAP_features/Ses02M_script02_2_M040_features.pt,hap
/scratch/users/k24015724/wav2vec_project/outputs/IEMOCAP_features/Ses02M_script02_2_M041_features.pt,hap
/scratch/users/k24015724/wav2vec_project/outputs/IEMOCAP_features/Ses02M_script02_2_M042_features.pt,hap
/scratch/users/k24015724/wav2vec_project/outputs/IEMOCAP_features/Ses02M_script02_2_M045_features.pt,hap
/scratch/users/k24015724/wav2vec_project/outputs/IEMOCAP_features/Ses02M_script02_2_M046_features.pt,hap
/scratch/users/k24015724/wav2vec_project/outputs/IEMOCAP_features/Ses02M_script03_1_F003_features.pt,hap
/scratch/users/k24015724/wav2vec_project/outputs/IEMOCAP_features/Ses02M_script03_1_F006_features.pt,hap
/scratch/users/k24015724/wav2vec_project/outputs/IEMOCAP_features/Ses02M_script03_1_F007_features.pt,hap
/scratch/users/k24015724/wav2vec_project/outputs/IEMOCAP_features/Ses02M_script03_1_F015_features.pt,sad
/scratch/users/k24015724/wav2vec_project/outputs/IEMOCAP_features/Ses02M_script03_1_F021_features.pt,hap
/scratch/users/k24015724/wav2vec_project/outputs/IEMOCAP_features/Ses02M_script03_1_F022_features.pt,hap
/scratch/users/k24015724/wav2vec_project/outputs/IEMOCAP_features/Ses02M_script03_1_F023_features.pt,hap
/scratch/users/k24015724/wav2vec_project/outputs/IEMOCAP_features/Ses02M_script03_1_F024_features.pt,hap
/scratch/users/k24015724/wav2vec_project/outputs/IEMOCAP_features/Ses02M_script03_1_F025_features.pt,hap
/scratch/users/k24015724/wav2vec_project/outputs/IEMOCAP_features/Ses02M_script03_1_F027_features.pt,hap
/scratch/users/k24015724/wav2vec_project/outputs/IEMOCAP_features/Ses02M_script03_1_F028_features.pt,hap
/scratch/users/k24015724/wav2vec_project/outputs/IEMOCAP_features/Ses02M_script03_1_F029_features.pt,hap
/scratch/users/k24015724/wav2vec_project/outputs/IEMOCAP_features/Ses02M_script03_1_M007_features.pt,hap
/scratch/users/k24015724/wav2vec_project/outputs/IEMOCAP_features/Ses02M_script03_1_M008_features.pt,hap
/scratch/users/k24015724/wav2vec_project/outputs/IEMOCAP_features/Ses02M_script03_1_M009_features.pt,sad
/scratch/users/k24015724/wav2vec_project/outputs/IEMOCAP_features/Ses02M_script03_1_M010_features.pt,hap
/scratch/users/k24015724/wav2vec_project/outputs/IEMOCAP_features/Ses02M_script03_1_M011_features.pt,hap
/scratch/users/k24015724/wav2vec_project/outputs/IEMOCAP_features/Ses02M_script03_1_M016_features.pt,sad
/scratch/users/k24015724/wav2vec_project/outputs/IEMOCAP_features/Ses02M_script03_1_M024_features.pt,hap
/scratch/users/k24015724/wav2vec_project/outputs/IEMOCAP_features/Ses02M_script03_1_M029_features.pt,hap
/scratch/users/k24015724/wav2vec_project/outputs/IEMOCAP_features/Ses02M_script03_1_M031_features.pt,hap
/scratch/users/k24015724/wav2vec_project/outputs/IEMOCAP_features/Ses02M_script03_2_F002_features.pt,neu
/scratch/users/k24015724/wav2vec_project/outputs/IEMOCAP_features/Ses02M_script03_2_F003_features.pt,neu
/scratch/users/k24015724/wav2vec_project/outputs/IEMOCAP_features/Ses02M_script03_2_F005_features.pt,neu
/scratch/users/k24015724/wav2vec_project/outputs/IEMOCAP_features/Ses02M_script03_2_F006_features.pt,neu
/scratch/users/k24015724/wav2vec_project/outputs/IEMOCAP_features/Ses02M_script03_2_F007_features.pt,neu
/scratch/users/k24015724/wav2vec_project/outputs/IEMOCAP_features/Ses02M_script03_2_F008_features.pt,fru
/scratch/users/k24015724/wav2vec_project/outputs/IEMOCAP_features/Ses02M_script03_2_F009_features.pt,neu
/scratch/users/k24015724/wav2vec_project/outputs/IEMOCAP_features/Ses02M_script03_2_F011_features.pt,neu
/scratch/users/k24015724/wav2vec_project/outputs/IEMOCAP_features/Ses02M_script03_2_F012_features.pt,neu
/scratch/users/k24015724/wav2vec_project/outputs/IEMOCAP_features/Ses02M_script03_2_F014_features.pt,ang
/scratch/users/k24015724/wav2vec_project/outputs/IEMOCAP_features/Ses02M_script03_2_F015_features.pt,neu
/scratch/users/k24015724/wav2vec_project/outputs/IEMOCAP_features/Ses02M_script03_2_F018_features.pt,fru
/scratch/users/k24015724/wav2vec_project/outputs/IEMOCAP_features/Ses02M_script03_2_F019_features.pt,ang
/scratch/users/k24015724/wav2vec_project/outputs/IEMOCAP_features/Ses02M_script03_2_F023_features.pt,ang
/scratch/users/k24015724/wav2vec_project/outputs/IEMOCAP_features/Ses02M_script03_2_F024_features.pt,neu
/scratch/users/k24015724/wav2vec_project/outputs/IEMOCAP_features/Ses02M_script03_2_F028_features.pt,ang
/scratch/users/k24015724/wav2vec_project/outputs/IEMOCAP_features/Ses02M_script03_2_F034_features.pt,fru
/scratch/users/k24015724/wav2vec_project/outputs/IEMOCAP_features/Ses02M_script03_2_F035_features.pt,ang
/scratch/users/k24015724/wav2vec_project/outputs/IEMOCAP_features/Ses02M_script03_2_F036_features.pt,ang
/scratch/users/k24015724/wav2vec_project/outputs/IEMOCAP_features/Ses02M_script03_2_F037_features.pt,ang
/scratch/users/k24015724/wav2vec_project/outputs/IEMOCAP_features/Ses02M_script03_2_F038_features.pt,ang
/scratch/users/k24015724/wav2vec_project/outputs/IEMOCAP_features/Ses02M_script03_2_F039_features.pt,ang
/scratch/users/k24015724/wav2vec_project/outputs/IEMOCAP_features/Ses02M_script03_2_F040_features.pt,ang
/scratch/users/k24015724/wav2vec_project/outputs/IEMOCAP_features/Ses02M_script03_2_F041_features.pt,ang
/scratch/users/k24015724/wav2vec_project/outputs/IEMOCAP_features/Ses02M_script03_2_F042_features.pt,ang
/scratch/users/k24015724/wav2vec_project/outputs/IEMOCAP_features/Ses02M_script03_2_M000_features.pt,neu
/scratch/users/k24015724/wav2vec_project/outputs/IEMOCAP_features/Ses02M_script03_2_M001_features.pt,ang
/scratch/users/k24015724/wav2vec_project/outputs/IEMOCAP_features/Ses02M_script03_2_M003_features.pt,ang
/scratch/users/k24015724/wav2vec_project/outputs/IEMOCAP_features/Ses02M_script03_2_M005_features.pt,ang
/scratch/users/k24015724/wav2vec_project/outputs/IEMOCAP_features/Ses02M_script03_2_M007_features.pt,ang
/scratch/users/k24015724/wav2vec_project/outputs/IEMOCAP_features/Ses02M_script03_2_M010_features.pt,neu
/scratch/users/k24015724/wav2vec_project/outputs/IEMOCAP_features/Ses02M_script03_2_M011_features.pt,neu
/scratch/users/k24015724/wav2vec_project/outputs/IEMOCAP_features/Ses02M_script03_2_M012_features.pt,neu
/scratch/users/k24015724/wav2vec_project/outputs/IEMOCAP_features/Ses02M_script03_2_M015_features.pt,fru
/scratch/users/k24015724/wav2vec_project/outputs/IEMOCAP_features/Ses02M_script03_2_M016_features.pt,neu
/scratch/users/k24015724/wav2vec_project/outputs/IEMOCAP_features/Ses02M_script03_2_M018_features.pt,neu
/scratch/users/k24015724/wav2vec_project/outputs/IEMOCAP_features/Ses02M_script03_2_M021_features.pt,fru
/scratch/users/k24015724/wav2vec_project/outputs/IEMOCAP_features/Ses02M_script03_2_M022_features.pt,fru
/scratch/users/k24015724/wav2vec_project/outputs/IEMOCAP_features/Ses02M_script03_2_M023_features.pt,fru
/scratch/users/k24015724/wav2vec_project/outputs/IEMOCAP_features/Ses02M_script03_2_M024_features.pt,neu
/scratch/users/k24015724/wav2vec_project/outputs/IEMOCAP_features/Ses02M_script03_2_M026_features.pt,ang
/scratch/users/k24015724/wav2vec_project/outputs/IEMOCAP_features/Ses02M_script03_2_M027_features.pt,ang
/scratch/users/k24015724/wav2vec_project/outputs/IEMOCAP_features/Ses02M_script03_2_M031_features.pt,ang
/scratch/users/k24015724/wav2vec_project/outputs/IEMOCAP_features/Ses02M_script03_2_M032_features.pt,neu
/scratch/users/k24015724/wav2vec_project/outputs/IEMOCAP_features/Ses02M_script03_2_M033_features.pt,neu
/scratch/users/k24015724/wav2vec_project/outputs/IEMOCAP_features/Ses02M_script03_2_M037_features.pt,fru
/scratch/users/k24015724/wav2vec_project/outputs/IEMOCAP_features/Ses02M_script03_2_M039_features.pt,ang
/scratch/users/k24015724/wav2vec_project/outputs/IEMOCAP_features/Ses02M_script03_2_M040_features.pt,ang
/scratch/users/k24015724/wav2vec_project/outputs/IEMOCAP_features/Ses02M_script03_2_M041_features.pt,ang
/scratch/users/k24015724/wav2vec_project/outputs/IEMOCAP_features/Ses02M_script03_2_M042_features.pt,ang
/scratch/users/k24015724/wav2vec_project/outputs/IEMOCAP_features/Ses02M_script03_2_M043_features.pt,ang
/scratch/users/k24015724/wav2vec_project/outputs/IEMOCAP_features/Ses02M_script03_2_M044_features.pt,ang
/scratch/users/k24015724/wav2vec_project/outputs/IEMOCAP_features/Ses02M_script03_2_M045_features.pt,ang
/scratch/users/k24015724/wav2vec_project/outputs/IEMOCAP_features/Ses02M_script03_2_M046_features.pt,ang
/scratch/users/k24015724/wav2vec_project/outputs/IEMOCAP_features/Ses02M_script03_2_M047_features.pt,ang
/scratch/users/k24015724/wav2vec_project/outputs/IEMOCAP_features/Ses03F_impro01_F002_features.pt,neu
/scratch/users/k24015724/wav2vec_project/outputs/IEMOCAP_features/Ses03F_impro01_F003_features.pt,fru
/scratch/users/k24015724/wav2vec_project/outputs/IEMOCAP_features/Ses03F_impro01_F004_features.pt,fru
/scratch/users/k24015724/wav2vec_project/outputs/IEMOCAP_features/Ses03F_impro01_F005_features.pt,fru
/scratch/users/k24015724/wav2vec_project/outputs/IEMOCAP_features/Ses03F_impro01_F006_features.pt,fru
/scratch/users/k24015724/wav2vec_project/outputs/IEMOCAP_features/Ses03F_impro01_F007_features.pt,fru
/scratch/users/k24015724/wav2vec_project/outputs/IEMOCAP_features/Ses03F_impro01_F008_features.pt,fru
/scratch/users/k24015724/wav2vec_project/outputs/IEMOCAP_features/Ses03F_impro01_F009_features.pt,fru
/scratch/users/k24015724/wav2vec_project/outputs/IEMOCAP_features/Ses03F_impro01_F011_features.pt,fru
/scratch/users/k24015724/wav2vec_project/outputs/IEMOCAP_features/Ses03F_impro01_M001_features.pt,neu
/scratch/users/k24015724/wav2vec_project/outputs/IEMOCAP_features/Ses03F_impro01_M002_features.pt,neu
/scratch/users/k24015724/wav2vec_project/outputs/IEMOCAP_features/Ses03F_impro01_M003_features.pt,neu
/scratch/users/k24015724/wav2vec_project/outputs/IEMOCAP_features/Ses03F_impro01_M004_features.pt,neu
/scratch/users/k24015724/wav2vec_project/outputs/IEMOCAP_features/Ses03F_impro01_M005_features.pt,neu
/scratch/users/k24015724/wav2vec_project/outputs/IEMOCAP_features/Ses03F_impro01_M006_features.pt,fru
/scratch/users/k24015724/wav2vec_project/outputs/IEMOCAP_features/Ses03F_impro01_M007_features.pt,fru
/scratch/users/k24015724/wav2vec_project/outputs/IEMOCAP_features/Ses03F_impro01_M008_features.pt,fru
/scratch/users/k24015724/wav2vec_project/outputs/IEMOCAP_features/Ses03F_impro01_M009_features.pt,fru
/scratch/users/k24015724/wav2vec_project/outputs/IEMOCAP_features/Ses03F_impro02_F000_features.pt,neu
/scratch/users/k24015724/wav2vec_project/outputs/IEMOCAP_features/Ses03F_impro02_F001_features.pt,neu
/scratch/users/k24015724/wav2vec_project/outputs/IEMOCAP_features/Ses03F_impro02_F008_features.pt,sad
/scratch/users/k24015724/wav2vec_project/outputs/IEMOCAP_features/Ses03F_impro02_F010_features.pt,sad
/scratch/users/k24015724/wav2vec_project/outputs/IEMOCAP_features/Ses03F_impro02_F011_features.pt,sad
/scratch/users/k24015724/wav2vec_project/outputs/IEMOCAP_features/Ses03F_impro02_F012_features.pt,sad
/scratch/users/k24015724/wav2vec_project/outputs/IEMOCAP_features/Ses03F_impro02_F014_features.pt,fru
/scratch/users/k24015724/wav2vec_project/outputs/IEMOCAP_features/Ses03F_impro02_F015_features.pt,sad
/scratch/users/k24015724/wav2vec_project/outputs/IEMOCAP_features/Ses03F_impro02_F016_features.pt,fru
/scratch/users/k24015724/wav2vec_project/outputs/IEMOCAP_features/Ses03F_impro02_F017_features.pt,fru
/scratch/users/k24015724/wav2vec_project/outputs/IEMOCAP_features/Ses03F_impro02_F018_features.pt,sad
/scratch/users/k24015724/wav2vec_project/outputs/IEMOCAP_features/Ses03F_impro02_F019_features.pt,sad
/scratch/users/k24015724/wav2vec_project/outputs/IEMOCAP_features/Ses03F_impro02_F020_features.pt,sad
/scratch/users/k24015724/wav2vec_project/outputs/IEMOCAP_features/Ses03F_impro02_F021_features.pt,sad
/scratch/users/k24015724/wav2vec_project/outputs/IEMOCAP_features/Ses03F_impro02_F022_features.pt,fru
/scratch/users/k24015724/wav2vec_project/outputs/IEMOCAP_features/Ses03F_impro02_F023_features.pt,sad
/scratch/users/k24015724/wav2vec_project/outputs/IEMOCAP_features/Ses03F_impro02_F024_features.pt,sad
/scratch/users/k24015724/wav2vec_project/outputs/IEMOCAP_features/Ses03F_impro02_F025_features.pt,sad
/scratch/users/k24015724/wav2vec_project/outputs/IEMOCAP_features/Ses03F_impro02_F026_features.pt,sad
/scratch/users/k24015724/wav2vec_project/outputs/IEMOCAP_features/Ses03F_impro02_F027_features.pt,sad
/scratch/users/k24015724/wav2vec_project/outputs/IEMOCAP_features/Ses03F_impro02_F028_features.pt,sad
/scratch/users/k24015724/wav2vec_project/outputs/IEMOCAP_features/Ses03F_impro02_F029_features.pt,sad
/scratch/users/k24015724/wav2vec_project/outputs/IEMOCAP_features/Ses03F_impro02_F031_features.pt,sad
/scratch/users/k24015724/wav2vec_project/outputs/IEMOCAP_features/Ses03F_impro02_F032_features.pt,sad
/scratch/users/k24015724/wav2vec_project/outputs/IEMOCAP_features/Ses03F_impro02_F034_features.pt,sad
/scratch/users/k24015724/wav2vec_project/outputs/IEMOCAP_features/Ses03F_impro02_F035_features.pt,sad
/scratch/users/k24015724/wav2vec_project/outputs/IEMOCAP_features/Ses03F_impro02_F036_features.pt,sad
/scratch/users/k24015724/wav2vec_project/outputs/IEMOCAP_features/Ses03F_impro02_F037_features.pt,sad
/scratch/users/k24015724/wav2vec_project/outputs/IEMOCAP_features/Ses03F_impro02_F038_features.pt,sad
/scratch/users/k24015724/wav2vec_project/outputs/IEMOCAP_features/Ses03F_impro02_F039_features.pt,sad
/scratch/users/k24015724/wav2vec_project/outputs/IEMOCAP_features/Ses03F_impro02_F040_features.pt,sad
/scratch/users/k24015724/wav2vec_project/outputs/IEMOCAP_features/Ses03F_impro02_F041_features.pt,sad
/scratch/users/k24015724/wav2vec_project/outputs/IEMOCAP_features/Ses03F_impro02_F042_features.pt,sad
/scratch/users/k24015724/wav2vec_project/outputs/IEMOCAP_features/Ses03F_impro02_F043_features.pt,sad
/scratch/users/k24015724/wav2vec_project/outputs/IEMOCAP_features/Ses03F_impro02_M000_features.pt,neu
/scratch/users/k24015724/wav2vec_project/outputs/IEMOCAP_features/Ses03F_impro02_M001_features.pt,hap
/scratch/users/k24015724/wav2vec_project/outputs/IEMOCAP_features/Ses03F_impro02_M006_features.pt,fru
/scratch/users/k24015724/wav2vec_project/outputs/IEMOCAP_features/Ses03F_impro02_M007_features.pt,ang
/scratch/users/k24015724/wav2vec_project/outputs/IEMOCAP_features/Ses03F_impro02_M009_features.pt,fru
/scratch/users/k24015724/wav2vec_project/outputs/IEMOCAP_features/Ses03F_impro02_M010_features.pt,fru
/scratch/users/k24015724/wav2vec_project/outputs/IEMOCAP_features/Ses03F_impro02_M011_features.pt,fru
/scratch/users/k24015724/wav2vec_project/outputs/IEMOCAP_features/Ses03F_impro02_M012_features.pt,fru
/scratch/users/k24015724/wav2vec_project/outputs/IEMOCAP_features/Ses03F_impro02_M014_features.pt,sad
/scratch/users/k24015724/wav2vec_project/outputs/IEMOCAP_features/Ses03F_impro02_M015_features.pt,fru
/scratch/users/k24015724/wav2vec_project/outputs/IEMOCAP_features/Ses03F_impro02_M016_features.pt,sad
/scratch/users/k24015724/wav2vec_project/outputs/IEMOCAP_features/Ses03F_impro02_M017_features.pt,sad
/scratch/users/k24015724/wav2vec_project/outputs/IEMOCAP_features/Ses03F_impro02_M018_features.pt,sad
/scratch/users/k24015724/wav2vec_project/outputs/IEMOCAP_features/Ses03F_impro02_M019_features.pt,sad
/scratch/users/k24015724/wav2vec_project/outputs/IEMOCAP_features/Ses03F_impro02_M020_features.pt,sad
/scratch/users/k24015724/wav2vec_project/outputs/IEMOCAP_features/Ses03F_impro02_M021_features.pt,sad
/scratch/users/k24015724/wav2vec_project/outputs/IEMOCAP_features/Ses03F_impro02_M022_features.pt,fru
/scratch/users/k24015724/wav2vec_project/outputs/IEMOCAP_features/Ses03F_impro02_M024_features.pt,sad
/scratch/users/k24015724/wav2vec_project/outputs/IEMOCAP_features/Ses03F_impro02_M025_features.pt,sad
/scratch/users/k24015724/wav2vec_project/outputs/IEMOCAP_features/Ses03F_impro02_M027_features.pt,ang
/scratch/users/k24015724/wav2vec_project/outputs/IEMOCAP_features/Ses03F_impro02_M028_features.pt,sad
/scratch/users/k24015724/wav2vec_project/outputs/IEMOCAP_features/Ses03F_impro02_M029_features.pt,sad
/scratch/users/k24015724/wav2vec_project/outputs/IEMOCAP_features/Ses03F_impro02_M031_features.pt,sad
/scratch/users/k24015724/wav2vec_project/outputs/IEMOCAP_features/Ses03F_impro03_F014_features.pt,hap
/scratch/users/k24015724/wav2vec_project/outputs/IEMOCAP_features/Ses03F_impro03_F015_features.pt,hap
/scratch/users/k24015724/wav2vec_project/outputs/IEMOCAP_features/Ses03F_impro03_F018_features.pt,hap
/scratch/users/k24015724/wav2vec_project/outputs/IEMOCAP_features/Ses03F_impro03_F019_features.pt,hap
/scratch/users/k24015724/wav2vec_project/outputs/IEMOCAP_features/Ses03F_impro03_F020_features.pt,hap
/scratch/users/k24015724/wav2vec_project/outputs/IEMOCAP_features/Ses03F_impro03_F021_features.pt,hap
/scratch/users/k24015724/wav2vec_project/outputs/IEMOCAP_features/Ses03F_impro03_M015_features.pt,hap
/scratch/users/k24015724/wav2vec_project/outputs/IEMOCAP_features/Ses03F_impro04_F000_features.pt,fru
/scratch/users/k24015724/wav2vec_project/outputs/IEMOCAP_features/Ses03F_impro04_F001_features.pt,fru
/scratch/users/k24015724/wav2vec_project/outputs/IEMOCAP_features/Ses03F_impro04_F002_features.pt,sad
/scratch/users/k24015724/wav2vec_project/outputs/IEMOCAP_features/Ses03F_impro04_F003_features.pt,fru
/scratch/users/k24015724/wav2vec_project/outputs/IEMOCAP_features/Ses03F_impro04_F004_features.pt,fru
/scratch/users/k24015724/wav2vec_project/outputs/IEMOCAP_features/Ses03F_impro04_F005_features.pt,fru
/scratch/users/k24015724/wav2vec_project/outputs/IEMOCAP_features/Ses03F_impro04_F006_features.pt,fru
/scratch/users/k24015724/wav2vec_project/outputs/IEMOCAP_features/Ses03F_impro04_F007_features.pt,fru
/scratch/users/k24015724/wav2vec_project/outputs/IEMOCAP_features/Ses03F_impro04_F008_features.pt,fru
/scratch/users/k24015724/wav2vec_project/outputs/IEMOCAP_features/Ses03F_impro04_F009_features.pt,fru
/scratch/users/k24015724/wav2vec_project/outputs/IEMOCAP_features/Ses03F_impro04_F010_features.pt,fru
/scratch/users/k24015724/wav2vec_project/outputs/IEMOCAP_features/Ses03F_impro04_F012_features.pt,fru
/scratch/users/k24015724/wav2vec_project/outputs/IEMOCAP_features/Ses03F_impro04_F013_features.pt,fru
/scratch/users/k24015724/wav2vec_project/outputs/IEMOCAP_features/Ses03F_impro04_F014_features.pt,fru
/scratch/users/k24015724/wav2vec_project/outputs/IEMOCAP_features/Ses03F_impro04_F017_features.pt,fru
/scratch/users/k24015724/wav2vec_project/outputs/IEMOCAP_features/Ses03F_impro04_F018_features.pt,fru
/scratch/users/k24015724/wav2vec_project/outputs/IEMOCAP_features/Ses03F_impro04_F021_features.pt,fru
/scratch/users/k24015724/wav2vec_project/outputs/IEMOCAP_features/Ses03F_impro04_F022_features.pt,sad
/scratch/users/k24015724/wav2vec_project/outputs/IEMOCAP_features/Ses03F_impro04_F023_features.pt,sad
/scratch/users/k24015724/wav2vec_project/outputs/IEMOCAP_features/Ses03F_impro04_F024_features.pt,sad
/scratch/users/k24015724/wav2vec_project/outputs/IEMOCAP_features/Ses03F_impro04_F026_features.pt,fru
/scratch/users/k24015724/wav2vec_project/outputs/IEMOCAP_features/Ses03F_impro04_M000_features.pt,neu
/scratch/users/k24015724/wav2vec_project/outputs/IEMOCAP_features/Ses03F_impro04_M001_features.pt,neu
/scratch/users/k24015724/wav2vec_project/outputs/IEMOCAP_features/Ses03F_impro04_M002_features.pt,neu
/scratch/users/k24015724/wav2vec_project/outputs/IEMOCAP_features/Ses03F_impro04_M003_features.pt,neu
/scratch/users/k24015724/wav2vec_project/outputs/IEMOCAP_features/Ses03F_impro04_M004_features.pt,neu
/scratch/users/k24015724/wav2vec_project/outputs/IEMOCAP_features/Ses03F_impro04_M005_features.pt,neu
/scratch/users/k24015724/wav2vec_project/outputs/IEMOCAP_features/Ses03F_impro04_M006_features.pt,neu
/scratch/users/k24015724/wav2vec_project/outputs/IEMOCAP_features/Ses03F_impro04_M007_features.pt,neu
/scratch/users/k24015724/wav2vec_project/outputs/IEMOCAP_features/Ses03F_impro04_M008_features.pt,neu
/scratch/users/k24015724/wav2vec_project/outputs/IEMOCAP_features/Ses03F_impro04_M009_features.pt,neu
/scratch/users/k24015724/wav2vec_project/outputs/IEMOCAP_features/Ses03F_impro04_M010_features.pt,neu
/scratch/users/k24015724/wav2vec_project/outputs/IEMOCAP_features/Ses03F_impro04_M011_features.pt,neu
/scratch/users/k24015724/wav2vec_project/outputs/IEMOCAP_features/Ses03F_impro04_M012_features.pt,neu
/scratch/users/k24015724/wav2vec_project/outputs/IEMOCAP_features/Ses03F_impro04_M013_features.pt,neu
/scratch/users/k24015724/wav2vec_project/outputs/IEMOCAP_features/Ses03F_impro04_M014_features.pt,neu
/scratch/users/k24015724/wav2vec_project/outputs/IEMOCAP_features/Ses03F_impro04_M015_features.pt,neu
/scratch/users/k24015724/wav2vec_project/outputs/IEMOCAP_features/Ses03F_impro04_M016_features.pt,neu
/scratch/users/k24015724/wav2vec_project/outputs/IEMOCAP_features/Ses03F_impro04_M017_features.pt,neu
/scratch/users/k24015724/wav2vec_project/outputs/IEMOCAP_features/Ses03F_impro04_M018_features.pt,neu
/scratch/users/k24015724/wav2vec_project/outputs/IEMOCAP_features/Ses03F_impro04_M019_features.pt,neu
/scratch/users/k24015724/wav2vec_project/outputs/IEMOCAP_features/Ses03F_impro05_F000_features.pt,fru
/scratch/users/k24015724/wav2vec_project/outputs/IEMOCAP_features/Ses03F_impro05_F001_features.pt,fru
/scratch/users/k24015724/wav2vec_project/outputs/IEMOCAP_features/Ses03F_impro05_F002_features.pt,ang
/scratch/users/k24015724/wav2vec_project/outputs/IEMOCAP_features/Ses03F_impro05_F003_features.pt,fru
/scratch/users/k24015724/wav2vec_project/outputs/IEMOCAP_features/Ses03F_impro05_F004_features.pt,fru
/scratch/users/k24015724/wav2vec_project/outputs/IEMOCAP_features/Ses03F_impro05_F005_features.pt,ang
/scratch/users/k24015724/wav2vec_project/outputs/IEMOCAP_features/Ses03F_impro05_F006_features.pt,fru
/scratch/users/k24015724/wav2vec_project/outputs/IEMOCAP_features/Ses03F_impro05_F007_features.pt,ang
/scratch/users/k24015724/wav2vec_project/outputs/IEMOCAP_features/Ses03F_impro05_F008_features.pt,ang
/scratch/users/k24015724/wav2vec_project/outputs/IEMOCAP_features/Ses03F_impro05_F009_features.pt,ang
/scratch/users/k24015724/wav2vec_project/outputs/IEMOCAP_features/Ses03F_impro05_F010_features.pt,ang
/scratch/users/k24015724/wav2vec_project/outputs/IEMOCAP_features/Ses03F_impro05_F011_features.pt,ang
/scratch/users/k24015724/wav2vec_project/outputs/IEMOCAP_features/Ses03F_impro05_F012_features.pt,fru
/scratch/users/k24015724/wav2vec_project/outputs/IEMOCAP_features/Ses03F_impro05_F013_features.pt,fru
/scratch/users/k24015724/wav2vec_project/outputs/IEMOCAP_features/Ses03F_impro05_F015_features.pt,ang
/scratch/users/k24015724/wav2vec_project/outputs/IEMOCAP_features/Ses03F_impro05_F016_features.pt,ang
/scratch/users/k24015724/wav2vec_project/outputs/IEMOCAP_features/Ses03F_impro05_F017_features.pt,ang
/scratch/users/k24015724/wav2vec_project/outputs/IEMOCAP_features/Ses03F_impro05_M000_features.pt,fru
/scratch/users/k24015724/wav2vec_project/outputs/IEMOCAP_features/Ses03F_impro05_M001_features.pt,fru
/scratch/users/k24015724/wav2vec_project/outputs/IEMOCAP_features/Ses03F_impro05_M002_features.pt,fru
/scratch/users/k24015724/wav2vec_project/outputs/IEMOCAP_features/Ses03F_impro05_M003_features.pt,neu
/scratch/users/k24015724/wav2vec_project/outputs/IEMOCAP_features/Ses03F_impro05_M004_features.pt,fru
/scratch/users/k24015724/wav2vec_project/outputs/IEMOCAP_features/Ses03F_impro05_M005_features.pt,fru
/scratch/users/k24015724/wav2vec_project/outputs/IEMOCAP_features/Ses03F_impro05_M006_features.pt,fru
/scratch/users/k24015724/wav2vec_project/outputs/IEMOCAP_features/Ses03F_impro05_M008_features.pt,neu
/scratch/users/k24015724/wav2vec_project/outputs/IEMOCAP_features/Ses03F_impro05_M009_features.pt,neu
/scratch/users/k24015724/wav2vec_project/outputs/IEMOCAP_features/Ses03F_impro05_M010_features.pt,fru
/scratch/users/k24015724/wav2vec_project/outputs/IEMOCAP_features/Ses03F_impro05_M011_features.pt,neu
/scratch/users/k24015724/wav2vec_project/outputs/IEMOCAP_features/Ses03F_impro05_M012_features.pt,fru
/scratch/users/k24015724/wav2vec_project/outputs/IEMOCAP_features/Ses03F_impro05_M013_features.pt,neu
/scratch/users/k24015724/wav2vec_project/outputs/IEMOCAP_features/Ses03F_impro05_M014_features.pt,neu
/scratch/users/k24015724/wav2vec_project/outputs/IEMOCAP_features/Ses03F_impro06_F000_features.pt,sad
/scratch/users/k24015724/wav2vec_project/outputs/IEMOCAP_features/Ses03F_impro06_F001_features.pt,sad
/scratch/users/k24015724/wav2vec_project/outputs/IEMOCAP_features/Ses03F_impro06_F002_features.pt,sad
/scratch/users/k24015724/wav2vec_project/outputs/IEMOCAP_features/Ses03F_impro06_F003_features.pt,sad
/scratch/users/k24015724/wav2vec_project/outputs/IEMOCAP_features/Ses03F_impro06_F004_features.pt,sad
/scratch/users/k24015724/wav2vec_project/outputs/IEMOCAP_features/Ses03F_impro06_F005_features.pt,sad
/scratch/users/k24015724/wav2vec_project/outputs/IEMOCAP_features/Ses03F_impro06_F006_features.pt,sad
/scratch/users/k24015724/wav2vec_project/outputs/IEMOCAP_features/Ses03F_impro06_F007_features.pt,sad
/scratch/users/k24015724/wav2vec_project/outputs/IEMOCAP_features/Ses03F_impro06_F008_features.pt,sad
/scratch/users/k24015724/wav2vec_project/outputs/IEMOCAP_features/Ses03F_impro06_F009_features.pt,sad
/scratch/users/k24015724/wav2vec_project/outputs/IEMOCAP_features/Ses03F_impro06_F010_features.pt,sad
/scratch/users/k24015724/wav2vec_project/outputs/IEMOCAP_features/Ses03F_impro06_F011_features.pt,sad
/scratch/users/k24015724/wav2vec_project/outputs/IEMOCAP_features/Ses03F_impro06_F012_features.pt,sad
/scratch/users/k24015724/wav2vec_project/outputs/IEMOCAP_features/Ses03F_impro06_F013_features.pt,sad
/scratch/users/k24015724/wav2vec_project/outputs/IEMOCAP_features/Ses03F_impro06_F014_features.pt,sad
/scratch/users/k24015724/wav2vec_project/outputs/IEMOCAP_features/Ses03F_impro06_F015_features.pt,sad
/scratch/users/k24015724/wav2vec_project/outputs/IEMOCAP_features/Ses03F_impro06_F016_features.pt,sad
/scratch/users/k24015724/wav2vec_project/outputs/IEMOCAP_features/Ses03F_impro06_F017_features.pt,sad
/scratch/users/k24015724/wav2vec_project/outputs/IEMOCAP_features/Ses03F_impro06_F018_features.pt,sad
/scratch/users/k24015724/wav2vec_project/outputs/IEMOCAP_features/Ses03F_impro06_F019_features.pt,sad
/scratch/users/k24015724/wav2vec_project/outputs/IEMOCAP_features/Ses03F_impro06_F020_features.pt,sad
/scratch/users/k24015724/wav2vec_project/outputs/IEMOCAP_features/Ses03F_impro06_F021_features.pt,sad
/scratch/users/k24015724/wav2vec_project/outputs/IEMOCAP_features/Ses03F_impro06_F022_features.pt,sad
/scratch/users/k24015724/wav2vec_project/outputs/IEMOCAP_features/Ses03F_impro06_F023_features.pt,sad
/scratch/users/k24015724/wav2vec_project/outputs/IEMOCAP_features/Ses03F_impro06_F024_features.pt,sad
/scratch/users/k24015724/wav2vec_project/outputs/IEMOCAP_features/Ses03F_impro06_F025_features.pt,sad
/scratch/users/k24015724/wav2vec_project/outputs/IEMOCAP_features/Ses03F_impro06_F026_features.pt,sad
/scratch/users/k24015724/wav2vec_project/outputs/IEMOCAP_features/Ses03F_impro06_F027_features.pt,sad
/scratch/users/k24015724/wav2vec_project/outputs/IEMOCAP_features/Ses03F_impro06_F028_features.pt,sad
/scratch/users/k24015724/wav2vec_project/outputs/IEMOCAP_features/Ses03F_impro06_F029_features.pt,sad
/scratch/users/k24015724/wav2vec_project/outputs/IEMOCAP_features/Ses03F_impro06_F030_features.pt,sad
/scratch/users/k24015724/wav2vec_project/outputs/IEMOCAP_features/Ses03F_impro06_F031_features.pt,sad
/scratch/users/k24015724/wav2vec_project/outputs/IEMOCAP_features/Ses03F_impro06_F032_features.pt,sad
/scratch/users/k24015724/wav2vec_project/outputs/IEMOCAP_features/Ses03F_impro06_F033_features.pt,sad
/scratch/users/k24015724/wav2vec_project/outputs/IEMOCAP_features/Ses03F_impro06_F034_features.pt,sad
/scratch/users/k24015724/wav2vec_project/outputs/IEMOCAP_features/Ses03F_impro06_F035_features.pt,sad
/scratch/users/k24015724/wav2vec_project/outputs/IEMOCAP_features/Ses03F_impro06_M000_features.pt,neu
/scratch/users/k24015724/wav2vec_project/outputs/IEMOCAP_features/Ses03F_impro06_M001_features.pt,neu
/scratch/users/k24015724/wav2vec_project/outputs/IEMOCAP_features/Ses03F_impro06_M002_features.pt,sad
/scratch/users/k24015724/wav2vec_project/outputs/IEMOCAP_features/Ses03F_impro06_M003_features.pt,neu
/scratch/users/k24015724/wav2vec_project/outputs/IEMOCAP_features/Ses03F_impro06_M004_features.pt,sad
/scratch/users/k24015724/wav2vec_project/outputs/IEMOCAP_features/Ses03F_impro06_M005_features.pt,sad
/scratch/users/k24015724/wav2vec_project/outputs/IEMOCAP_features/Ses03F_impro06_M006_features.pt,sad
/scratch/users/k24015724/wav2vec_project/outputs/IEMOCAP_features/Ses03F_impro06_M007_features.pt,sad
/scratch/users/k24015724/wav2vec_project/outputs/IEMOCAP_features/Ses03F_impro06_M008_features.pt,sad
/scratch/users/k24015724/wav2vec_project/outputs/IEMOCAP_features/Ses03F_impro06_M009_features.pt,sad
/scratch/users/k24015724/wav2vec_project/outputs/IEMOCAP_features/Ses03F_impro06_M010_features.pt,sad
/scratch/users/k24015724/wav2vec_project/outputs/IEMOCAP_features/Ses03F_impro06_M011_features.pt,sad
/scratch/users/k24015724/wav2vec_project/outputs/IEMOCAP_features/Ses03F_impro06_M012_features.pt,sad
/scratch/users/k24015724/wav2vec_project/outputs/IEMOCAP_features/Ses03F_impro06_M013_features.pt,sad
/scratch/users/k24015724/wav2vec_project/outputs/IEMOCAP_features/Ses03F_impro06_M014_features.pt,sad
/scratch/users/k24015724/wav2vec_project/outputs/IEMOCAP_features/Ses03F_impro06_M015_features.pt,sad
/scratch/users/k24015724/wav2vec_project/outputs/IEMOCAP_features/Ses03F_impro06_M016_features.pt,sad
/scratch/users/k24015724/wav2vec_project/outputs/IEMOCAP_features/Ses03F_impro07_F001_features.pt,hap
/scratch/users/k24015724/wav2vec_project/outputs/IEMOCAP_features/Ses03F_impro07_F004_features.pt,hap
/scratch/users/k24015724/wav2vec_project/outputs/IEMOCAP_features/Ses03F_impro07_F005_features.pt,hap
/scratch/users/k24015724/wav2vec_project/outputs/IEMOCAP_features/Ses03F_impro07_F012_features.pt,hap
/scratch/users/k24015724/wav2vec_project/outputs/IEMOCAP_features/Ses03F_impro07_F013_features.pt,hap
/scratch/users/k24015724/wav2vec_project/outputs/IEMOCAP_features/Ses03F_impro07_F015_features.pt,neu
/scratch/users/k24015724/wav2vec_project/outputs/IEMOCAP_features/Ses03F_impro07_F017_features.pt,hap
/scratch/users/k24015724/wav2vec_project/outputs/IEMOCAP_features/Ses03F_impro07_F019_features.pt,hap
/scratch/users/k24015724/wav2vec_project/outputs/IEMOCAP_features/Ses03F_impro07_F023_features.pt,hap
/scratch/users/k24015724/wav2vec_project/outputs/IEMOCAP_features/Ses03F_impro07_F025_features.pt,hap
/scratch/users/k24015724/wav2vec_project/outputs/IEMOCAP_features/Ses03F_impro07_F031_features.pt,neu
/scratch/users/k24015724/wav2vec_project/outputs/IEMOCAP_features/Ses03F_impro07_F032_features.pt,hap
/scratch/users/k24015724/wav2vec_project/outputs/IEMOCAP_features/Ses03F_impro07_F034_features.pt,hap
/scratch/users/k24015724/wav2vec_project/outputs/IEMOCAP_features/Ses03F_impro07_F035_features.pt,hap
/scratch/users/k24015724/wav2vec_project/outputs/IEMOCAP_features/Ses03F_impro07_M000_features.pt,neu
/scratch/users/k24015724/wav2vec_project/outputs/IEMOCAP_features/Ses03F_impro07_M001_features.pt,neu
/scratch/users/k24015724/wav2vec_project/outputs/IEMOCAP_features/Ses03F_impro07_M003_features.pt,neu
/scratch/users/k24015724/wav2vec_project/outputs/IEMOCAP_features/Ses03F_impro07_M004_features.pt,neu
/scratch/users/k24015724/wav2vec_project/outputs/IEMOCAP_features/Ses03F_impro07_M012_features.pt,neu
/scratch/users/k24015724/wav2vec_project/outputs/IEMOCAP_features/Ses03F_impro07_M021_features.pt,neu
/scratch/users/k24015724/wav2vec_project/outputs/IEMOCAP_features/Ses03F_impro07_M023_features.pt,neu
/scratch/users/k24015724/wav2vec_project/outputs/IEMOCAP_features/Ses03F_impro07_M025_features.pt,neu
/scratch/users/k24015724/wav2vec_project/outputs/IEMOCAP_features/Ses03F_impro07_M033_features.pt,neu
/scratch/users/k24015724/wav2vec_project/outputs/IEMOCAP_features/Ses03F_impro07_M034_features.pt,hap
/scratch/users/k24015724/wav2vec_project/outputs/IEMOCAP_features/Ses03F_impro07_M035_features.pt,hap
/scratch/users/k24015724/wav2vec_project/outputs/IEMOCAP_features/Ses03F_impro08_F000_features.pt,neu
/scratch/users/k24015724/wav2vec_project/outputs/IEMOCAP_features/Ses03F_impro08_F001_features.pt,neu
/scratch/users/k24015724/wav2vec_project/outputs/IEMOCAP_features/Ses03F_impro08_F002_features.pt,neu
/scratch/users/k24015724/wav2vec_project/outputs/IEMOCAP_features/Ses03F_impro08_F003_features.pt,neu
/scratch/users/k24015724/wav2vec_project/outputs/IEMOCAP_features/Ses03F_impro08_F004_features.pt,neu
/scratch/users/k24015724/wav2vec_project/outputs/IEMOCAP_features/Ses03F_impro08_F005_features.pt,neu
/scratch/users/k24015724/wav2vec_project/outputs/IEMOCAP_features/Ses03F_impro08_F006_features.pt,neu
/scratch/users/k24015724/wav2vec_project/outputs/IEMOCAP_features/Ses03F_impro08_F007_features.pt,neu
/scratch/users/k24015724/wav2vec_project/outputs/IEMOCAP_features/Ses03F_impro08_F008_features.pt,neu
/scratch/users/k24015724/wav2vec_project/outputs/IEMOCAP_features/Ses03F_impro08_F009_features.pt,neu
/scratch/users/k24015724/wav2vec_project/outputs/IEMOCAP_features/Ses03F_impro08_F010_features.pt,neu
/scratch/users/k24015724/wav2vec_project/outputs/IEMOCAP_features/Ses03F_impro08_F011_features.pt,neu
/scratch/users/k24015724/wav2vec_project/outputs/IEMOCAP_features/Ses03F_impro08_F012_features.pt,neu
/scratch/users/k24015724/wav2vec_project/outputs/IEMOCAP_features/Ses03F_impro08_F013_features.pt,neu
/scratch/users/k24015724/wav2vec_project/outputs/IEMOCAP_features/Ses03F_impro08_F014_features.pt,neu
/scratch/users/k24015724/wav2vec_project/outputs/IEMOCAP_features/Ses03F_impro08_F015_features.pt,neu
/scratch/users/k24015724/wav2vec_project/outputs/IEMOCAP_features/Ses03F_impro08_F016_features.pt,neu
/scratch/users/k24015724/wav2vec_project/outputs/IEMOCAP_features/Ses03F_impro08_F017_features.pt,fru
/scratch/users/k24015724/wav2vec_project/outputs/IEMOCAP_features/Ses03F_impro08_F018_features.pt,fru
/scratch/users/k24015724/wav2vec_project/outputs/IEMOCAP_features/Ses03F_impro08_F019_features.pt,fru
/scratch/users/k24015724/wav2vec_project/outputs/IEMOCAP_features/Ses03F_impro08_F020_features.pt,neu
/scratch/users/k24015724/wav2vec_project/outputs/IEMOCAP_features/Ses03F_impro08_F021_features.pt,neu
/scratch/users/k24015724/wav2vec_project/outputs/IEMOCAP_features/Ses03F_impro08_F022_features.pt,neu
/scratch/users/k24015724/wav2vec_project/outputs/IEMOCAP_features/Ses03F_impro08_F023_features.pt,neu
/scratch/users/k24015724/wav2vec_project/outputs/IEMOCAP_features/Ses03F_impro08_F024_features.pt,neu
/scratch/users/k24015724/wav2vec_project/outputs/IEMOCAP_features/Ses03F_impro08_F025_features.pt,neu
/scratch/users/k24015724/wav2vec_project/outputs/IEMOCAP_features/Ses03F_impro08_F026_features.pt,neu
/scratch/users/k24015724/wav2vec_project/outputs/IEMOCAP_features/Ses03F_impro08_F027_features.pt,neu
/scratch/users/k24015724/wav2vec_project/outputs/IEMOCAP_features/Ses03F_impro08_F028_features.pt,neu
/scratch/users/k24015724/wav2vec_project/outputs/IEMOCAP_features/Ses03F_impro08_F029_features.pt,neu
/scratch/users/k24015724/wav2vec_project/outputs/IEMOCAP_features/Ses03F_impro08_M000_features.pt,ang
/scratch/users/k24015724/wav2vec_project/outputs/IEMOCAP_features/Ses03F_impro08_M004_features.pt,fru
/scratch/users/k24015724/wav2vec_project/outputs/IEMOCAP_features/Ses03F_impro08_M006_features.pt,ang
/scratch/users/k24015724/wav2vec_project/outputs/IEMOCAP_features/Ses03F_impro08_M007_features.pt,ang
/scratch/users/k24015724/wav2vec_project/outputs/IEMOCAP_features/Ses03F_impro08_M008_features.pt,ang
/scratch/users/k24015724/wav2vec_project/outputs/IEMOCAP_features/Ses03F_impro08_M009_features.pt,ang
/scratch/users/k24015724/wav2vec_project/outputs/IEMOCAP_features/Ses03F_impro08_M010_features.pt,ang
/scratch/users/k24015724/wav2vec_project/outputs/IEMOCAP_features/Ses03F_impro08_M011_features.pt,ang
/scratch/users/k24015724/wav2vec_project/outputs/IEMOCAP_features/Ses03F_impro08_M012_features.pt,ang
/scratch/users/k24015724/wav2vec_project/outputs/IEMOCAP_features/Ses03F_impro08_M014_features.pt,ang
/scratch/users/k24015724/wav2vec_project/outputs/IEMOCAP_features/Ses03F_impro08_M015_features.pt,ang
/scratch/users/k24015724/wav2vec_project/outputs/IEMOCAP_features/Ses03F_impro08_M016_features.pt,fru
/scratch/users/k24015724/wav2vec_project/outputs/IEMOCAP_features/Ses03F_impro08_M017_features.pt,fru
/scratch/users/k24015724/wav2vec_project/outputs/IEMOCAP_features/Ses03F_impro08_M018_features.pt,fru
/scratch/users/k24015724/wav2vec_project/outputs/IEMOCAP_features/Ses03F_impro08_M019_features.pt,fru
/scratch/users/k24015724/wav2vec_project/outputs/IEMOCAP_features/Ses03F_impro08_M021_features.pt,neu
/scratch/users/k24015724/wav2vec_project/outputs/IEMOCAP_features/Ses03F_impro08_M026_features.pt,fru
/scratch/users/k24015724/wav2vec_project/outputs/IEMOCAP_features/Ses03F_script01_1_F004_features.pt,neu
/scratch/users/k24015724/wav2vec_project/outputs/IEMOCAP_features/Ses03F_script01_1_F005_features.pt,neu
/scratch/users/k24015724/wav2vec_project/outputs/IEMOCAP_features/Ses03F_script01_1_F007_features.pt,neu
/scratch/users/k24015724/wav2vec_project/outputs/IEMOCAP_features/Ses03F_script01_1_F010_features.pt,neu
/scratch/users/k24015724/wav2vec_project/outputs/IEMOCAP_features/Ses03F_script01_1_F011_features.pt,fru
/scratch/users/k24015724/wav2vec_project/outputs/IEMOCAP_features/Ses03F_script01_1_F012_features.pt,fru
/scratch/users/k24015724/wav2vec_project/outputs/IEMOCAP_features/Ses03F_script01_1_F013_features.pt,fru
/scratch/users/k24015724/wav2vec_project/outputs/IEMOCAP_features/Ses03F_script01_1_F014_features.pt,neu
/scratch/users/k24015724/wav2vec_project/outputs/IEMOCAP_features/Ses03F_script01_1_F017_features.pt,ang
/scratch/users/k24015724/wav2vec_project/outputs/IEMOCAP_features/Ses03F_script01_1_F018_features.pt,fru
/scratch/users/k24015724/wav2vec_project/outputs/IEMOCAP_features/Ses03F_script01_1_F019_features.pt,neu
/scratch/users/k24015724/wav2vec_project/outputs/IEMOCAP_features/Ses03F_script01_1_F021_features.pt,neu
/scratch/users/k24015724/wav2vec_project/outputs/IEMOCAP_features/Ses03F_script01_1_F022_features.pt,fru
/scratch/users/k24015724/wav2vec_project/outputs/IEMOCAP_features/Ses03F_script01_1_F023_features.pt,fru
/scratch/users/k24015724/wav2vec_project/outputs/IEMOCAP_features/Ses03F_script01_1_F024_features.pt,fru
/scratch/users/k24015724/wav2vec_project/outputs/IEMOCAP_features/Ses03F_script01_1_F025_features.pt,fru
/scratch/users/k24015724/wav2vec_project/outputs/IEMOCAP_features/Ses03F_script01_1_F026_features.pt,fru
/scratch/users/k24015724/wav2vec_project/outputs/IEMOCAP_features/Ses03F_script01_1_F028_features.pt,fru
/scratch/users/k24015724/wav2vec_project/outputs/IEMOCAP_features/Ses03F_script01_1_F029_features.pt,fru
/scratch/users/k24015724/wav2vec_project/outputs/IEMOCAP_features/Ses03F_script01_1_F030_features.pt,neu
/scratch/users/k24015724/wav2vec_project/outputs/IEMOCAP_features/Ses03F_script01_1_F031_features.pt,neu
/scratch/users/k24015724/wav2vec_project/outputs/IEMOCAP_features/Ses03F_script01_1_F032_features.pt,fru
/scratch/users/k24015724/wav2vec_project/outputs/IEMOCAP_features/Ses03F_script01_1_F034_features.pt,fru
/scratch/users/k24015724/wav2vec_project/outputs/IEMOCAP_features/Ses03F_script01_1_F035_features.pt,fru
/scratch/users/k24015724/wav2vec_project/outputs/IEMOCAP_features/Ses03F_script01_1_F036_features.pt,fru
/scratch/users/k24015724/wav2vec_project/outputs/IEMOCAP_features/Ses03F_script01_1_F037_features.pt,fru
/scratch/users/k24015724/wav2vec_project/outputs/IEMOCAP_features/Ses03F_script01_1_F038_features.pt,fru
/scratch/users/k24015724/wav2vec_project/outputs/IEMOCAP_features/Ses03F_script01_1_F039_features.pt,fru
/scratch/users/k24015724/wav2vec_project/outputs/IEMOCAP_features/Ses03F_script01_1_F040_features.pt,fru
/scratch/users/k24015724/wav2vec_project/outputs/IEMOCAP_features/Ses03F_script01_1_F043_features.pt,fru
/scratch/users/k24015724/wav2vec_project/outputs/IEMOCAP_features/Ses03F_script01_1_F044_features.pt,fru
/scratch/users/k24015724/wav2vec_project/outputs/IEMOCAP_features/Ses03F_script01_1_F045_features.pt,neu
/scratch/users/k24015724/wav2vec_project/outputs/IEMOCAP_features/Ses03F_script01_1_F046_features.pt,neu
/scratch/users/k24015724/wav2vec_project/outputs/IEMOCAP_features/Ses03F_script01_1_F047_features.pt,fru
/scratch/users/k24015724/wav2vec_project/outputs/IEMOCAP_features/Ses03F_script01_1_F048_features.pt,fru
/scratch/users/k24015724/wav2vec_project/outputs/IEMOCAP_features/Ses03F_script01_1_F049_features.pt,fru
/scratch/users/k24015724/wav2vec_project/outputs/IEMOCAP_features/Ses03F_script01_1_F050_features.pt,neu
/scratch/users/k24015724/wav2vec_project/outputs/IEMOCAP_features/Ses03F_script01_1_F052_features.pt,neu
/scratch/users/k24015724/wav2vec_project/outputs/IEMOCAP_features/Ses03F_script01_1_F053_features.pt,neu
/scratch/users/k24015724/wav2vec_project/outputs/IEMOCAP_features/Ses03F_script01_1_M000_features.pt,neu
/scratch/users/k24015724/wav2vec_project/outputs/IEMOCAP_features/Ses03F_script01_1_M001_features.pt,neu
/scratch/users/k24015724/wav2vec_project/outputs/IEMOCAP_features/Ses03F_script01_1_M002_features.pt,neu
/scratch/users/k24015724/wav2vec_project/outputs/IEMOCAP_features/Ses03F_script01_1_M003_features.pt,neu
/scratch/users/k24015724/wav2vec_project/outputs/IEMOCAP_features/Ses03F_script01_1_M004_features.pt,neu
/scratch/users/k24015724/wav2vec_project/outputs/IEMOCAP_features/Ses03F_script01_1_M005_features.pt,neu
/scratch/users/k24015724/wav2vec_project/outputs/IEMOCAP_features/Ses03F_script01_1_M006_features.pt,neu
/scratch/users/k24015724/wav2vec_project/outputs/IEMOCAP_features/Ses03F_script01_1_M007_features.pt,neu
/scratch/users/k24015724/wav2vec_project/outputs/IEMOCAP_features/Ses03F_script01_1_M008_features.pt,neu
/scratch/users/k24015724/wav2vec_project/outputs/IEMOCAP_features/Ses03F_script01_1_M009_features.pt,neu
/scratch/users/k24015724/wav2vec_project/outputs/IEMOCAP_features/Ses03F_script01_1_M011_features.pt,fru
/scratch/users/k24015724/wav2vec_project/outputs/IEMOCAP_features/Ses03F_script01_1_M012_features.pt,fru
/scratch/users/k24015724/wav2vec_project/outputs/IEMOCAP_features/Ses03F_script01_1_M013_features.pt,fru
/scratch/users/k24015724/wav2vec_project/outputs/IEMOCAP_features/Ses03F_script01_1_M014_features.pt,fru
/scratch/users/k24015724/wav2vec_project/outputs/IEMOCAP_features/Ses03F_script01_1_M015_features.pt,fru
/scratch/users/k24015724/wav2vec_project/outputs/IEMOCAP_features/Ses03F_script01_1_M016_features.pt,neu
/scratch/users/k24015724/wav2vec_project/outputs/IEMOCAP_features/Ses03F_script01_1_M017_features.pt,neu
/scratch/users/k24015724/wav2vec_project/outputs/IEMOCAP_features/Ses03F_script01_1_M018_features.pt,neu
/scratch/users/k24015724/wav2vec_project/outputs/IEMOCAP_features/Ses03F_script01_1_M019_features.pt,fru
/scratch/users/k24015724/wav2vec_project/outputs/IEMOCAP_features/Ses03F_script01_1_M020_features.pt,neu
/scratch/users/k24015724/wav2vec_project/outputs/IEMOCAP_features/Ses03F_script01_1_M021_features.pt,ang
/scratch/users/k24015724/wav2vec_project/outputs/IEMOCAP_features/Ses03F_script01_1_M022_features.pt,ang
/scratch/users/k24015724/wav2vec_project/outputs/IEMOCAP_features/Ses03F_script01_1_M026_features.pt,sad
/scratch/users/k24015724/wav2vec_project/outputs/IEMOCAP_features/Ses03F_script01_1_M027_features.pt,ang
/scratch/users/k24015724/wav2vec_project/outputs/IEMOCAP_features/Ses03F_script01_1_M028_features.pt,neu
/scratch/users/k24015724/wav2vec_project/outputs/IEMOCAP_features/Ses03F_script01_1_M029_features.pt,neu
/scratch/users/k24015724/wav2vec_project/outputs/IEMOCAP_features/Ses03F_script01_1_M030_features.pt,neu
/scratch/users/k24015724/wav2vec_project/outputs/IEMOCAP_features/Ses03F_script01_1_M031_features.pt,neu
/scratch/users/k24015724/wav2vec_project/outputs/IEMOCAP_features/Ses03F_script01_1_M032_features.pt,fru
/scratch/users/k24015724/wav2vec_project/outputs/IEMOCAP_features/Ses03F_script01_1_M033_features.pt,fru
/scratch/users/k24015724/wav2vec_project/outputs/IEMOCAP_features/Ses03F_script01_1_M034_features.pt,neu
/scratch/users/k24015724/wav2vec_project/outputs/IEMOCAP_features/Ses03F_script01_1_M035_features.pt,fru
/scratch/users/k24015724/wav2vec_project/outputs/IEMOCAP_features/Ses03F_script01_1_M036_features.pt,neu
/scratch/users/k24015724/wav2vec_project/outputs/IEMOCAP_features/Ses03F_script01_1_M037_features.pt,fru
/scratch/users/k24015724/wav2vec_project/outputs/IEMOCAP_features/Ses03F_script01_1_M038_features.pt,fru
/scratch/users/k24015724/wav2vec_project/outputs/IEMOCAP_features/Ses03F_script01_1_M039_features.pt,fru
/scratch/users/k24015724/wav2vec_project/outputs/IEMOCAP_features/Ses03F_script01_1_M041_features.pt,neu
/scratch/users/k24015724/wav2vec_project/outputs/IEMOCAP_features/Ses03F_script01_1_M042_features.pt,neu
/scratch/users/k24015724/wav2vec_project/outputs/IEMOCAP_features/Ses03F_script01_1_M044_features.pt,fru
/scratch/users/k24015724/wav2vec_project/outputs/IEMOCAP_features/Ses03F_script01_1_M045_features.pt,ang
/scratch/users/k24015724/wav2vec_project/outputs/IEMOCAP_features/Ses03F_script01_1_M046_features.pt,ang
/scratch/users/k24015724/wav2vec_project/outputs/IEMOCAP_features/Ses03F_script01_1_M047_features.pt,neu
/scratch/users/k24015724/wav2vec_project/outputs/IEMOCAP_features/Ses03F_script01_1_M048_features.pt,neu
/scratch/users/k24015724/wav2vec_project/outputs/IEMOCAP_features/Ses03F_script01_1_M049_features.pt,neu
/scratch/users/k24015724/wav2vec_project/outputs/IEMOCAP_features/Ses03F_script01_1_M050_features.pt,neu
/scratch/users/k24015724/wav2vec_project/outputs/IEMOCAP_features/Ses03F_script01_1_M051_features.pt,fru
/scratch/users/k24015724/wav2vec_project/outputs/IEMOCAP_features/Ses03F_script01_1_M052_features.pt,neu
/scratch/users/k24015724/wav2vec_project/outputs/IEMOCAP_features/Ses03F_script01_1_M053_features.pt,neu
/scratch/users/k24015724/wav2vec_project/outputs/IEMOCAP_features/Ses03F_script01_2_F000_features.pt,ang
/scratch/users/k24015724/wav2vec_project/outputs/IEMOCAP_features/Ses03F_script01_2_F001_features.pt,ang
/scratch/users/k24015724/wav2vec_project/outputs/IEMOCAP_features/Ses03F_script01_2_F002_features.pt,ang
/scratch/users/k24015724/wav2vec_project/outputs/IEMOCAP_features/Ses03F_script01_2_F004_features.pt,ang
/scratch/users/k24015724/wav2vec_project/outputs/IEMOCAP_features/Ses03F_script01_2_F006_features.pt,ang
/scratch/users/k24015724/wav2vec_project/outputs/IEMOCAP_features/Ses03F_script01_2_F011_features.pt,sad
/scratch/users/k24015724/wav2vec_project/outputs/IEMOCAP_features/Ses03F_script01_2_F013_features.pt,ang
/scratch/users/k24015724/wav2vec_project/outputs/IEMOCAP_features/Ses03F_script01_2_F015_features.pt,ang
/scratch/users/k24015724/wav2vec_project/outputs/IEMOCAP_features/Ses03F_script01_2_F016_features.pt,ang
/scratch/users/k24015724/wav2vec_project/outputs/IEMOCAP_features/Ses03F_script01_2_F018_features.pt,sad
/scratch/users/k24015724/wav2vec_project/outputs/IEMOCAP_features/Ses03F_script01_2_F020_features.pt,sad
/scratch/users/k24015724/wav2vec_project/outputs/IEMOCAP_features/Ses03F_script01_2_F021_features.pt,sad
/scratch/users/k24015724/wav2vec_project/outputs/IEMOCAP_features/Ses03F_script01_2_M001_features.pt,neu
/scratch/users/k24015724/wav2vec_project/outputs/IEMOCAP_features/Ses03F_script01_2_M003_features.pt,neu
/scratch/users/k24015724/wav2vec_project/outputs/IEMOCAP_features/Ses03F_script01_2_M004_features.pt,neu
/scratch/users/k24015724/wav2vec_project/outputs/IEMOCAP_features/Ses03F_script01_2_M005_features.pt,fru
/scratch/users/k24015724/wav2vec_project/outputs/IEMOCAP_features/Ses03F_script01_2_M006_features.pt,neu
/scratch/users/k24015724/wav2vec_project/outputs/IEMOCAP_features/Ses03F_script01_2_M007_features.pt,neu
/scratch/users/k24015724/wav2vec_project/outputs/IEMOCAP_features/Ses03F_script01_2_M008_features.pt,neu
/scratch/users/k24015724/wav2vec_project/outputs/IEMOCAP_features/Ses03F_script01_2_M009_features.pt,neu
/scratch/users/k24015724/wav2vec_project/outputs/IEMOCAP_features/Ses03F_script01_2_M010_features.pt,fru
/scratch/users/k24015724/wav2vec_project/outputs/IEMOCAP_features/Ses03F_script01_2_M011_features.pt,ang
/scratch/users/k24015724/wav2vec_project/outputs/IEMOCAP_features/Ses03F_script01_2_M012_features.pt,fru
/scratch/users/k24015724/wav2vec_project/outputs/IEMOCAP_features/Ses03F_script01_2_M013_features.pt,ang
/scratch/users/k24015724/wav2vec_project/outputs/IEMOCAP_features/Ses03F_script01_2_M014_features.pt,ang
/scratch/users/k24015724/wav2vec_project/outputs/IEMOCAP_features/Ses03F_script01_2_M015_features.pt,ang
/scratch/users/k24015724/wav2vec_project/outputs/IEMOCAP_features/Ses03F_script01_2_M016_features.pt,ang
/scratch/users/k24015724/wav2vec_project/outputs/IEMOCAP_features/Ses03F_script01_2_M017_features.pt,ang
/scratch/users/k24015724/wav2vec_project/outputs/IEMOCAP_features/Ses03F_script01_2_M018_features.pt,ang
/scratch/users/k24015724/wav2vec_project/outputs/IEMOCAP_features/Ses03F_script01_3_F000_features.pt,hap
/scratch/users/k24015724/wav2vec_project/outputs/IEMOCAP_features/Ses03F_script01_3_F001_features.pt,hap
/scratch/users/k24015724/wav2vec_project/outputs/IEMOCAP_features/Ses03F_script01_3_F002_features.pt,hap
/scratch/users/k24015724/wav2vec_project/outputs/IEMOCAP_features/Ses03F_script01_3_F003_features.pt,sad
/scratch/users/k24015724/wav2vec_project/outputs/IEMOCAP_features/Ses03F_script01_3_F005_features.pt,fru
/scratch/users/k24015724/wav2vec_project/outputs/IEMOCAP_features/Ses03F_script01_3_F008_features.pt,sad
/scratch/users/k24015724/wav2vec_project/outputs/IEMOCAP_features/Ses03F_script01_3_F011_features.pt,hap
/scratch/users/k24015724/wav2vec_project/outputs/IEMOCAP_features/Ses03F_script01_3_F012_features.pt,hap
/scratch/users/k24015724/wav2vec_project/outputs/IEMOCAP_features/Ses03F_script01_3_F013_features.pt,hap
/scratch/users/k24015724/wav2vec_project/outputs/IEMOCAP_features/Ses03F_script01_3_F014_features.pt,hap
/scratch/users/k24015724/wav2vec_project/outputs/IEMOCAP_features/Ses03F_script01_3_F018_features.pt,hap
/scratch/users/k24015724/wav2vec_project/outputs/IEMOCAP_features/Ses03F_script01_3_F021_features.pt,hap
/scratch/users/k24015724/wav2vec_project/outputs/IEMOCAP_features/Ses03F_script01_3_F023_features.pt,hap
/scratch/users/k24015724/wav2vec_project/outputs/IEMOCAP_features/Ses03F_script01_3_F025_features.pt,sad
/scratch/users/k24015724/wav2vec_project/outputs/IEMOCAP_features/Ses03F_script01_3_F026_features.pt,sad
/scratch/users/k24015724/wav2vec_project/outputs/IEMOCAP_features/Ses03F_script01_3_F027_features.pt,sad
/scratch/users/k24015724/wav2vec_project/outputs/IEMOCAP_features/Ses03F_script01_3_F028_features.pt,sad
/scratch/users/k24015724/wav2vec_project/outputs/IEMOCAP_features/Ses03F_script01_3_F029_features.pt,sad
/scratch/users/k24015724/wav2vec_project/outputs/IEMOCAP_features/Ses03F_script01_3_F030_features.pt,sad
/scratch/users/k24015724/wav2vec_project/outputs/IEMOCAP_features/Ses03F_script01_3_F031_features.pt,sad
/scratch/users/k24015724/wav2vec_project/outputs/IEMOCAP_features/Ses03F_script01_3_F032_features.pt,sad
/scratch/users/k24015724/wav2vec_project/outputs/IEMOCAP_features/Ses03F_script01_3_F033_features.pt,sad
/scratch/users/k24015724/wav2vec_project/outputs/IEMOCAP_features/Ses03F_script01_3_F035_features.pt,hap
/scratch/users/k24015724/wav2vec_project/outputs/IEMOCAP_features/Ses03F_script01_3_M000_features.pt,hap
/scratch/users/k24015724/wav2vec_project/outputs/IEMOCAP_features/Ses03F_script01_3_M001_features.pt,neu
/scratch/users/k24015724/wav2vec_project/outputs/IEMOCAP_features/Ses03F_script01_3_M003_features.pt,neu
/scratch/users/k24015724/wav2vec_project/outputs/IEMOCAP_features/Ses03F_script01_3_M004_features.pt,neu
/scratch/users/k24015724/wav2vec_project/outputs/IEMOCAP_features/Ses03F_script01_3_M006_features.pt,hap
/scratch/users/k24015724/wav2vec_project/outputs/IEMOCAP_features/Ses03F_script01_3_M009_features.pt,hap
/scratch/users/k24015724/wav2vec_project/outputs/IEMOCAP_features/Ses03F_script01_3_M010_features.pt,hap
/scratch/users/k24015724/wav2vec_project/outputs/IEMOCAP_features/Ses03F_script01_3_M011_features.pt,hap
/scratch/users/k24015724/wav2vec_project/outputs/IEMOCAP_features/Ses03F_script01_3_M012_features.pt,hap
/scratch/users/k24015724/wav2vec_project/outputs/IEMOCAP_features/Ses03F_script01_3_M013_features.pt,hap
/scratch/users/k24015724/wav2vec_project/outputs/IEMOCAP_features/Ses03F_script01_3_M014_features.pt,hap
/scratch/users/k24015724/wav2vec_project/outputs/IEMOCAP_features/Ses03F_script01_3_M015_features.pt,hap
/scratch/users/k24015724/wav2vec_project/outputs/IEMOCAP_features/Ses03F_script01_3_M018_features.pt,hap
/scratch/users/k24015724/wav2vec_project/outputs/IEMOCAP_features/Ses03F_script01_3_M019_features.pt,hap
/scratch/users/k24015724/wav2vec_project/outputs/IEMOCAP_features/Ses03F_script01_3_M020_features.pt,hap
/scratch/users/k24015724/wav2vec_project/outputs/IEMOCAP_features/Ses03F_script01_3_M021_features.pt,hap
/scratch/users/k24015724/wav2vec_project/outputs/IEMOCAP_features/Ses03F_script01_3_M023_features.pt,hap
/scratch/users/k24015724/wav2vec_project/outputs/IEMOCAP_features/Ses03F_script01_3_M024_features.pt,hap
/scratch/users/k24015724/wav2vec_project/outputs/IEMOCAP_features/Ses03F_script01_3_M025_features.pt,sad
/scratch/users/k24015724/wav2vec_project/outputs/IEMOCAP_features/Ses03F_script01_3_M026_features.pt,neu
/scratch/users/k24015724/wav2vec_project/outputs/IEMOCAP_features/Ses03F_script01_3_M027_features.pt,sad
/scratch/users/k24015724/wav2vec_project/outputs/IEMOCAP_features/Ses03F_script01_3_M028_features.pt,sad
/scratch/users/k24015724/wav2vec_project/outputs/IEMOCAP_features/Ses03F_script01_3_M029_features.pt,sad
/scratch/users/k24015724/wav2vec_project/outputs/IEMOCAP_features/Ses03F_script01_3_M030_features.pt,sad
/scratch/users/k24015724/wav2vec_project/outputs/IEMOCAP_features/Ses03F_script01_3_M031_features.pt,sad
/scratch/users/k24015724/wav2vec_project/outputs/IEMOCAP_features/Ses03F_script01_3_M032_features.pt,sad
/scratch/users/k24015724/wav2vec_project/outputs/IEMOCAP_features/Ses03F_script01_3_M033_features.pt,sad
/scratch/users/k24015724/wav2vec_project/outputs/IEMOCAP_features/Ses03F_script01_3_M034_features.pt,sad
/scratch/users/k24015724/wav2vec_project/outputs/IEMOCAP_features/Ses03F_script01_3_M035_features.pt,sad
/scratch/users/k24015724/wav2vec_project/outputs/IEMOCAP_features/Ses03F_script01_3_M036_features.pt,sad
/scratch/users/k24015724/wav2vec_project/outputs/IEMOCAP_features/Ses03F_script01_3_M037_features.pt,sad
/scratch/users/k24015724/wav2vec_project/outputs/IEMOCAP_features/Ses03F_script01_3_M038_features.pt,sad
/scratch/users/k24015724/wav2vec_project/outputs/IEMOCAP_features/Ses03F_script01_3_M039_features.pt,sad
/scratch/users/k24015724/wav2vec_project/outputs/IEMOCAP_features/Ses03F_script01_3_M040_features.pt,sad
/scratch/users/k24015724/wav2vec_project/outputs/IEMOCAP_features/Ses03F_script01_3_M041_features.pt,sad
/scratch/users/k24015724/wav2vec_project/outputs/IEMOCAP_features/Ses03F_script01_3_M042_features.pt,sad
/scratch/users/k24015724/wav2vec_project/outputs/IEMOCAP_features/Ses03F_script01_3_M043_features.pt,sad
/scratch/users/k24015724/wav2vec_project/outputs/IEMOCAP_features/Ses03F_script01_3_M045_features.pt,hap
/scratch/users/k24015724/wav2vec_project/outputs/IEMOCAP_features/Ses03F_script01_3_M046_features.pt,hap
/scratch/users/k24015724/wav2vec_project/outputs/IEMOCAP_features/Ses03F_script02_1_F000_features.pt,sad
/scratch/users/k24015724/wav2vec_project/outputs/IEMOCAP_features/Ses03F_script02_1_F003_features.pt,ang
/scratch/users/k24015724/wav2vec_project/outputs/IEMOCAP_features/Ses03F_script02_1_F010_features.pt,sad
/scratch/users/k24015724/wav2vec_project/outputs/IEMOCAP_features/Ses03F_script02_1_F011_features.pt,sad
/scratch/users/k24015724/wav2vec_project/outputs/IEMOCAP_features/Ses03F_script02_1_F012_features.pt,ang
/scratch/users/k24015724/wav2vec_project/outputs/IEMOCAP_features/Ses03F_script02_1_F013_features.pt,fru
/scratch/users/k24015724/wav2vec_project/outputs/IEMOCAP_features/Ses03F_script02_1_F014_features.pt,fru
/scratch/users/k24015724/wav2vec_project/outputs/IEMOCAP_features/Ses03F_script02_1_F017_features.pt,fru
/scratch/users/k24015724/wav2vec_project/outputs/IEMOCAP_features/Ses03F_script02_1_F018_features.pt,fru
/scratch/users/k24015724/wav2vec_project/outputs/IEMOCAP_features/Ses03F_script02_1_M017_features.pt,neu
/scratch/users/k24015724/wav2vec_project/outputs/IEMOCAP_features/Ses03F_script02_1_M019_features.pt,neu
/scratch/users/k24015724/wav2vec_project/outputs/IEMOCAP_features/Ses03F_script02_1_M020_features.pt,neu
/scratch/users/k24015724/wav2vec_project/outputs/IEMOCAP_features/Ses03F_script02_1_M022_features.pt,neu
/scratch/users/k24015724/wav2vec_project/outputs/IEMOCAP_features/Ses03F_script02_1_M023_features.pt,neu
/scratch/users/k24015724/wav2vec_project/outputs/IEMOCAP_features/Ses03F_script02_1_M034_features.pt,fru
/scratch/users/k24015724/wav2vec_project/outputs/IEMOCAP_features/Ses03F_script02_1_M044_features.pt,neu
/scratch/users/k24015724/wav2vec_project/outputs/IEMOCAP_features/Ses03F_script02_2_F000_features.pt,neu
/scratch/users/k24015724/wav2vec_project/outputs/IEMOCAP_features/Ses03F_script02_2_F005_features.pt,ang
/scratch/users/k24015724/wav2vec_project/outputs/IEMOCAP_features/Ses03F_script02_2_F006_features.pt,fru
/scratch/users/k24015724/wav2vec_project/outputs/IEMOCAP_features/Ses03F_script02_2_F008_features.pt,fru
/scratch/users/k24015724/wav2vec_project/outputs/IEMOCAP_features/Ses03F_script02_2_F012_features.pt,ang
/scratch/users/k24015724/wav2vec_project/outputs/IEMOCAP_features/Ses03F_script02_2_F013_features.pt,fru
/scratch/users/k24015724/wav2vec_project/outputs/IEMOCAP_features/Ses03F_script02_2_F014_features.pt,fru
/scratch/users/k24015724/wav2vec_project/outputs/IEMOCAP_features/Ses03F_script02_2_F015_features.pt,fru
/scratch/users/k24015724/wav2vec_project/outputs/IEMOCAP_features/Ses03F_script02_2_F016_features.pt,sad
/scratch/users/k24015724/wav2vec_project/outputs/IEMOCAP_features/Ses03F_script02_2_F017_features.pt,sad
/scratch/users/k24015724/wav2vec_project/outputs/IEMOCAP_features/Ses03F_script02_2_F018_features.pt,sad
/scratch/users/k24015724/wav2vec_project/outputs/IEMOCAP_features/Ses03F_script02_2_F019_features.pt,hap
/scratch/users/k24015724/wav2vec_project/outputs/IEMOCAP_features/Ses03F_script02_2_F020_features.pt,hap
/scratch/users/k24015724/wav2vec_project/outputs/IEMOCAP_features/Ses03F_script02_2_F021_features.pt,hap
/scratch/users/k24015724/wav2vec_project/outputs/IEMOCAP_features/Ses03F_script02_2_F022_features.pt,sad
/scratch/users/k24015724/wav2vec_project/outputs/IEMOCAP_features/Ses03F_script02_2_F023_features.pt,hap
/scratch/users/k24015724/wav2vec_project/outputs/IEMOCAP_features/Ses03F_script02_2_F024_features.pt,sad
/scratch/users/k24015724/wav2vec_project/outputs/IEMOCAP_features/Ses03F_script02_2_F025_features.pt,sad
/scratch/users/k24015724/wav2vec_project/outputs/IEMOCAP_features/Ses03F_script02_2_F026_features.pt,sad
/scratch/users/k24015724/wav2vec_project/outputs/IEMOCAP_features/Ses03F_script02_2_F027_features.pt,sad
/scratch/users/k24015724/wav2vec_project/outputs/IEMOCAP_features/Ses03F_script02_2_F028_features.pt,sad
/scratch/users/k24015724/wav2vec_project/outputs/IEMOCAP_features/Ses03F_script02_2_F029_features.pt,fru
/scratch/users/k24015724/wav2vec_project/outputs/IEMOCAP_features/Ses03F_script02_2_F030_features.pt,fru
/scratch/users/k24015724/wav2vec_project/outputs/IEMOCAP_features/Ses03F_script02_2_F031_features.pt,ang
/scratch/users/k24015724/wav2vec_project/outputs/IEMOCAP_features/Ses03F_script02_2_F032_features.pt,fru
/scratch/users/k24015724/wav2vec_project/outputs/IEMOCAP_features/Ses03F_script02_2_F033_features.pt,fru
/scratch/users/k24015724/wav2vec_project/outputs/IEMOCAP_features/Ses03F_script02_2_F034_features.pt,fru
/scratch/users/k24015724/wav2vec_project/outputs/IEMOCAP_features/Ses03F_script02_2_F035_features.pt,ang
/scratch/users/k24015724/wav2vec_project/outputs/IEMOCAP_features/Ses03F_script02_2_F036_features.pt,sad
/scratch/users/k24015724/wav2vec_project/outputs/IEMOCAP_features/Ses03F_script02_2_F038_features.pt,sad
/scratch/users/k24015724/wav2vec_project/outputs/IEMOCAP_features/Ses03F_script02_2_F039_features.pt,sad
/scratch/users/k24015724/wav2vec_project/outputs/IEMOCAP_features/Ses03F_script02_2_F040_features.pt,sad
/scratch/users/k24015724/wav2vec_project/outputs/IEMOCAP_features/Ses03F_script02_2_F041_features.pt,fru
/scratch/users/k24015724/wav2vec_project/outputs/IEMOCAP_features/Ses03F_script02_2_F042_features.pt,fru
/scratch/users/k24015724/wav2vec_project/outputs/IEMOCAP_features/Ses03F_script02_2_F043_features.pt,hap
/scratch/users/k24015724/wav2vec_project/outputs/IEMOCAP_features/Ses03F_script02_2_F044_features.pt,hap
/scratch/users/k24015724/wav2vec_project/outputs/IEMOCAP_features/Ses03F_script02_2_F045_features.pt,hap
/scratch/users/k24015724/wav2vec_project/outputs/IEMOCAP_features/Ses03F_script02_2_F048_features.pt,hap
/scratch/users/k24015724/wav2vec_project/outputs/IEMOCAP_features/Ses03F_script02_2_F050_features.pt,hap
/scratch/users/k24015724/wav2vec_project/outputs/IEMOCAP_features/Ses03F_script02_2_F051_features.pt,sad
/scratch/users/k24015724/wav2vec_project/outputs/IEMOCAP_features/Ses03F_script02_2_M001_features.pt,neu
/scratch/users/k24015724/wav2vec_project/outputs/IEMOCAP_features/Ses03F_script02_2_M002_features.pt,fru
/scratch/users/k24015724/wav2vec_project/outputs/IEMOCAP_features/Ses03F_script02_2_M003_features.pt,fru
/scratch/users/k24015724/wav2vec_project/outputs/IEMOCAP_features/Ses03F_script02_2_M004_features.pt,fru
/scratch/users/k24015724/wav2vec_project/outputs/IEMOCAP_features/Ses03F_script02_2_M005_features.pt,neu
/scratch/users/k24015724/wav2vec_project/outputs/IEMOCAP_features/Ses03F_script02_2_M006_features.pt,fru
/scratch/users/k24015724/wav2vec_project/outputs/IEMOCAP_features/Ses03F_script02_2_M007_features.pt,fru
/scratch/users/k24015724/wav2vec_project/outputs/IEMOCAP_features/Ses03F_script02_2_M008_features.pt,neu
/scratch/users/k24015724/wav2vec_project/outputs/IEMOCAP_features/Ses03F_script02_2_M009_features.pt,fru
/scratch/users/k24015724/wav2vec_project/outputs/IEMOCAP_features/Ses03F_script02_2_M010_features.pt,fru
/scratch/users/k24015724/wav2vec_project/outputs/IEMOCAP_features/Ses03F_script02_2_M011_features.pt,fru
/scratch/users/k24015724/wav2vec_project/outputs/IEMOCAP_features/Ses03F_script02_2_M012_features.pt,fru
/scratch/users/k24015724/wav2vec_project/outputs/IEMOCAP_features/Ses03F_script02_2_M013_features.pt,fru
/scratch/users/k24015724/wav2vec_project/outputs/IEMOCAP_features/Ses03F_script02_2_M014_features.pt,fru
/scratch/users/k24015724/wav2vec_project/outputs/IEMOCAP_features/Ses03F_script02_2_M015_features.pt,fru
/scratch/users/k24015724/wav2vec_project/outputs/IEMOCAP_features/Ses03F_script02_2_M016_features.pt,neu
/scratch/users/k24015724/wav2vec_project/outputs/IEMOCAP_features/Ses03F_script02_2_M022_features.pt,fru
/scratch/users/k24015724/wav2vec_project/outputs/IEMOCAP_features/Ses03F_script02_2_M023_features.pt,fru
/scratch/users/k24015724/wav2vec_project/outputs/IEMOCAP_features/Ses03F_script02_2_M024_features.pt,fru
/scratch/users/k24015724/wav2vec_project/outputs/IEMOCAP_features/Ses03F_script02_2_M025_features.pt,fru
/scratch/users/k24015724/wav2vec_project/outputs/IEMOCAP_features/Ses03F_script02_2_M026_features.pt,ang
/scratch/users/k24015724/wav2vec_project/outputs/IEMOCAP_features/Ses03F_script02_2_M027_features.pt,fru
/scratch/users/k24015724/wav2vec_project/outputs/IEMOCAP_features/Ses03F_script02_2_M029_features.pt,fru
/scratch/users/k24015724/wav2vec_project/outputs/IEMOCAP_features/Ses03F_script02_2_M030_features.pt,fru
/scratch/users/k24015724/wav2vec_project/outputs/IEMOCAP_features/Ses03F_script02_2_M031_features.pt,fru
/scratch/users/k24015724/wav2vec_project/outputs/IEMOCAP_features/Ses03F_script02_2_M032_features.pt,fru
/scratch/users/k24015724/wav2vec_project/outputs/IEMOCAP_features/Ses03F_script02_2_M033_features.pt,fru
/scratch/users/k24015724/wav2vec_project/outputs/IEMOCAP_features/Ses03F_script02_2_M034_features.pt,fru
/scratch/users/k24015724/wav2vec_project/outputs/IEMOCAP_features/Ses03F_script02_2_M035_features.pt,fru
/scratch/users/k24015724/wav2vec_project/outputs/IEMOCAP_features/Ses03F_script02_2_M038_features.pt,hap
/scratch/users/k24015724/wav2vec_project/outputs/IEMOCAP_features/Ses03F_script02_2_M039_features.pt,hap
/scratch/users/k24015724/wav2vec_project/outputs/IEMOCAP_features/Ses03F_script02_2_M040_features.pt,hap
/scratch/users/k24015724/wav2vec_project/outputs/IEMOCAP_features/Ses03F_script02_2_M041_features.pt,hap
/scratch/users/k24015724/wav2vec_project/outputs/IEMOCAP_features/Ses03F_script02_2_M042_features.pt,neu
/scratch/users/k24015724/wav2vec_project/outputs/IEMOCAP_features/Ses03F_script02_2_M043_features.pt,neu
/scratch/users/k24015724/wav2vec_project/outputs/IEMOCAP_features/Ses03F_script02_2_M044_features.pt,hap
/scratch/users/k24015724/wav2vec_project/outputs/IEMOCAP_features/Ses03F_script02_2_M045_features.pt,hap
/scratch/users/k24015724/wav2vec_project/outputs/IEMOCAP_features/Ses03F_script03_1_F000_features.pt,neu
/scratch/users/k24015724/wav2vec_project/outputs/IEMOCAP_features/Ses03F_script03_1_F001_features.pt,neu
/scratch/users/k24015724/wav2vec_project/outputs/IEMOCAP_features/Ses03F_script03_1_F014_features.pt,sad
/scratch/users/k24015724/wav2vec_project/outputs/IEMOCAP_features/Ses03F_script03_1_F015_features.pt,sad
/scratch/users/k24015724/wav2vec_project/outputs/IEMOCAP_features/Ses03F_script03_1_F021_features.pt,hap
/scratch/users/k24015724/wav2vec_project/outputs/IEMOCAP_features/Ses03F_script03_1_F025_features.pt,hap
/scratch/users/k24015724/wav2vec_project/outputs/IEMOCAP_features/Ses03F_script03_1_F026_features.pt,hap
/scratch/users/k24015724/wav2vec_project/outputs/IEMOCAP_features/Ses03F_script03_1_M004_features.pt,neu
/scratch/users/k24015724/wav2vec_project/outputs/IEMOCAP_features/Ses03F_script03_1_M005_features.pt,neu
/scratch/users/k24015724/wav2vec_project/outputs/IEMOCAP_features/Ses03F_script03_2_F004_features.pt,neu
/scratch/users/k24015724/wav2vec_project/outputs/IEMOCAP_features/Ses03F_script03_2_F008_features.pt,neu
/scratch/users/k24015724/wav2vec_project/outputs/IEMOCAP_features/Ses03F_script03_2_F013_features.pt,neu
/scratch/users/k24015724/wav2vec_project/outputs/IEMOCAP_features/Ses03F_script03_2_F014_features.pt,ang
/scratch/users/k24015724/wav2vec_project/outputs/IEMOCAP_features/Ses03F_script03_2_F015_features.pt,ang
/scratch/users/k24015724/wav2vec_project/outputs/IEMOCAP_features/Ses03F_script03_2_F017_features.pt,neu
/scratch/users/k24015724/wav2vec_project/outputs/IEMOCAP_features/Ses03F_script03_2_F018_features.pt,ang
/scratch/users/k24015724/wav2vec_project/outputs/IEMOCAP_features/Ses03F_script03_2_F021_features.pt,fru
/scratch/users/k24015724/wav2vec_project/outputs/IEMOCAP_features/Ses03F_script03_2_F022_features.pt,fru
/scratch/users/k24015724/wav2vec_project/outputs/IEMOCAP_features/Ses03F_script03_2_F023_features.pt,ang
/scratch/users/k24015724/wav2vec_project/outputs/IEMOCAP_features/Ses03F_script03_2_F025_features.pt,fru
/scratch/users/k24015724/wav2vec_project/outputs/IEMOCAP_features/Ses03F_script03_2_F026_features.pt,ang
/scratch/users/k24015724/wav2vec_project/outputs/IEMOCAP_features/Ses03F_script03_2_F027_features.pt,fru
/scratch/users/k24015724/wav2vec_project/outputs/IEMOCAP_features/Ses03F_script03_2_F029_features.pt,fru
/scratch/users/k24015724/wav2vec_project/outputs/IEMOCAP_features/Ses03F_script03_2_F030_features.pt,fru
/scratch/users/k24015724/wav2vec_project/outputs/IEMOCAP_features/Ses03F_script03_2_F035_features.pt,ang
/scratch/users/k24015724/wav2vec_project/outputs/IEMOCAP_features/Ses03F_script03_2_F037_features.pt,ang
/scratch/users/k24015724/wav2vec_project/outputs/IEMOCAP_features/Ses03F_script03_2_F038_features.pt,ang
/scratch/users/k24015724/wav2vec_project/outputs/IEMOCAP_features/Ses03F_script03_2_F039_features.pt,ang
/scratch/users/k24015724/wav2vec_project/outputs/IEMOCAP_features/Ses03F_script03_2_F040_features.pt,ang
/scratch/users/k24015724/wav2vec_project/outputs/IEMOCAP_features/Ses03F_script03_2_F041_features.pt,ang
/scratch/users/k24015724/wav2vec_project/outputs/IEMOCAP_features/Ses03F_script03_2_F042_features.pt,ang
/scratch/users/k24015724/wav2vec_project/outputs/IEMOCAP_features/Ses03F_script03_2_F043_features.pt,ang
/scratch/users/k24015724/wav2vec_project/outputs/IEMOCAP_features/Ses03F_script03_2_M000_features.pt,ang
/scratch/users/k24015724/wav2vec_project/outputs/IEMOCAP_features/Ses03F_script03_2_M001_features.pt,ang
/scratch/users/k24015724/wav2vec_project/outputs/IEMOCAP_features/Ses03F_script03_2_M002_features.pt,ang
/scratch/users/k24015724/wav2vec_project/outputs/IEMOCAP_features/Ses03F_script03_2_M005_features.pt,ang
/scratch/users/k24015724/wav2vec_project/outputs/IEMOCAP_features/Ses03F_script03_2_M007_features.pt,ang
/scratch/users/k24015724/wav2vec_project/outputs/IEMOCAP_features/Ses03F_script03_2_M008_features.pt,ang
/scratch/users/k24015724/wav2vec_project/outputs/IEMOCAP_features/Ses03F_script03_2_M009_features.pt,neu
/scratch/users/k24015724/wav2vec_project/outputs/IEMOCAP_features/Ses03F_script03_2_M010_features.pt,neu
/scratch/users/k24015724/wav2vec_project/outputs/IEMOCAP_features/Ses03F_script03_2_M011_features.pt,neu
/scratch/users/k24015724/wav2vec_project/outputs/IEMOCAP_features/Ses03F_script03_2_M012_features.pt,neu
/scratch/users/k24015724/wav2vec_project/outputs/IEMOCAP_features/Ses03F_script03_2_M014_features.pt,ang
/scratch/users/k24015724/wav2vec_project/outputs/IEMOCAP_features/Ses03F_script03_2_M015_features.pt,ang
/scratch/users/k24015724/wav2vec_project/outputs/IEMOCAP_features/Ses03F_script03_2_M016_features.pt,ang
/scratch/users/k24015724/wav2vec_project/outputs/IEMOCAP_features/Ses03F_script03_2_M017_features.pt,ang
/scratch/users/k24015724/wav2vec_project/outputs/IEMOCAP_features/Ses03F_script03_2_M020_features.pt,ang
/scratch/users/k24015724/wav2vec_project/outputs/IEMOCAP_features/Ses03F_script03_2_M024_features.pt,ang
/scratch/users/k24015724/wav2vec_project/outputs/IEMOCAP_features/Ses03F_script03_2_M026_features.pt,ang
/scratch/users/k24015724/wav2vec_project/outputs/IEMOCAP_features/Ses03F_script03_2_M027_features.pt,ang
/scratch/users/k24015724/wav2vec_project/outputs/IEMOCAP_features/Ses03F_script03_2_M028_features.pt,ang
/scratch/users/k24015724/wav2vec_project/outputs/IEMOCAP_features/Ses03F_script03_2_M029_features.pt,ang
/scratch/users/k24015724/wav2vec_project/outputs/IEMOCAP_features/Ses03F_script03_2_M030_features.pt,ang
/scratch/users/k24015724/wav2vec_project/outputs/IEMOCAP_features/Ses03F_script03_2_M034_features.pt,ang
/scratch/users/k24015724/wav2vec_project/outputs/IEMOCAP_features/Ses03F_script03_2_M035_features.pt,neu
/scratch/users/k24015724/wav2vec_project/outputs/IEMOCAP_features/Ses03F_script03_2_M038_features.pt,ang
/scratch/users/k24015724/wav2vec_project/outputs/IEMOCAP_features/Ses03F_script03_2_M039_features.pt,ang
/scratch/users/k24015724/wav2vec_project/outputs/IEMOCAP_features/Ses03F_script03_2_M040_features.pt,ang
/scratch/users/k24015724/wav2vec_project/outputs/IEMOCAP_features/Ses03F_script03_2_M041_features.pt,ang
/scratch/users/k24015724/wav2vec_project/outputs/IEMOCAP_features/Ses03F_script03_2_M042_features.pt,ang
/scratch/users/k24015724/wav2vec_project/outputs/IEMOCAP_features/Ses03F_script03_2_M043_features.pt,ang
/scratch/users/k24015724/wav2vec_project/outputs/IEMOCAP_features/Ses03F_script03_2_M044_features.pt,ang
/scratch/users/k24015724/wav2vec_project/outputs/IEMOCAP_features/Ses03M_impro01_F000_features.pt,neu
/scratch/users/k24015724/wav2vec_project/outputs/IEMOCAP_features/Ses03M_impro01_F002_features.pt,fru
/scratch/users/k24015724/wav2vec_project/outputs/IEMOCAP_features/Ses03M_impro01_F003_features.pt,neu
/scratch/users/k24015724/wav2vec_project/outputs/IEMOCAP_features/Ses03M_impro01_F004_features.pt,fru
/scratch/users/k24015724/wav2vec_project/outputs/IEMOCAP_features/Ses03M_impro01_F005_features.pt,fru
/scratch/users/k24015724/wav2vec_project/outputs/IEMOCAP_features/Ses03M_impro01_F006_features.pt,fru
/scratch/users/k24015724/wav2vec_project/outputs/IEMOCAP_features/Ses03M_impro01_F007_features.pt,fru
/scratch/users/k24015724/wav2vec_project/outputs/IEMOCAP_features/Ses03M_impro01_F008_features.pt,fru
/scratch/users/k24015724/wav2vec_project/outputs/IEMOCAP_features/Ses03M_impro01_F009_features.pt,fru
/scratch/users/k24015724/wav2vec_project/outputs/IEMOCAP_features/Ses03M_impro01_F012_features.pt,fru
/scratch/users/k24015724/wav2vec_project/outputs/IEMOCAP_features/Ses03M_impro01_F016_features.pt,fru
/scratch/users/k24015724/wav2vec_project/outputs/IEMOCAP_features/Ses03M_impro01_F017_features.pt,fru
/scratch/users/k24015724/wav2vec_project/outputs/IEMOCAP_features/Ses03M_impro01_F018_features.pt,fru
/scratch/users/k24015724/wav2vec_project/outputs/IEMOCAP_features/Ses03M_impro01_F019_features.pt,fru
/scratch/users/k24015724/wav2vec_project/outputs/IEMOCAP_features/Ses03M_impro01_F020_features.pt,fru
/scratch/users/k24015724/wav2vec_project/outputs/IEMOCAP_features/Ses03M_impro01_F021_features.pt,fru
/scratch/users/k24015724/wav2vec_project/outputs/IEMOCAP_features/Ses03M_impro01_F022_features.pt,ang
/scratch/users/k24015724/wav2vec_project/outputs/IEMOCAP_features/Ses03M_impro01_F024_features.pt,fru
/scratch/users/k24015724/wav2vec_project/outputs/IEMOCAP_features/Ses03M_impro01_F025_features.pt,ang
/scratch/users/k24015724/wav2vec_project/outputs/IEMOCAP_features/Ses03M_impro01_M000_features.pt,fru
/scratch/users/k24015724/wav2vec_project/outputs/IEMOCAP_features/Ses03M_impro01_M001_features.pt,fru
/scratch/users/k24015724/wav2vec_project/outputs/IEMOCAP_features/Ses03M_impro01_M004_features.pt,ang
/scratch/users/k24015724/wav2vec_project/outputs/IEMOCAP_features/Ses03M_impro01_M005_features.pt,fru
/scratch/users/k24015724/wav2vec_project/outputs/IEMOCAP_features/Ses03M_impro01_M006_features.pt,fru
/scratch/users/k24015724/wav2vec_project/outputs/IEMOCAP_features/Ses03M_impro01_M007_features.pt,fru
/scratch/users/k24015724/wav2vec_project/outputs/IEMOCAP_features/Ses03M_impro01_M008_features.pt,fru
/scratch/users/k24015724/wav2vec_project/outputs/IEMOCAP_features/Ses03M_impro01_M009_features.pt,fru
/scratch/users/k24015724/wav2vec_project/outputs/IEMOCAP_features/Ses03M_impro01_M010_features.pt,fru
/scratch/users/k24015724/wav2vec_project/outputs/IEMOCAP_features/Ses03M_impro01_M011_features.pt,ang
/scratch/users/k24015724/wav2vec_project/outputs/IEMOCAP_features/Ses03M_impro01_M012_features.pt,ang
/scratch/users/k24015724/wav2vec_project/outputs/IEMOCAP_features/Ses03M_impro01_M013_features.pt,fru
/scratch/users/k24015724/wav2vec_project/outputs/IEMOCAP_features/Ses03M_impro01_M014_features.pt,ang
/scratch/users/k24015724/wav2vec_project/outputs/IEMOCAP_features/Ses03M_impro01_M015_features.pt,ang
/scratch/users/k24015724/wav2vec_project/outputs/IEMOCAP_features/Ses03M_impro01_M016_features.pt,fru
/scratch/users/k24015724/wav2vec_project/outputs/IEMOCAP_features/Ses03M_impro01_M017_features.pt,ang
/scratch/users/k24015724/wav2vec_project/outputs/IEMOCAP_features/Ses03M_impro01_M018_features.pt,fru
/scratch/users/k24015724/wav2vec_project/outputs/IEMOCAP_features/Ses03M_impro01_M019_features.pt,ang
/scratch/users/k24015724/wav2vec_project/outputs/IEMOCAP_features/Ses03M_impro01_M020_features.pt,fru
/scratch/users/k24015724/wav2vec_project/outputs/IEMOCAP_features/Ses03M_impro01_M021_features.pt,fru
/scratch/users/k24015724/wav2vec_project/outputs/IEMOCAP_features/Ses03M_impro01_M022_features.pt,fru
/scratch/users/k24015724/wav2vec_project/outputs/IEMOCAP_features/Ses03M_impro01_M023_features.pt,ang
/scratch/users/k24015724/wav2vec_project/outputs/IEMOCAP_features/Ses03M_impro01_M026_features.pt,fru
/scratch/users/k24015724/wav2vec_project/outputs/IEMOCAP_features/Ses03M_impro01_M028_features.pt,ang
/scratch/users/k24015724/wav2vec_project/outputs/IEMOCAP_features/Ses03M_impro01_M029_features.pt,ang
/scratch/users/k24015724/wav2vec_project/outputs/IEMOCAP_features/Ses03M_impro02_F000_features.pt,hap
/scratch/users/k24015724/wav2vec_project/outputs/IEMOCAP_features/Ses03M_impro02_F003_features.pt,hap
/scratch/users/k24015724/wav2vec_project/outputs/IEMOCAP_features/Ses03M_impro02_F009_features.pt,fru
/scratch/users/k24015724/wav2vec_project/outputs/IEMOCAP_features/Ses03M_impro02_F010_features.pt,fru
/scratch/users/k24015724/wav2vec_project/outputs/IEMOCAP_features/Ses03M_impro02_F011_features.pt,fru
/scratch/users/k24015724/wav2vec_project/outputs/IEMOCAP_features/Ses03M_impro02_F013_features.pt,sad
/scratch/users/k24015724/wav2vec_project/outputs/IEMOCAP_features/Ses03M_impro02_F014_features.pt,sad
/scratch/users/k24015724/wav2vec_project/outputs/IEMOCAP_features/Ses03M_impro02_F015_features.pt,sad
/scratch/users/k24015724/wav2vec_project/outputs/IEMOCAP_features/Ses03M_impro02_F016_features.pt,sad
/scratch/users/k24015724/wav2vec_project/outputs/IEMOCAP_features/Ses03M_impro02_F017_features.pt,sad
/scratch/users/k24015724/wav2vec_project/outputs/IEMOCAP_features/Ses03M_impro02_F018_features.pt,fru
/scratch/users/k24015724/wav2vec_project/outputs/IEMOCAP_features/Ses03M_impro02_F019_features.pt,fru
/scratch/users/k24015724/wav2vec_project/outputs/IEMOCAP_features/Ses03M_impro02_F020_features.pt,fru
/scratch/users/k24015724/wav2vec_project/outputs/IEMOCAP_features/Ses03M_impro02_F022_features.pt,sad
/scratch/users/k24015724/wav2vec_project/outputs/IEMOCAP_features/Ses03M_impro02_F023_features.pt,sad
/scratch/users/k24015724/wav2vec_project/outputs/IEMOCAP_features/Ses03M_impro02_F024_features.pt,sad
/scratch/users/k24015724/wav2vec_project/outputs/IEMOCAP_features/Ses03M_impro02_F025_features.pt,sad
/scratch/users/k24015724/wav2vec_project/outputs/IEMOCAP_features/Ses03M_impro02_F026_features.pt,sad
/scratch/users/k24015724/wav2vec_project/outputs/IEMOCAP_features/Ses03M_impro02_F027_features.pt,sad
/scratch/users/k24015724/wav2vec_project/outputs/IEMOCAP_features/Ses03M_impro02_F028_features.pt,sad
/scratch/users/k24015724/wav2vec_project/outputs/IEMOCAP_features/Ses03M_impro02_F029_features.pt,sad
/scratch/users/k24015724/wav2vec_project/outputs/IEMOCAP_features/Ses03M_impro02_F030_features.pt,sad
/scratch/users/k24015724/wav2vec_project/outputs/IEMOCAP_features/Ses03M_impro02_F031_features.pt,sad
/scratch/users/k24015724/wav2vec_project/outputs/IEMOCAP_features/Ses03M_impro02_F032_features.pt,sad
/scratch/users/k24015724/wav2vec_project/outputs/IEMOCAP_features/Ses03M_impro02_F033_features.pt,sad
/scratch/users/k24015724/wav2vec_project/outputs/IEMOCAP_features/Ses03M_impro02_F034_features.pt,sad
/scratch/users/k24015724/wav2vec_project/outputs/IEMOCAP_features/Ses03M_impro02_F035_features.pt,fru
/scratch/users/k24015724/wav2vec_project/outputs/IEMOCAP_features/Ses03M_impro02_F036_features.pt,fru
/scratch/users/k24015724/wav2vec_project/outputs/IEMOCAP_features/Ses03M_impro02_F037_features.pt,fru
/scratch/users/k24015724/wav2vec_project/outputs/IEMOCAP_features/Ses03M_impro02_M000_features.pt,sad
/scratch/users/k24015724/wav2vec_project/outputs/IEMOCAP_features/Ses03M_impro02_M001_features.pt,sad
/scratch/users/k24015724/wav2vec_project/outputs/IEMOCAP_features/Ses03M_impro02_M002_features.pt,sad
/scratch/users/k24015724/wav2vec_project/outputs/IEMOCAP_features/Ses03M_impro02_M003_features.pt,sad
/scratch/users/k24015724/wav2vec_project/outputs/IEMOCAP_features/Ses03M_impro02_M004_features.pt,sad
/scratch/users/k24015724/wav2vec_project/outputs/IEMOCAP_features/Ses03M_impro02_M005_features.pt,sad
/scratch/users/k24015724/wav2vec_project/outputs/IEMOCAP_features/Ses03M_impro02_M006_features.pt,sad
/scratch/users/k24015724/wav2vec_project/outputs/IEMOCAP_features/Ses03M_impro02_M008_features.pt,fru
/scratch/users/k24015724/wav2vec_project/outputs/IEMOCAP_features/Ses03M_impro02_M009_features.pt,fru
/scratch/users/k24015724/wav2vec_project/outputs/IEMOCAP_features/Ses03M_impro02_M010_features.pt,fru
/scratch/users/k24015724/wav2vec_project/outputs/IEMOCAP_features/Ses03M_impro02_M011_features.pt,sad
/scratch/users/k24015724/wav2vec_project/outputs/IEMOCAP_features/Ses03M_impro02_M012_features.pt,sad
/scratch/users/k24015724/wav2vec_project/outputs/IEMOCAP_features/Ses03M_impro02_M013_features.pt,neu
/scratch/users/k24015724/wav2vec_project/outputs/IEMOCAP_features/Ses03M_impro02_M015_features.pt,neu
/scratch/users/k24015724/wav2vec_project/outputs/IEMOCAP_features/Ses03M_impro02_M016_features.pt,sad
/scratch/users/k24015724/wav2vec_project/outputs/IEMOCAP_features/Ses03M_impro02_M017_features.pt,fru
/scratch/users/k24015724/wav2vec_project/outputs/IEMOCAP_features/Ses03M_impro02_M018_features.pt,fru
/scratch/users/k24015724/wav2vec_project/outputs/IEMOCAP_features/Ses03M_impro02_M019_features.pt,sad
/scratch/users/k24015724/wav2vec_project/outputs/IEMOCAP_features/Ses03M_impro02_M020_features.pt,fru
/scratch/users/k24015724/wav2vec_project/outputs/IEMOCAP_features/Ses03M_impro02_M021_features.pt,fru
/scratch/users/k24015724/wav2vec_project/outputs/IEMOCAP_features/Ses03M_impro02_M022_features.pt,fru
/scratch/users/k24015724/wav2vec_project/outputs/IEMOCAP_features/Ses03M_impro02_M023_features.pt,fru
/scratch/users/k24015724/wav2vec_project/outputs/IEMOCAP_features/Ses03M_impro02_M024_features.pt,sad
/scratch/users/k24015724/wav2vec_project/outputs/IEMOCAP_features/Ses03M_impro02_M025_features.pt,sad
/scratch/users/k24015724/wav2vec_project/outputs/IEMOCAP_features/Ses03M_impro02_M026_features.pt,sad
/scratch/users/k24015724/wav2vec_project/outputs/IEMOCAP_features/Ses03M_impro02_M027_features.pt,sad
/scratch/users/k24015724/wav2vec_project/outputs/IEMOCAP_features/Ses03M_impro02_M028_features.pt,sad
/scratch/users/k24015724/wav2vec_project/outputs/IEMOCAP_features/Ses03M_impro02_M029_features.pt,sad
/scratch/users/k24015724/wav2vec_project/outputs/IEMOCAP_features/Ses03M_impro02_M030_features.pt,sad
/scratch/users/k24015724/wav2vec_project/outputs/IEMOCAP_features/Ses03M_impro02_M031_features.pt,sad
/scratch/users/k24015724/wav2vec_project/outputs/IEMOCAP_features/Ses03M_impro02_M034_features.pt,fru
/scratch/users/k24015724/wav2vec_project/outputs/IEMOCAP_features/Ses03M_impro02_M035_features.pt,fru
/scratch/users/k24015724/wav2vec_project/outputs/IEMOCAP_features/Ses03M_impro02_M036_features.pt,fru
/scratch/users/k24015724/wav2vec_project/outputs/IEMOCAP_features/Ses03M_impro02_M037_features.pt,fru
/scratch/users/k24015724/wav2vec_project/outputs/IEMOCAP_features/Ses03M_impro03_F012_features.pt,hap
/scratch/users/k24015724/wav2vec_project/outputs/IEMOCAP_features/Ses03M_impro03_F015_features.pt,neu
/scratch/users/k24015724/wav2vec_project/outputs/IEMOCAP_features/Ses03M_impro03_F016_features.pt,hap
/scratch/users/k24015724/wav2vec_project/outputs/IEMOCAP_features/Ses03M_impro03_F017_features.pt,hap
/scratch/users/k24015724/wav2vec_project/outputs/IEMOCAP_features/Ses03M_impro03_F018_features.pt,neu
/scratch/users/k24015724/wav2vec_project/outputs/IEMOCAP_features/Ses03M_impro03_F021_features.pt,hap
/scratch/users/k24015724/wav2vec_project/outputs/IEMOCAP_features/Ses03M_impro03_F022_features.pt,hap
/scratch/users/k24015724/wav2vec_project/outputs/IEMOCAP_features/Ses03M_impro03_F025_features.pt,hap
/scratch/users/k24015724/wav2vec_project/outputs/IEMOCAP_features/Ses03M_impro03_F026_features.pt,hap
/scratch/users/k24015724/wav2vec_project/outputs/IEMOCAP_features/Ses03M_impro03_F027_features.pt,hap
/scratch/users/k24015724/wav2vec_project/outputs/IEMOCAP_features/Ses03M_impro03_F033_features.pt,hap
/scratch/users/k24015724/wav2vec_project/outputs/IEMOCAP_features/Ses03M_impro03_F036_features.pt,neu
/scratch/users/k24015724/wav2vec_project/outputs/IEMOCAP_features/Ses03M_impro03_M012_features.pt,hap
/scratch/users/k24015724/wav2vec_project/outputs/IEMOCAP_features/Ses03M_impro03_M014_features.pt,hap
/scratch/users/k24015724/wav2vec_project/outputs/IEMOCAP_features/Ses03M_impro03_M015_features.pt,hap
/scratch/users/k24015724/wav2vec_project/outputs/IEMOCAP_features/Ses03M_impro03_M016_features.pt,hap
/scratch/users/k24015724/wav2vec_project/outputs/IEMOCAP_features/Ses03M_impro03_M017_features.pt,hap
/scratch/users/k24015724/wav2vec_project/outputs/IEMOCAP_features/Ses03M_impro03_M018_features.pt,hap
/scratch/users/k24015724/wav2vec_project/outputs/IEMOCAP_features/Ses03M_impro03_M019_features.pt,hap
/scratch/users/k24015724/wav2vec_project/outputs/IEMOCAP_features/Ses03M_impro03_M020_features.pt,hap
/scratch/users/k24015724/wav2vec_project/outputs/IEMOCAP_features/Ses03M_impro03_M021_features.pt,hap
/scratch/users/k24015724/wav2vec_project/outputs/IEMOCAP_features/Ses03M_impro03_M028_features.pt,neu
/scratch/users/k24015724/wav2vec_project/outputs/IEMOCAP_features/Ses03M_impro03_M029_features.pt,hap
/scratch/users/k24015724/wav2vec_project/outputs/IEMOCAP_features/Ses03M_impro03_M030_features.pt,hap
/scratch/users/k24015724/wav2vec_project/outputs/IEMOCAP_features/Ses03M_impro03_M031_features.pt,hap
/scratch/users/k24015724/wav2vec_project/outputs/IEMOCAP_features/Ses03M_impro03_M032_features.pt,hap
/scratch/users/k24015724/wav2vec_project/outputs/IEMOCAP_features/Ses03M_impro03_M033_features.pt,neu
/scratch/users/k24015724/wav2vec_project/outputs/IEMOCAP_features/Ses03M_impro03_M038_features.pt,neu
/scratch/users/k24015724/wav2vec_project/outputs/IEMOCAP_features/Ses03M_impro03_M039_features.pt,hap
/scratch/users/k24015724/wav2vec_project/outputs/IEMOCAP_features/Ses03M_impro04_F001_features.pt,neu
/scratch/users/k24015724/wav2vec_project/outputs/IEMOCAP_features/Ses03M_impro04_F002_features.pt,fru
/scratch/users/k24015724/wav2vec_project/outputs/IEMOCAP_features/Ses03M_impro04_F003_features.pt,neu
/scratch/users/k24015724/wav2vec_project/outputs/IEMOCAP_features/Ses03M_impro04_F004_features.pt,neu
/scratch/users/k24015724/wav2vec_project/outputs/IEMOCAP_features/Ses03M_impro04_F007_features.pt,sad
/scratch/users/k24015724/wav2vec_project/outputs/IEMOCAP_features/Ses03M_impro04_F008_features.pt,sad
/scratch/users/k24015724/wav2vec_project/outputs/IEMOCAP_features/Ses03M_impro04_F014_features.pt,neu
/scratch/users/k24015724/wav2vec_project/outputs/IEMOCAP_features/Ses03M_impro04_F015_features.pt,neu
/scratch/users/k24015724/wav2vec_project/outputs/IEMOCAP_features/Ses03M_impro04_F023_features.pt,neu
/scratch/users/k24015724/wav2vec_project/outputs/IEMOCAP_features/Ses03M_impro04_F024_features.pt,fru
/scratch/users/k24015724/wav2vec_project/outputs/IEMOCAP_features/Ses03M_impro04_F025_features.pt,neu
/scratch/users/k24015724/wav2vec_project/outputs/IEMOCAP_features/Ses03M_impro04_F028_features.pt,fru
/scratch/users/k24015724/wav2vec_project/outputs/IEMOCAP_features/Ses03M_impro04_F029_features.pt,neu
/scratch/users/k24015724/wav2vec_project/outputs/IEMOCAP_features/Ses03M_impro04_F030_features.pt,neu
/scratch/users/k24015724/wav2vec_project/outputs/IEMOCAP_features/Ses03M_impro04_F031_features.pt,neu
/scratch/users/k24015724/wav2vec_project/outputs/IEMOCAP_features/Ses03M_impro04_F032_features.pt,neu
/scratch/users/k24015724/wav2vec_project/outputs/IEMOCAP_features/Ses03M_impro04_M000_features.pt,sad
/scratch/users/k24015724/wav2vec_project/outputs/IEMOCAP_features/Ses03M_impro04_M001_features.pt,fru
/scratch/users/k24015724/wav2vec_project/outputs/IEMOCAP_features/Ses03M_impro04_M002_features.pt,fru
/scratch/users/k24015724/wav2vec_project/outputs/IEMOCAP_features/Ses03M_impro04_M004_features.pt,ang
/scratch/users/k24015724/wav2vec_project/outputs/IEMOCAP_features/Ses03M_impro04_M005_features.pt,fru
/scratch/users/k24015724/wav2vec_project/outputs/IEMOCAP_features/Ses03M_impro04_M006_features.pt,fru
/scratch/users/k24015724/wav2vec_project/outputs/IEMOCAP_features/Ses03M_impro04_M008_features.pt,ang
/scratch/users/k24015724/wav2vec_project/outputs/IEMOCAP_features/Ses03M_impro04_M009_features.pt,fru
/scratch/users/k24015724/wav2vec_project/outputs/IEMOCAP_features/Ses03M_impro04_M010_features.pt,fru
/scratch/users/k24015724/wav2vec_project/outputs/IEMOCAP_features/Ses03M_impro04_M011_features.pt,fru
/scratch/users/k24015724/wav2vec_project/outputs/IEMOCAP_features/Ses03M_impro04_M012_features.pt,fru
/scratch/users/k24015724/wav2vec_project/outputs/IEMOCAP_features/Ses03M_impro04_M013_features.pt,fru
/scratch/users/k24015724/wav2vec_project/outputs/IEMOCAP_features/Ses03M_impro04_M014_features.pt,neu
/scratch/users/k24015724/wav2vec_project/outputs/IEMOCAP_features/Ses03M_impro04_M016_features.pt,fru
/scratch/users/k24015724/wav2vec_project/outputs/IEMOCAP_features/Ses03M_impro04_M017_features.pt,fru
/scratch/users/k24015724/wav2vec_project/outputs/IEMOCAP_features/Ses03M_impro04_M018_features.pt,fru
/scratch/users/k24015724/wav2vec_project/outputs/IEMOCAP_features/Ses03M_impro04_M020_features.pt,fru
/scratch/users/k24015724/wav2vec_project/outputs/IEMOCAP_features/Ses03M_impro04_M021_features.pt,fru
/scratch/users/k24015724/wav2vec_project/outputs/IEMOCAP_features/Ses03M_impro04_M022_features.pt,fru
/scratch/users/k24015724/wav2vec_project/outputs/IEMOCAP_features/Ses03M_impro04_M023_features.pt,fru
/scratch/users/k24015724/wav2vec_project/outputs/IEMOCAP_features/Ses03M_impro04_M024_features.pt,neu
/scratch/users/k24015724/wav2vec_project/outputs/IEMOCAP_features/Ses03M_impro04_M025_features.pt,fru
/scratch/users/k24015724/wav2vec_project/outputs/IEMOCAP_features/Ses03M_impro04_M026_features.pt,sad
/scratch/users/k24015724/wav2vec_project/outputs/IEMOCAP_features/Ses03M_impro04_M027_features.pt,fru
/scratch/users/k24015724/wav2vec_project/outputs/IEMOCAP_features/Ses03M_impro04_M028_features.pt,fru
/scratch/users/k24015724/wav2vec_project/outputs/IEMOCAP_features/Ses03M_impro04_M029_features.pt,fru
/scratch/users/k24015724/wav2vec_project/outputs/IEMOCAP_features/Ses03M_impro04_M030_features.pt,sad
/scratch/users/k24015724/wav2vec_project/outputs/IEMOCAP_features/Ses03M_impro04_M031_features.pt,sad
/scratch/users/k24015724/wav2vec_project/outputs/IEMOCAP_features/Ses03M_impro04_M033_features.pt,fru
/scratch/users/k24015724/wav2vec_project/outputs/IEMOCAP_features/Ses03M_impro04_M034_features.pt,fru
/scratch/users/k24015724/wav2vec_project/outputs/IEMOCAP_features/Ses03M_impro04_M035_features.pt,fru
/scratch/users/k24015724/wav2vec_project/outputs/IEMOCAP_features/Ses03M_impro04_M036_features.pt,fru
/scratch/users/k24015724/wav2vec_project/outputs/IEMOCAP_features/Ses03M_impro04_M037_features.pt,fru
/scratch/users/k24015724/wav2vec_project/outputs/IEMOCAP_features/Ses03M_impro04_M038_features.pt,neu
/scratch/users/k24015724/wav2vec_project/outputs/IEMOCAP_features/Ses03M_impro04_M040_features.pt,fru
/scratch/users/k24015724/wav2vec_project/outputs/IEMOCAP_features/Ses03M_impro04_M041_features.pt,hap
/scratch/users/k24015724/wav2vec_project/outputs/IEMOCAP_features/Ses03M_impro05a_F000_features.pt,neu
/scratch/users/k24015724/wav2vec_project/outputs/IEMOCAP_features/Ses03M_impro05a_F001_features.pt,neu
/scratch/users/k24015724/wav2vec_project/outputs/IEMOCAP_features/Ses03M_impro05a_F002_features.pt,neu
/scratch/users/k24015724/wav2vec_project/outputs/IEMOCAP_features/Ses03M_impro05a_F003_features.pt,fru
/scratch/users/k24015724/wav2vec_project/outputs/IEMOCAP_features/Ses03M_impro05a_F004_features.pt,fru
/scratch/users/k24015724/wav2vec_project/outputs/IEMOCAP_features/Ses03M_impro05a_F005_features.pt,neu
/scratch/users/k24015724/wav2vec_project/outputs/IEMOCAP_features/Ses03M_impro05a_F006_features.pt,fru
/scratch/users/k24015724/wav2vec_project/outputs/IEMOCAP_features/Ses03M_impro05a_F007_features.pt,neu
/scratch/users/k24015724/wav2vec_project/outputs/IEMOCAP_features/Ses03M_impro05a_F008_features.pt,neu
/scratch/users/k24015724/wav2vec_project/outputs/IEMOCAP_features/Ses03M_impro05a_F009_features.pt,neu
/scratch/users/k24015724/wav2vec_project/outputs/IEMOCAP_features/Ses03M_impro05a_F010_features.pt,fru
/scratch/users/k24015724/wav2vec_project/outputs/IEMOCAP_features/Ses03M_impro05a_F011_features.pt,neu
/scratch/users/k24015724/wav2vec_project/outputs/IEMOCAP_features/Ses03M_impro05a_F012_features.pt,neu
/scratch/users/k24015724/wav2vec_project/outputs/IEMOCAP_features/Ses03M_impro05a_F014_features.pt,neu
/scratch/users/k24015724/wav2vec_project/outputs/IEMOCAP_features/Ses03M_impro05a_F015_features.pt,fru
/scratch/users/k24015724/wav2vec_project/outputs/IEMOCAP_features/Ses03M_impro05a_F016_features.pt,neu
/scratch/users/k24015724/wav2vec_project/outputs/IEMOCAP_features/Ses03M_impro05a_F018_features.pt,ang
/scratch/users/k24015724/wav2vec_project/outputs/IEMOCAP_features/Ses03M_impro05a_F019_features.pt,fru
/scratch/users/k24015724/wav2vec_project/outputs/IEMOCAP_features/Ses03M_impro05a_F020_features.pt,fru
/scratch/users/k24015724/wav2vec_project/outputs/IEMOCAP_features/Ses03M_impro05a_F021_features.pt,neu
/scratch/users/k24015724/wav2vec_project/outputs/IEMOCAP_features/Ses03M_impro05a_F023_features.pt,neu
/scratch/users/k24015724/wav2vec_project/outputs/IEMOCAP_features/Ses03M_impro05a_F024_features.pt,neu
/scratch/users/k24015724/wav2vec_project/outputs/IEMOCAP_features/Ses03M_impro05a_F025_features.pt,neu
/scratch/users/k24015724/wav2vec_project/outputs/IEMOCAP_features/Ses03M_impro05a_F027_features.pt,fru
/scratch/users/k24015724/wav2vec_project/outputs/IEMOCAP_features/Ses03M_impro05a_F028_features.pt,ang
/scratch/users/k24015724/wav2vec_project/outputs/IEMOCAP_features/Ses03M_impro05a_M000_features.pt,ang
/scratch/users/k24015724/wav2vec_project/outputs/IEMOCAP_features/Ses03M_impro05a_M001_features.pt,ang
/scratch/users/k24015724/wav2vec_project/outputs/IEMOCAP_features/Ses03M_impro05a_M002_features.pt,ang
/scratch/users/k24015724/wav2vec_project/outputs/IEMOCAP_features/Ses03M_impro05a_M003_features.pt,ang
/scratch/users/k24015724/wav2vec_project/outputs/IEMOCAP_features/Ses03M_impro05a_M004_features.pt,ang
/scratch/users/k24015724/wav2vec_project/outputs/IEMOCAP_features/Ses03M_impro05a_M005_features.pt,ang
/scratch/users/k24015724/wav2vec_project/outputs/IEMOCAP_features/Ses03M_impro05a_M006_features.pt,ang
/scratch/users/k24015724/wav2vec_project/outputs/IEMOCAP_features/Ses03M_impro05a_M007_features.pt,ang
/scratch/users/k24015724/wav2vec_project/outputs/IEMOCAP_features/Ses03M_impro05a_M010_features.pt,ang
/scratch/users/k24015724/wav2vec_project/outputs/IEMOCAP_features/Ses03M_impro05a_M011_features.pt,ang
/scratch/users/k24015724/wav2vec_project/outputs/IEMOCAP_features/Ses03M_impro05a_M012_features.pt,ang
/scratch/users/k24015724/wav2vec_project/outputs/IEMOCAP_features/Ses03M_impro05a_M013_features.pt,ang
/scratch/users/k24015724/wav2vec_project/outputs/IEMOCAP_features/Ses03M_impro05a_M014_features.pt,ang
/scratch/users/k24015724/wav2vec_project/outputs/IEMOCAP_features/Ses03M_impro05a_M016_features.pt,ang
/scratch/users/k24015724/wav2vec_project/outputs/IEMOCAP_features/Ses03M_impro05a_M017_features.pt,ang
/scratch/users/k24015724/wav2vec_project/outputs/IEMOCAP_features/Ses03M_impro05a_M018_features.pt,ang
/scratch/users/k24015724/wav2vec_project/outputs/IEMOCAP_features/Ses03M_impro05a_M020_features.pt,ang
/scratch/users/k24015724/wav2vec_project/outputs/IEMOCAP_features/Ses03M_impro05a_M021_features.pt,ang
/scratch/users/k24015724/wav2vec_project/outputs/IEMOCAP_features/Ses03M_impro05a_M022_features.pt,ang
/scratch/users/k24015724/wav2vec_project/outputs/IEMOCAP_features/Ses03M_impro05a_M023_features.pt,ang
/scratch/users/k24015724/wav2vec_project/outputs/IEMOCAP_features/Ses03M_impro05a_M024_features.pt,ang
/scratch/users/k24015724/wav2vec_project/outputs/IEMOCAP_features/Ses03M_impro05a_M025_features.pt,ang
/scratch/users/k24015724/wav2vec_project/outputs/IEMOCAP_features/Ses03M_impro05a_M026_features.pt,ang
/scratch/users/k24015724/wav2vec_project/outputs/IEMOCAP_features/Ses03M_impro05a_M027_features.pt,ang
/scratch/users/k24015724/wav2vec_project/outputs/IEMOCAP_features/Ses03M_impro05a_M028_features.pt,ang
/scratch/users/k24015724/wav2vec_project/outputs/IEMOCAP_features/Ses03M_impro05a_M029_features.pt,ang
/scratch/users/k24015724/wav2vec_project/outputs/IEMOCAP_features/Ses03M_impro05b_F000_features.pt,neu
/scratch/users/k24015724/wav2vec_project/outputs/IEMOCAP_features/Ses03M_impro05b_F001_features.pt,neu
/scratch/users/k24015724/wav2vec_project/outputs/IEMOCAP_features/Ses03M_impro05b_F002_features.pt,neu
/scratch/users/k24015724/wav2vec_project/outputs/IEMOCAP_features/Ses03M_impro05b_F003_features.pt,neu
/scratch/users/k24015724/wav2vec_project/outputs/IEMOCAP_features/Ses03M_impro05b_F004_features.pt,neu
/scratch/users/k24015724/wav2vec_project/outputs/IEMOCAP_features/Ses03M_impro05b_F005_features.pt,neu
/scratch/users/k24015724/wav2vec_project/outputs/IEMOCAP_features/Ses03M_impro05b_F006_features.pt,neu
/scratch/users/k24015724/wav2vec_project/outputs/IEMOCAP_features/Ses03M_impro05b_F007_features.pt,neu
/scratch/users/k24015724/wav2vec_project/outputs/IEMOCAP_features/Ses03M_impro05b_F008_features.pt,neu
/scratch/users/k24015724/wav2vec_project/outputs/IEMOCAP_features/Ses03M_impro05b_F009_features.pt,neu
/scratch/users/k24015724/wav2vec_project/outputs/IEMOCAP_features/Ses03M_impro05b_F010_features.pt,neu
/scratch/users/k24015724/wav2vec_project/outputs/IEMOCAP_features/Ses03M_impro05b_F011_features.pt,neu
/scratch/users/k24015724/wav2vec_project/outputs/IEMOCAP_features/Ses03M_impro05b_F012_features.pt,neu
/scratch/users/k24015724/wav2vec_project/outputs/IEMOCAP_features/Ses03M_impro05b_F013_features.pt,neu
/scratch/users/k24015724/wav2vec_project/outputs/IEMOCAP_features/Ses03M_impro05b_F014_features.pt,neu
/scratch/users/k24015724/wav2vec_project/outputs/IEMOCAP_features/Ses03M_impro05b_F015_features.pt,neu
/scratch/users/k24015724/wav2vec_project/outputs/IEMOCAP_features/Ses03M_impro05b_F016_features.pt,neu
/scratch/users/k24015724/wav2vec_project/outputs/IEMOCAP_features/Ses03M_impro05b_F017_features.pt,fru
/scratch/users/k24015724/wav2vec_project/outputs/IEMOCAP_features/Ses03M_impro05b_F018_features.pt,neu
/scratch/users/k24015724/wav2vec_project/outputs/IEMOCAP_features/Ses03M_impro05b_F019_features.pt,neu
/scratch/users/k24015724/wav2vec_project/outputs/IEMOCAP_features/Ses03M_impro05b_F020_features.pt,neu
/scratch/users/k24015724/wav2vec_project/outputs/IEMOCAP_features/Ses03M_impro05b_F021_features.pt,neu
/scratch/users/k24015724/wav2vec_project/outputs/IEMOCAP_features/Ses03M_impro05b_F022_features.pt,neu
/scratch/users/k24015724/wav2vec_project/outputs/IEMOCAP_features/Ses03M_impro05b_F023_features.pt,neu
/scratch/users/k24015724/wav2vec_project/outputs/IEMOCAP_features/Ses03M_impro05b_F024_features.pt,fru
/scratch/users/k24015724/wav2vec_project/outputs/IEMOCAP_features/Ses03M_impro05b_F025_features.pt,fru
/scratch/users/k24015724/wav2vec_project/outputs/IEMOCAP_features/Ses03M_impro05b_F026_features.pt,fru
/scratch/users/k24015724/wav2vec_project/outputs/IEMOCAP_features/Ses03M_impro05b_F027_features.pt,neu
/scratch/users/k24015724/wav2vec_project/outputs/IEMOCAP_features/Ses03M_impro05b_F028_features.pt,neu
/scratch/users/k24015724/wav2vec_project/outputs/IEMOCAP_features/Ses03M_impro05b_F029_features.pt,neu
/scratch/users/k24015724/wav2vec_project/outputs/IEMOCAP_features/Ses03M_impro05b_F030_features.pt,neu
/scratch/users/k24015724/wav2vec_project/outputs/IEMOCAP_features/Ses03M_impro05b_F031_features.pt,fru
/scratch/users/k24015724/wav2vec_project/outputs/IEMOCAP_features/Ses03M_impro05b_M001_features.pt,fru
/scratch/users/k24015724/wav2vec_project/outputs/IEMOCAP_features/Ses03M_impro05b_M002_features.pt,fru
/scratch/users/k24015724/wav2vec_project/outputs/IEMOCAP_features/Ses03M_impro05b_M003_features.pt,fru
/scratch/users/k24015724/wav2vec_project/outputs/IEMOCAP_features/Ses03M_impro05b_M004_features.pt,fru
/scratch/users/k24015724/wav2vec_project/outputs/IEMOCAP_features/Ses03M_impro05b_M005_features.pt,fru
/scratch/users/k24015724/wav2vec_project/outputs/IEMOCAP_features/Ses03M_impro05b_M006_features.pt,fru
/scratch/users/k24015724/wav2vec_project/outputs/IEMOCAP_features/Ses03M_impro05b_M007_features.pt,fru
/scratch/users/k24015724/wav2vec_project/outputs/IEMOCAP_features/Ses03M_impro05b_M008_features.pt,ang
/scratch/users/k24015724/wav2vec_project/outputs/IEMOCAP_features/Ses03M_impro05b_M010_features.pt,fru
/scratch/users/k24015724/wav2vec_project/outputs/IEMOCAP_features/Ses03M_impro05b_M011_features.pt,ang
/scratch/users/k24015724/wav2vec_project/outputs/IEMOCAP_features/Ses03M_impro05b_M013_features.pt,ang
/scratch/users/k24015724/wav2vec_project/outputs/IEMOCAP_features/Ses03M_impro05b_M014_features.pt,ang
/scratch/users/k24015724/wav2vec_project/outputs/IEMOCAP_features/Ses03M_impro05b_M015_features.pt,ang
/scratch/users/k24015724/wav2vec_project/outputs/IEMOCAP_features/Ses03M_impro05b_M016_features.pt,ang
/scratch/users/k24015724/wav2vec_project/outputs/IEMOCAP_features/Ses03M_impro05b_M017_features.pt,fru
/scratch/users/k24015724/wav2vec_project/outputs/IEMOCAP_features/Ses03M_impro05b_M018_features.pt,fru
/scratch/users/k24015724/wav2vec_project/outputs/IEMOCAP_features/Ses03M_impro05b_M019_features.pt,neu
/scratch/users/k24015724/wav2vec_project/outputs/IEMOCAP_features/Ses03M_impro05b_M020_features.pt,ang
/scratch/users/k24015724/wav2vec_project/outputs/IEMOCAP_features/Ses03M_impro05b_M021_features.pt,ang
/scratch/users/k24015724/wav2vec_project/outputs/IEMOCAP_features/Ses03M_impro05b_M022_features.pt,ang
/scratch/users/k24015724/wav2vec_project/outputs/IEMOCAP_features/Ses03M_impro05b_M023_features.pt,ang
/scratch/users/k24015724/wav2vec_project/outputs/IEMOCAP_features/Ses03M_impro05b_M024_features.pt,ang
/scratch/users/k24015724/wav2vec_project/outputs/IEMOCAP_features/Ses03M_impro05b_M025_features.pt,ang
/scratch/users/k24015724/wav2vec_project/outputs/IEMOCAP_features/Ses03M_impro05b_M026_features.pt,ang
/scratch/users/k24015724/wav2vec_project/outputs/IEMOCAP_features/Ses03M_impro05b_M027_features.pt,ang
/scratch/users/k24015724/wav2vec_project/outputs/IEMOCAP_features/Ses03M_impro05b_M028_features.pt,fru
/scratch/users/k24015724/wav2vec_project/outputs/IEMOCAP_features/Ses03M_impro05b_M029_features.pt,ang
/scratch/users/k24015724/wav2vec_project/outputs/IEMOCAP_features/Ses03M_impro05b_M030_features.pt,fru
/scratch/users/k24015724/wav2vec_project/outputs/IEMOCAP_features/Ses03M_impro05b_M031_features.pt,ang
/scratch/users/k24015724/wav2vec_project/outputs/IEMOCAP_features/Ses03M_impro05b_M032_features.pt,ang
/scratch/users/k24015724/wav2vec_project/outputs/IEMOCAP_features/Ses03M_impro05b_M033_features.pt,ang
/scratch/users/k24015724/wav2vec_project/outputs/IEMOCAP_features/Ses03M_impro06_F000_features.pt,sad
/scratch/users/k24015724/wav2vec_project/outputs/IEMOCAP_features/Ses03M_impro06_F001_features.pt,sad
/scratch/users/k24015724/wav2vec_project/outputs/IEMOCAP_features/Ses03M_impro06_F002_features.pt,sad
/scratch/users/k24015724/wav2vec_project/outputs/IEMOCAP_features/Ses03M_impro06_F003_features.pt,sad
/scratch/users/k24015724/wav2vec_project/outputs/IEMOCAP_features/Ses03M_impro06_F004_features.pt,sad
/scratch/users/k24015724/wav2vec_project/outputs/IEMOCAP_features/Ses03M_impro06_F005_features.pt,sad
/scratch/users/k24015724/wav2vec_project/outputs/IEMOCAP_features/Ses03M_impro06_F007_features.pt,sad
/scratch/users/k24015724/wav2vec_project/outputs/IEMOCAP_features/Ses03M_impro06_F008_features.pt,sad
/scratch/users/k24015724/wav2vec_project/outputs/IEMOCAP_features/Ses03M_impro06_F009_features.pt,sad
/scratch/users/k24015724/wav2vec_project/outputs/IEMOCAP_features/Ses03M_impro06_F010_features.pt,sad
/scratch/users/k24015724/wav2vec_project/outputs/IEMOCAP_features/Ses03M_impro06_F011_features.pt,sad
/scratch/users/k24015724/wav2vec_project/outputs/IEMOCAP_features/Ses03M_impro06_F012_features.pt,sad
/scratch/users/k24015724/wav2vec_project/outputs/IEMOCAP_features/Ses03M_impro06_F013_features.pt,sad
/scratch/users/k24015724/wav2vec_project/outputs/IEMOCAP_features/Ses03M_impro06_F014_features.pt,sad
/scratch/users/k24015724/wav2vec_project/outputs/IEMOCAP_features/Ses03M_impro06_F015_features.pt,sad
/scratch/users/k24015724/wav2vec_project/outputs/IEMOCAP_features/Ses03M_impro06_F016_features.pt,sad
/scratch/users/k24015724/wav2vec_project/outputs/IEMOCAP_features/Ses03M_impro06_F017_features.pt,sad
/scratch/users/k24015724/wav2vec_project/outputs/IEMOCAP_features/Ses03M_impro06_F018_features.pt,sad
/scratch/users/k24015724/wav2vec_project/outputs/IEMOCAP_features/Ses03M_impro06_F019_features.pt,sad
/scratch/users/k24015724/wav2vec_project/outputs/IEMOCAP_features/Ses03M_impro06_F020_features.pt,sad
/scratch/users/k24015724/wav2vec_project/outputs/IEMOCAP_features/Ses03M_impro06_M000_features.pt,sad
/scratch/users/k24015724/wav2vec_project/outputs/IEMOCAP_features/Ses03M_impro06_M001_features.pt,sad
/scratch/users/k24015724/wav2vec_project/outputs/IEMOCAP_features/Ses03M_impro06_M002_features.pt,sad
/scratch/users/k24015724/wav2vec_project/outputs/IEMOCAP_features/Ses03M_impro06_M003_features.pt,sad
/scratch/users/k24015724/wav2vec_project/outputs/IEMOCAP_features/Ses03M_impro06_M004_features.pt,sad
/scratch/users/k24015724/wav2vec_project/outputs/IEMOCAP_features/Ses03M_impro06_M005_features.pt,sad
/scratch/users/k24015724/wav2vec_project/outputs/IEMOCAP_features/Ses03M_impro06_M006_features.pt,sad
/scratch/users/k24015724/wav2vec_project/outputs/IEMOCAP_features/Ses03M_impro06_M007_features.pt,sad
/scratch/users/k24015724/wav2vec_project/outputs/IEMOCAP_features/Ses03M_impro06_M008_features.pt,sad
/scratch/users/k24015724/wav2vec_project/outputs/IEMOCAP_features/Ses03M_impro06_M009_features.pt,sad
/scratch/users/k24015724/wav2vec_project/outputs/IEMOCAP_features/Ses03M_impro06_M010_features.pt,sad
/scratch/users/k24015724/wav2vec_project/outputs/IEMOCAP_features/Ses03M_impro06_M011_features.pt,sad
/scratch/users/k24015724/wav2vec_project/outputs/IEMOCAP_features/Ses03M_impro06_M012_features.pt,sad
/scratch/users/k24015724/wav2vec_project/outputs/IEMOCAP_features/Ses03M_impro06_M013_features.pt,sad
/scratch/users/k24015724/wav2vec_project/outputs/IEMOCAP_features/Ses03M_impro06_M014_features.pt,sad
/scratch/users/k24015724/wav2vec_project/outputs/IEMOCAP_features/Ses03M_impro06_M015_features.pt,sad
/scratch/users/k24015724/wav2vec_project/outputs/IEMOCAP_features/Ses03M_impro06_M016_features.pt,sad
/scratch/users/k24015724/wav2vec_project/outputs/IEMOCAP_features/Ses03M_impro06_M017_features.pt,sad
/scratch/users/k24015724/wav2vec_project/outputs/IEMOCAP_features/Ses03M_impro06_M018_features.pt,sad
/scratch/users/k24015724/wav2vec_project/outputs/IEMOCAP_features/Ses03M_impro06_M019_features.pt,sad
/scratch/users/k24015724/wav2vec_project/outputs/IEMOCAP_features/Ses03M_impro06_M020_features.pt,sad
/scratch/users/k24015724/wav2vec_project/outputs/IEMOCAP_features/Ses03M_impro06_M021_features.pt,sad
/scratch/users/k24015724/wav2vec_project/outputs/IEMOCAP_features/Ses03M_impro06_M022_features.pt,sad
/scratch/users/k24015724/wav2vec_project/outputs/IEMOCAP_features/Ses03M_impro06_M023_features.pt,sad
/scratch/users/k24015724/wav2vec_project/outputs/IEMOCAP_features/Ses03M_impro06_M024_features.pt,sad
/scratch/users/k24015724/wav2vec_project/outputs/IEMOCAP_features/Ses03M_impro06_M025_features.pt,sad
/scratch/users/k24015724/wav2vec_project/outputs/IEMOCAP_features/Ses03M_impro06_M026_features.pt,sad
/scratch/users/k24015724/wav2vec_project/outputs/IEMOCAP_features/Ses03M_impro06_M027_features.pt,sad
/scratch/users/k24015724/wav2vec_project/outputs/IEMOCAP_features/Ses03M_impro06_M028_features.pt,sad
/scratch/users/k24015724/wav2vec_project/outputs/IEMOCAP_features/Ses03M_impro06_M029_features.pt,sad
/scratch/users/k24015724/wav2vec_project/outputs/IEMOCAP_features/Ses03M_impro06_M030_features.pt,sad
/scratch/users/k24015724/wav2vec_project/outputs/IEMOCAP_features/Ses03M_impro06_M031_features.pt,sad
/scratch/users/k24015724/wav2vec_project/outputs/IEMOCAP_features/Ses03M_impro06_M032_features.pt,sad
/scratch/users/k24015724/wav2vec_project/outputs/IEMOCAP_features/Ses03M_impro07_F000_features.pt,hap
/scratch/users/k24015724/wav2vec_project/outputs/IEMOCAP_features/Ses03M_impro07_F001_features.pt,hap
/scratch/users/k24015724/wav2vec_project/outputs/IEMOCAP_features/Ses03M_impro07_F008_features.pt,hap
/scratch/users/k24015724/wav2vec_project/outputs/IEMOCAP_features/Ses03M_impro07_F010_features.pt,hap
/scratch/users/k24015724/wav2vec_project/outputs/IEMOCAP_features/Ses03M_impro07_F011_features.pt,hap
/scratch/users/k24015724/wav2vec_project/outputs/IEMOCAP_features/Ses03M_impro07_F012_features.pt,hap
/scratch/users/k24015724/wav2vec_project/outputs/IEMOCAP_features/Ses03M_impro07_F013_features.pt,hap
/scratch/users/k24015724/wav2vec_project/outputs/IEMOCAP_features/Ses03M_impro07_F014_features.pt,hap
/scratch/users/k24015724/wav2vec_project/outputs/IEMOCAP_features/Ses03M_impro07_F017_features.pt,hap
/scratch/users/k24015724/wav2vec_project/outputs/IEMOCAP_features/Ses03M_impro07_F019_features.pt,hap
/scratch/users/k24015724/wav2vec_project/outputs/IEMOCAP_features/Ses03M_impro07_F023_features.pt,neu
/scratch/users/k24015724/wav2vec_project/outputs/IEMOCAP_features/Ses03M_impro07_M009_features.pt,neu
/scratch/users/k24015724/wav2vec_project/outputs/IEMOCAP_features/Ses03M_impro07_M014_features.pt,hap
/scratch/users/k24015724/wav2vec_project/outputs/IEMOCAP_features/Ses03M_impro07_M025_features.pt,hap
/scratch/users/k24015724/wav2vec_project/outputs/IEMOCAP_features/Ses03M_impro08a_F000_features.pt,fru
/scratch/users/k24015724/wav2vec_project/outputs/IEMOCAP_features/Ses03M_impro08a_F001_features.pt,fru
/scratch/users/k24015724/wav2vec_project/outputs/IEMOCAP_features/Ses03M_impro08a_F002_features.pt,fru
/scratch/users/k24015724/wav2vec_project/outputs/IEMOCAP_features/Ses03M_impro08a_F003_features.pt,fru
/scratch/users/k24015724/wav2vec_project/outputs/IEMOCAP_features/Ses03M_impro08a_F004_features.pt,neu
/scratch/users/k24015724/wav2vec_project/outputs/IEMOCAP_features/Ses03M_impro08a_F005_features.pt,fru
/scratch/users/k24015724/wav2vec_project/outputs/IEMOCAP_features/Ses03M_impro08a_F006_features.pt,fru
/scratch/users/k24015724/wav2vec_project/outputs/IEMOCAP_features/Ses03M_impro08a_F007_features.pt,fru
/scratch/users/k24015724/wav2vec_project/outputs/IEMOCAP_features/Ses03M_impro08a_F008_features.pt,fru
/scratch/users/k24015724/wav2vec_project/outputs/IEMOCAP_features/Ses03M_impro08a_F009_features.pt,fru
/scratch/users/k24015724/wav2vec_project/outputs/IEMOCAP_features/Ses03M_impro08a_F010_features.pt,fru
/scratch/users/k24015724/wav2vec_project/outputs/IEMOCAP_features/Ses03M_impro08a_F011_features.pt,fru
/scratch/users/k24015724/wav2vec_project/outputs/IEMOCAP_features/Ses03M_impro08a_F012_features.pt,fru
/scratch/users/k24015724/wav2vec_project/outputs/IEMOCAP_features/Ses03M_impro08a_F013_features.pt,ang
/scratch/users/k24015724/wav2vec_project/outputs/IEMOCAP_features/Ses03M_impro08a_F014_features.pt,ang
/scratch/users/k24015724/wav2vec_project/outputs/IEMOCAP_features/Ses03M_impro08a_F015_features.pt,ang
/scratch/users/k24015724/wav2vec_project/outputs/IEMOCAP_features/Ses03M_impro08a_F016_features.pt,fru
/scratch/users/k24015724/wav2vec_project/outputs/IEMOCAP_features/Ses03M_impro08a_F017_features.pt,fru
/scratch/users/k24015724/wav2vec_project/outputs/IEMOCAP_features/Ses03M_impro08a_F018_features.pt,fru
/scratch/users/k24015724/wav2vec_project/outputs/IEMOCAP_features/Ses03M_impro08a_F019_features.pt,fru
/scratch/users/k24015724/wav2vec_project/outputs/IEMOCAP_features/Ses03M_impro08a_F020_features.pt,ang
/scratch/users/k24015724/wav2vec_project/outputs/IEMOCAP_features/Ses03M_impro08a_F021_features.pt,ang
/scratch/users/k24015724/wav2vec_project/outputs/IEMOCAP_features/Ses03M_impro08a_F022_features.pt,ang
/scratch/users/k24015724/wav2vec_project/outputs/IEMOCAP_features/Ses03M_impro08a_F023_features.pt,fru
/scratch/users/k24015724/wav2vec_project/outputs/IEMOCAP_features/Ses03M_impro08a_F024_features.pt,fru
/scratch/users/k24015724/wav2vec_project/outputs/IEMOCAP_features/Ses03M_impro08a_F025_features.pt,fru
/scratch/users/k24015724/wav2vec_project/outputs/IEMOCAP_features/Ses03M_impro08a_F027_features.pt,fru
/scratch/users/k24015724/wav2vec_project/outputs/IEMOCAP_features/Ses03M_impro08a_F028_features.pt,fru
/scratch/users/k24015724/wav2vec_project/outputs/IEMOCAP_features/Ses03M_impro08a_F029_features.pt,fru
/scratch/users/k24015724/wav2vec_project/outputs/IEMOCAP_features/Ses03M_impro08a_F030_features.pt,fru
/scratch/users/k24015724/wav2vec_project/outputs/IEMOCAP_features/Ses03M_impro08a_F031_features.pt,fru
/scratch/users/k24015724/wav2vec_project/outputs/IEMOCAP_features/Ses03M_impro08a_F032_features.pt,fru
/scratch/users/k24015724/wav2vec_project/outputs/IEMOCAP_features/Ses03M_impro08a_F033_features.pt,fru
/scratch/users/k24015724/wav2vec_project/outputs/IEMOCAP_features/Ses03M_impro08a_F034_features.pt,fru
/scratch/users/k24015724/wav2vec_project/outputs/IEMOCAP_features/Ses03M_impro08a_F035_features.pt,fru
/scratch/users/k24015724/wav2vec_project/outputs/IEMOCAP_features/Ses03M_impro08a_M000_features.pt,neu
/scratch/users/k24015724/wav2vec_project/outputs/IEMOCAP_features/Ses03M_impro08a_M001_features.pt,neu
/scratch/users/k24015724/wav2vec_project/outputs/IEMOCAP_features/Ses03M_impro08a_M002_features.pt,neu
/scratch/users/k24015724/wav2vec_project/outputs/IEMOCAP_features/Ses03M_impro08a_M003_features.pt,neu
/scratch/users/k24015724/wav2vec_project/outputs/IEMOCAP_features/Ses03M_impro08a_M004_features.pt,neu
/scratch/users/k24015724/wav2vec_project/outputs/IEMOCAP_features/Ses03M_impro08a_M005_features.pt,neu
/scratch/users/k24015724/wav2vec_project/outputs/IEMOCAP_features/Ses03M_impro08a_M006_features.pt,neu
/scratch/users/k24015724/wav2vec_project/outputs/IEMOCAP_features/Ses03M_impro08a_M007_features.pt,neu
/scratch/users/k24015724/wav2vec_project/outputs/IEMOCAP_features/Ses03M_impro08a_M008_features.pt,neu
/scratch/users/k24015724/wav2vec_project/outputs/IEMOCAP_features/Ses03M_impro08a_M009_features.pt,neu
/scratch/users/k24015724/wav2vec_project/outputs/IEMOCAP_features/Ses03M_impro08a_M010_features.pt,neu
/scratch/users/k24015724/wav2vec_project/outputs/IEMOCAP_features/Ses03M_impro08a_M011_features.pt,fru
/scratch/users/k24015724/wav2vec_project/outputs/IEMOCAP_features/Ses03M_impro08a_M012_features.pt,neu
/scratch/users/k24015724/wav2vec_project/outputs/IEMOCAP_features/Ses03M_impro08a_M013_features.pt,neu
/scratch/users/k24015724/wav2vec_project/outputs/IEMOCAP_features/Ses03M_impro08a_M014_features.pt,fru
/scratch/users/k24015724/wav2vec_project/outputs/IEMOCAP_features/Ses03M_impro08a_M015_features.pt,fru
/scratch/users/k24015724/wav2vec_project/outputs/IEMOCAP_features/Ses03M_impro08a_M016_features.pt,neu
/scratch/users/k24015724/wav2vec_project/outputs/IEMOCAP_features/Ses03M_impro08a_M017_features.pt,neu
/scratch/users/k24015724/wav2vec_project/outputs/IEMOCAP_features/Ses03M_impro08a_M018_features.pt,neu
/scratch/users/k24015724/wav2vec_project/outputs/IEMOCAP_features/Ses03M_impro08a_M019_features.pt,neu
/scratch/users/k24015724/wav2vec_project/outputs/IEMOCAP_features/Ses03M_impro08a_M020_features.pt,neu
/scratch/users/k24015724/wav2vec_project/outputs/IEMOCAP_features/Ses03M_impro08a_M021_features.pt,neu
/scratch/users/k24015724/wav2vec_project/outputs/IEMOCAP_features/Ses03M_impro08a_M022_features.pt,neu
/scratch/users/k24015724/wav2vec_project/outputs/IEMOCAP_features/Ses03M_impro08a_M023_features.pt,neu
/scratch/users/k24015724/wav2vec_project/outputs/IEMOCAP_features/Ses03M_impro08a_M024_features.pt,neu
/scratch/users/k24015724/wav2vec_project/outputs/IEMOCAP_features/Ses03M_impro08a_M025_features.pt,neu
/scratch/users/k24015724/wav2vec_project/outputs/IEMOCAP_features/Ses03M_impro08a_M026_features.pt,neu
/scratch/users/k24015724/wav2vec_project/outputs/IEMOCAP_features/Ses03M_impro08a_M027_features.pt,neu
/scratch/users/k24015724/wav2vec_project/outputs/IEMOCAP_features/Ses03M_impro08b_F001_features.pt,fru
/scratch/users/k24015724/wav2vec_project/outputs/IEMOCAP_features/Ses03M_impro08b_F002_features.pt,fru
/scratch/users/k24015724/wav2vec_project/outputs/IEMOCAP_features/Ses03M_impro08b_F003_features.pt,fru
/scratch/users/k24015724/wav2vec_project/outputs/IEMOCAP_features/Ses03M_impro08b_F004_features.pt,fru
/scratch/users/k24015724/wav2vec_project/outputs/IEMOCAP_features/Ses03M_impro08b_F005_features.pt,ang
/scratch/users/k24015724/wav2vec_project/outputs/IEMOCAP_features/Ses03M_impro08b_F006_features.pt,ang
/scratch/users/k24015724/wav2vec_project/outputs/IEMOCAP_features/Ses03M_impro08b_F007_features.pt,fru
/scratch/users/k24015724/wav2vec_project/outputs/IEMOCAP_features/Ses03M_impro08b_F008_features.pt,fru
/scratch/users/k24015724/wav2vec_project/outputs/IEMOCAP_features/Ses03M_impro08b_F009_features.pt,fru
/scratch/users/k24015724/wav2vec_project/outputs/IEMOCAP_features/Ses03M_impro08b_F010_features.pt,fru
/scratch/users/k24015724/wav2vec_project/outputs/IEMOCAP_features/Ses03M_impro08b_F011_features.pt,fru
/scratch/users/k24015724/wav2vec_project/outputs/IEMOCAP_features/Ses03M_impro08b_F012_features.pt,fru
/scratch/users/k24015724/wav2vec_project/outputs/IEMOCAP_features/Ses03M_impro08b_F013_features.pt,fru
/scratch/users/k24015724/wav2vec_project/outputs/IEMOCAP_features/Ses03M_impro08b_F014_features.pt,fru
/scratch/users/k24015724/wav2vec_project/outputs/IEMOCAP_features/Ses03M_impro08b_F015_features.pt,fru
/scratch/users/k24015724/wav2vec_project/outputs/IEMOCAP_features/Ses03M_impro08b_F016_features.pt,fru
/scratch/users/k24015724/wav2vec_project/outputs/IEMOCAP_features/Ses03M_impro08b_F021_features.pt,neu
/scratch/users/k24015724/wav2vec_project/outputs/IEMOCAP_features/Ses03M_impro08b_F023_features.pt,neu
/scratch/users/k24015724/wav2vec_project/outputs/IEMOCAP_features/Ses03M_impro08b_F024_features.pt,neu
/scratch/users/k24015724/wav2vec_project/outputs/IEMOCAP_features/Ses03M_impro08b_M000_features.pt,neu
/scratch/users/k24015724/wav2vec_project/outputs/IEMOCAP_features/Ses03M_impro08b_M001_features.pt,neu
/scratch/users/k24015724/wav2vec_project/outputs/IEMOCAP_features/Ses03M_impro08b_M002_features.pt,neu
/scratch/users/k24015724/wav2vec_project/outputs/IEMOCAP_features/Ses03M_impro08b_M003_features.pt,neu
/scratch/users/k24015724/wav2vec_project/outputs/IEMOCAP_features/Ses03M_impro08b_M004_features.pt,neu
/scratch/users/k24015724/wav2vec_project/outputs/IEMOCAP_features/Ses03M_impro08b_M005_features.pt,neu
/scratch/users/k24015724/wav2vec_project/outputs/IEMOCAP_features/Ses03M_impro08b_M006_features.pt,neu
/scratch/users/k24015724/wav2vec_project/outputs/IEMOCAP_features/Ses03M_impro08b_M007_features.pt,neu
/scratch/users/k24015724/wav2vec_project/outputs/IEMOCAP_features/Ses03M_impro08b_M008_features.pt,neu
/scratch/users/k24015724/wav2vec_project/outputs/IEMOCAP_features/Ses03M_impro08b_M009_features.pt,neu
/scratch/users/k24015724/wav2vec_project/outputs/IEMOCAP_features/Ses03M_impro08b_M010_features.pt,neu
/scratch/users/k24015724/wav2vec_project/outputs/IEMOCAP_features/Ses03M_impro08b_M011_features.pt,neu
/scratch/users/k24015724/wav2vec_project/outputs/IEMOCAP_features/Ses03M_impro08b_M012_features.pt,neu
/scratch/users/k24015724/wav2vec_project/outputs/IEMOCAP_features/Ses03M_impro08b_M013_features.pt,neu
/scratch/users/k24015724/wav2vec_project/outputs/IEMOCAP_features/Ses03M_impro08b_M014_features.pt,neu
/scratch/users/k24015724/wav2vec_project/outputs/IEMOCAP_features/Ses03M_impro08b_M015_features.pt,neu
/scratch/users/k24015724/wav2vec_project/outputs/IEMOCAP_features/Ses03M_impro08b_M016_features.pt,neu
/scratch/users/k24015724/wav2vec_project/outputs/IEMOCAP_features/Ses03M_impro08b_M017_features.pt,neu
/scratch/users/k24015724/wav2vec_project/outputs/IEMOCAP_features/Ses03M_impro08b_M018_features.pt,neu
/scratch/users/k24015724/wav2vec_project/outputs/IEMOCAP_features/Ses03M_impro08b_M019_features.pt,neu
/scratch/users/k24015724/wav2vec_project/outputs/IEMOCAP_features/Ses03M_impro08b_M020_features.pt,neu
/scratch/users/k24015724/wav2vec_project/outputs/IEMOCAP_features/Ses03M_impro08b_M021_features.pt,neu
/scratch/users/k24015724/wav2vec_project/outputs/IEMOCAP_features/Ses03M_impro08b_M022_features.pt,neu
/scratch/users/k24015724/wav2vec_project/outputs/IEMOCAP_features/Ses03M_script01_1_F000_features.pt,neu
/scratch/users/k24015724/wav2vec_project/outputs/IEMOCAP_features/Ses03M_script01_1_F004_features.pt,sad
/scratch/users/k24015724/wav2vec_project/outputs/IEMOCAP_features/Ses03M_script01_1_F005_features.pt,sad
/scratch/users/k24015724/wav2vec_project/outputs/IEMOCAP_features/Ses03M_script01_1_F007_features.pt,fru
/scratch/users/k24015724/wav2vec_project/outputs/IEMOCAP_features/Ses03M_script01_1_F008_features.pt,sad
/scratch/users/k24015724/wav2vec_project/outputs/IEMOCAP_features/Ses03M_script01_1_F013_features.pt,fru
/scratch/users/k24015724/wav2vec_project/outputs/IEMOCAP_features/Ses03M_script01_1_F015_features.pt,fru
/scratch/users/k24015724/wav2vec_project/outputs/IEMOCAP_features/Ses03M_script01_1_F016_features.pt,ang
/scratch/users/k24015724/wav2vec_project/outputs/IEMOCAP_features/Ses03M_script01_1_F017_features.pt,ang
/scratch/users/k24015724/wav2vec_project/outputs/IEMOCAP_features/Ses03M_script01_1_F020_features.pt,ang
/scratch/users/k24015724/wav2vec_project/outputs/IEMOCAP_features/Ses03M_script01_1_F021_features.pt,neu
/scratch/users/k24015724/wav2vec_project/outputs/IEMOCAP_features/Ses03M_script01_1_F022_features.pt,fru
/scratch/users/k24015724/wav2vec_project/outputs/IEMOCAP_features/Ses03M_script01_1_F025_features.pt,fru
/scratch/users/k24015724/wav2vec_project/outputs/IEMOCAP_features/Ses03M_script01_1_F026_features.pt,fru
/scratch/users/k24015724/wav2vec_project/outputs/IEMOCAP_features/Ses03M_script01_1_F028_features.pt,neu
/scratch/users/k24015724/wav2vec_project/outputs/IEMOCAP_features/Ses03M_script01_1_F030_features.pt,neu
/scratch/users/k24015724/wav2vec_project/outputs/IEMOCAP_features/Ses03M_script01_1_F031_features.pt,fru
/scratch/users/k24015724/wav2vec_project/outputs/IEMOCAP_features/Ses03M_script01_1_F033_features.pt,fru
/scratch/users/k24015724/wav2vec_project/outputs/IEMOCAP_features/Ses03M_script01_1_F034_features.pt,fru
/scratch/users/k24015724/wav2vec_project/outputs/IEMOCAP_features/Ses03M_script01_1_F038_features.pt,ang
/scratch/users/k24015724/wav2vec_project/outputs/IEMOCAP_features/Ses03M_script01_1_F040_features.pt,sad
/scratch/users/k24015724/wav2vec_project/outputs/IEMOCAP_features/Ses03M_script01_1_F042_features.pt,fru
/scratch/users/k24015724/wav2vec_project/outputs/IEMOCAP_features/Ses03M_script01_1_F043_features.pt,ang
/scratch/users/k24015724/wav2vec_project/outputs/IEMOCAP_features/Ses03M_script01_1_F044_features.pt,fru
/scratch/users/k24015724/wav2vec_project/outputs/IEMOCAP_features/Ses03M_script01_1_F045_features.pt,sad
/scratch/users/k24015724/wav2vec_project/outputs/IEMOCAP_features/Ses03M_script01_1_F046_features.pt,sad
/scratch/users/k24015724/wav2vec_project/outputs/IEMOCAP_features/Ses03M_script01_1_M000_features.pt,sad
/scratch/users/k24015724/wav2vec_project/outputs/IEMOCAP_features/Ses03M_script01_1_M001_features.pt,sad
/scratch/users/k24015724/wav2vec_project/outputs/IEMOCAP_features/Ses03M_script01_1_M002_features.pt,sad
/scratch/users/k24015724/wav2vec_project/outputs/IEMOCAP_features/Ses03M_script01_1_M003_features.pt,sad
/scratch/users/k24015724/wav2vec_project/outputs/IEMOCAP_features/Ses03M_script01_1_M004_features.pt,sad
/scratch/users/k24015724/wav2vec_project/outputs/IEMOCAP_features/Ses03M_script01_1_M005_features.pt,sad
/scratch/users/k24015724/wav2vec_project/outputs/IEMOCAP_features/Ses03M_script01_1_M006_features.pt,sad
/scratch/users/k24015724/wav2vec_project/outputs/IEMOCAP_features/Ses03M_script01_1_M007_features.pt,sad
/scratch/users/k24015724/wav2vec_project/outputs/IEMOCAP_features/Ses03M_script01_1_M008_features.pt,fru
/scratch/users/k24015724/wav2vec_project/outputs/IEMOCAP_features/Ses03M_script01_1_M009_features.pt,ang
/scratch/users/k24015724/wav2vec_project/outputs/IEMOCAP_features/Ses03M_script01_1_M010_features.pt,fru
/scratch/users/k24015724/wav2vec_project/outputs/IEMOCAP_features/Ses03M_script01_1_M011_features.pt,ang
/scratch/users/k24015724/wav2vec_project/outputs/IEMOCAP_features/Ses03M_script01_1_M012_features.pt,ang
/scratch/users/k24015724/wav2vec_project/outputs/IEMOCAP_features/Ses03M_script01_1_M014_features.pt,fru
/scratch/users/k24015724/wav2vec_project/outputs/IEMOCAP_features/Ses03M_script01_1_M015_features.pt,fru
/scratch/users/k24015724/wav2vec_project/outputs/IEMOCAP_features/Ses03M_script01_1_M016_features.pt,fru
/scratch/users/k24015724/wav2vec_project/outputs/IEMOCAP_features/Ses03M_script01_1_M017_features.pt,neu
/scratch/users/k24015724/wav2vec_project/outputs/IEMOCAP_features/Ses03M_script01_1_M019_features.pt,neu
/scratch/users/k24015724/wav2vec_project/outputs/IEMOCAP_features/Ses03M_script01_1_M020_features.pt,fru
/scratch/users/k24015724/wav2vec_project/outputs/IEMOCAP_features/Ses03M_script01_1_M021_features.pt,neu
/scratch/users/k24015724/wav2vec_project/outputs/IEMOCAP_features/Ses03M_script01_1_M022_features.pt,ang
/scratch/users/k24015724/wav2vec_project/outputs/IEMOCAP_features/Ses03M_script01_1_M023_features.pt,fru
/scratch/users/k24015724/wav2vec_project/outputs/IEMOCAP_features/Ses03M_script01_1_M024_features.pt,fru
/scratch/users/k24015724/wav2vec_project/outputs/IEMOCAP_features/Ses03M_script01_1_M026_features.pt,fru
/scratch/users/k24015724/wav2vec_project/outputs/IEMOCAP_features/Ses03M_script01_1_M027_features.pt,ang
/scratch/users/k24015724/wav2vec_project/outputs/IEMOCAP_features/Ses03M_script01_1_M028_features.pt,neu
/scratch/users/k24015724/wav2vec_project/outputs/IEMOCAP_features/Ses03M_script01_1_M029_features.pt,neu
/scratch/users/k24015724/wav2vec_project/outputs/IEMOCAP_features/Ses03M_script01_1_M030_features.pt,sad
/scratch/users/k24015724/wav2vec_project/outputs/IEMOCAP_features/Ses03M_script01_1_M031_features.pt,neu
/scratch/users/k24015724/wav2vec_project/outputs/IEMOCAP_features/Ses03M_script01_1_M033_features.pt,fru
/scratch/users/k24015724/wav2vec_project/outputs/IEMOCAP_features/Ses03M_script01_1_M034_features.pt,fru
/scratch/users/k24015724/wav2vec_project/outputs/IEMOCAP_features/Ses03M_script01_1_M035_features.pt,fru
/scratch/users/k24015724/wav2vec_project/outputs/IEMOCAP_features/Ses03M_script01_1_M036_features.pt,sad
/scratch/users/k24015724/wav2vec_project/outputs/IEMOCAP_features/Ses03M_script01_1_M037_features.pt,neu
/scratch/users/k24015724/wav2vec_project/outputs/IEMOCAP_features/Ses03M_script01_1_M038_features.pt,neu
/scratch/users/k24015724/wav2vec_project/outputs/IEMOCAP_features/Ses03M_script01_1_M039_features.pt,ang
/scratch/users/k24015724/wav2vec_project/outputs/IEMOCAP_features/Ses03M_script01_1_M040_features.pt,ang
/scratch/users/k24015724/wav2vec_project/outputs/IEMOCAP_features/Ses03M_script01_1_M041_features.pt,ang
/scratch/users/k24015724/wav2vec_project/outputs/IEMOCAP_features/Ses03M_script01_1_M042_features.pt,fru
/scratch/users/k24015724/wav2vec_project/outputs/IEMOCAP_features/Ses03M_script01_1_M043_features.pt,neu
/scratch/users/k24015724/wav2vec_project/outputs/IEMOCAP_features/Ses03M_script01_1_M045_features.pt,sad
/scratch/users/k24015724/wav2vec_project/outputs/IEMOCAP_features/Ses03M_script01_1_M046_features.pt,sad
/scratch/users/k24015724/wav2vec_project/outputs/IEMOCAP_features/Ses03M_script01_1_M047_features.pt,sad
/scratch/users/k24015724/wav2vec_project/outputs/IEMOCAP_features/Ses03M_script01_2_F000_features.pt,ang
/scratch/users/k24015724/wav2vec_project/outputs/IEMOCAP_features/Ses03M_script01_2_F001_features.pt,ang
/scratch/users/k24015724/wav2vec_project/outputs/IEMOCAP_features/Ses03M_script01_2_F006_features.pt,ang
/scratch/users/k24015724/wav2vec_project/outputs/IEMOCAP_features/Ses03M_script01_2_F009_features.pt,ang
/scratch/users/k24015724/wav2vec_project/outputs/IEMOCAP_features/Ses03M_script01_2_F010_features.pt,sad
/scratch/users/k24015724/wav2vec_project/outputs/IEMOCAP_features/Ses03M_script01_2_F011_features.pt,sad
/scratch/users/k24015724/wav2vec_project/outputs/IEMOCAP_features/Ses03M_script01_2_F012_features.pt,ang
/scratch/users/k24015724/wav2vec_project/outputs/IEMOCAP_features/Ses03M_script01_2_F015_features.pt,ang
/scratch/users/k24015724/wav2vec_project/outputs/IEMOCAP_features/Ses03M_script01_2_F017_features.pt,sad
/scratch/users/k24015724/wav2vec_project/outputs/IEMOCAP_features/Ses03M_script01_2_F019_features.pt,sad
/scratch/users/k24015724/wav2vec_project/outputs/IEMOCAP_features/Ses03M_script01_2_M000_features.pt,fru
/scratch/users/k24015724/wav2vec_project/outputs/IEMOCAP_features/Ses03M_script01_2_M001_features.pt,neu
/scratch/users/k24015724/wav2vec_project/outputs/IEMOCAP_features/Ses03M_script01_2_M002_features.pt,fru
/scratch/users/k24015724/wav2vec_project/outputs/IEMOCAP_features/Ses03M_script01_2_M003_features.pt,fru
/scratch/users/k24015724/wav2vec_project/outputs/IEMOCAP_features/Ses03M_script01_2_M004_features.pt,neu
/scratch/users/k24015724/wav2vec_project/outputs/IEMOCAP_features/Ses03M_script01_2_M005_features.pt,neu
/scratch/users/k24015724/wav2vec_project/outputs/IEMOCAP_features/Ses03M_script01_2_M006_features.pt,fru
/scratch/users/k24015724/wav2vec_project/outputs/IEMOCAP_features/Ses03M_script01_2_M008_features.pt,neu
/scratch/users/k24015724/wav2vec_project/outputs/IEMOCAP_features/Ses03M_script01_2_M009_features.pt,fru
/scratch/users/k24015724/wav2vec_project/outputs/IEMOCAP_features/Ses03M_script01_2_M010_features.pt,fru
/scratch/users/k24015724/wav2vec_project/outputs/IEMOCAP_features/Ses03M_script01_2_M011_features.pt,fru
/scratch/users/k24015724/wav2vec_project/outputs/IEMOCAP_features/Ses03M_script01_2_M012_features.pt,fru
/scratch/users/k24015724/wav2vec_project/outputs/IEMOCAP_features/Ses03M_script01_2_M014_features.pt,ang
/scratch/users/k24015724/wav2vec_project/outputs/IEMOCAP_features/Ses03M_script01_2_M015_features.pt,ang
/scratch/users/k24015724/wav2vec_project/outputs/IEMOCAP_features/Ses03M_script01_2_M016_features.pt,ang
/scratch/users/k24015724/wav2vec_project/outputs/IEMOCAP_features/Ses03M_script01_2_M017_features.pt,ang
/scratch/users/k24015724/wav2vec_project/outputs/IEMOCAP_features/Ses03M_script01_3_F004_features.pt,sad
/scratch/users/k24015724/wav2vec_project/outputs/IEMOCAP_features/Ses03M_script01_3_F006_features.pt,sad
/scratch/users/k24015724/wav2vec_project/outputs/IEMOCAP_features/Ses03M_script01_3_F007_features.pt,sad
/scratch/users/k24015724/wav2vec_project/outputs/IEMOCAP_features/Ses03M_script01_3_F008_features.pt,sad
/scratch/users/k24015724/wav2vec_project/outputs/IEMOCAP_features/Ses03M_script01_3_F011_features.pt,hap
/scratch/users/k24015724/wav2vec_project/outputs/IEMOCAP_features/Ses03M_script01_3_F012_features.pt,hap
/scratch/users/k24015724/wav2vec_project/outputs/IEMOCAP_features/Ses03M_script01_3_F013_features.pt,hap
/scratch/users/k24015724/wav2vec_project/outputs/IEMOCAP_features/Ses03M_script01_3_F014_features.pt,hap
/scratch/users/k24015724/wav2vec_project/outputs/IEMOCAP_features/Ses03M_script01_3_F015_features.pt,hap
/scratch/users/k24015724/wav2vec_project/outputs/IEMOCAP_features/Ses03M_script01_3_F016_features.pt,hap
/scratch/users/k24015724/wav2vec_project/outputs/IEMOCAP_features/Ses03M_script01_3_F017_features.pt,hap
/scratch/users/k24015724/wav2vec_project/outputs/IEMOCAP_features/Ses03M_script01_3_F018_features.pt,hap
/scratch/users/k24015724/wav2vec_project/outputs/IEMOCAP_features/Ses03M_script01_3_F019_features.pt,hap
/scratch/users/k24015724/wav2vec_project/outputs/IEMOCAP_features/Ses03M_script01_3_F020_features.pt,hap
/scratch/users/k24015724/wav2vec_project/outputs/IEMOCAP_features/Ses03M_script01_3_F021_features.pt,hap
/scratch/users/k24015724/wav2vec_project/outputs/IEMOCAP_features/Ses03M_script01_3_F029_features.pt,sad
/scratch/users/k24015724/wav2vec_project/outputs/IEMOCAP_features/Ses03M_script01_3_F030_features.pt,sad
/scratch/users/k24015724/wav2vec_project/outputs/IEMOCAP_features/Ses03M_script01_3_F031_features.pt,sad
/scratch/users/k24015724/wav2vec_project/outputs/IEMOCAP_features/Ses03M_script01_3_F033_features.pt,sad
/scratch/users/k24015724/wav2vec_project/outputs/IEMOCAP_features/Ses03M_script01_3_F034_features.pt,hap
/scratch/users/k24015724/wav2vec_project/outputs/IEMOCAP_features/Ses03M_script01_3_M001_features.pt,neu
/scratch/users/k24015724/wav2vec_project/outputs/IEMOCAP_features/Ses03M_script01_3_M004_features.pt,neu
/scratch/users/k24015724/wav2vec_project/outputs/IEMOCAP_features/Ses03M_script01_3_M008_features.pt,hap
/scratch/users/k24015724/wav2vec_project/outputs/IEMOCAP_features/Ses03M_script01_3_M010_features.pt,hap
/scratch/users/k24015724/wav2vec_project/outputs/IEMOCAP_features/Ses03M_script01_3_M016_features.pt,hap
/scratch/users/k24015724/wav2vec_project/outputs/IEMOCAP_features/Ses03M_script01_3_M018_features.pt,hap
/scratch/users/k24015724/wav2vec_project/outputs/IEMOCAP_features/Ses03M_script01_3_M021_features.pt,hap
/scratch/users/k24015724/wav2vec_project/outputs/IEMOCAP_features/Ses03M_script01_3_M023_features.pt,sad
/scratch/users/k24015724/wav2vec_project/outputs/IEMOCAP_features/Ses03M_script01_3_M027_features.pt,sad
/scratch/users/k24015724/wav2vec_project/outputs/IEMOCAP_features/Ses03M_script01_3_M028_features.pt,sad
/scratch/users/k24015724/wav2vec_project/outputs/IEMOCAP_features/Ses03M_script01_3_M029_features.pt,sad
/scratch/users/k24015724/wav2vec_project/outputs/IEMOCAP_features/Ses03M_script01_3_M030_features.pt,sad
/scratch/users/k24015724/wav2vec_project/outputs/IEMOCAP_features/Ses03M_script01_3_M031_features.pt,sad
/scratch/users/k24015724/wav2vec_project/outputs/IEMOCAP_features/Ses03M_script01_3_M032_features.pt,sad
/scratch/users/k24015724/wav2vec_project/outputs/IEMOCAP_features/Ses03M_script01_3_M033_features.pt,sad
/scratch/users/k24015724/wav2vec_project/outputs/IEMOCAP_features/Ses03M_script01_3_M034_features.pt,sad
/scratch/users/k24015724/wav2vec_project/outputs/IEMOCAP_features/Ses03M_script01_3_M035_features.pt,sad
/scratch/users/k24015724/wav2vec_project/outputs/IEMOCAP_features/Ses03M_script01_3_M036_features.pt,sad
/scratch/users/k24015724/wav2vec_project/outputs/IEMOCAP_features/Ses03M_script01_3_M037_features.pt,sad
/scratch/users/k24015724/wav2vec_project/outputs/IEMOCAP_features/Ses03M_script01_3_M038_features.pt,sad
/scratch/users/k24015724/wav2vec_project/outputs/IEMOCAP_features/Ses03M_script01_3_M039_features.pt,sad
/scratch/users/k24015724/wav2vec_project/outputs/IEMOCAP_features/Ses03M_script01_3_M040_features.pt,sad
/scratch/users/k24015724/wav2vec_project/outputs/IEMOCAP_features/Ses03M_script01_3_M041_features.pt,sad
/scratch/users/k24015724/wav2vec_project/outputs/IEMOCAP_features/Ses03M_script01_3_M042_features.pt,sad
/scratch/users/k24015724/wav2vec_project/outputs/IEMOCAP_features/Ses03M_script01_3_M045_features.pt,hap
/scratch/users/k24015724/wav2vec_project/outputs/IEMOCAP_features/Ses03M_script01_3_M046_features.pt,hap
/scratch/users/k24015724/wav2vec_project/outputs/IEMOCAP_features/Ses03M_script02_1_F005_features.pt,neu
/scratch/users/k24015724/wav2vec_project/outputs/IEMOCAP_features/Ses03M_script02_1_F007_features.pt,fru
/scratch/users/k24015724/wav2vec_project/outputs/IEMOCAP_features/Ses03M_script02_1_F008_features.pt,fru
/scratch/users/k24015724/wav2vec_project/outputs/IEMOCAP_features/Ses03M_script02_1_F009_features.pt,fru
/scratch/users/k24015724/wav2vec_project/outputs/IEMOCAP_features/Ses03M_script02_1_F013_features.pt,fru
/scratch/users/k24015724/wav2vec_project/outputs/IEMOCAP_features/Ses03M_script02_1_F015_features.pt,fru
/scratch/users/k24015724/wav2vec_project/outputs/IEMOCAP_features/Ses03M_script02_1_F016_features.pt,neu
/scratch/users/k24015724/wav2vec_project/outputs/IEMOCAP_features/Ses03M_script02_1_F018_features.pt,fru
/scratch/users/k24015724/wav2vec_project/outputs/IEMOCAP_features/Ses03M_script02_1_F019_features.pt,fru
/scratch/users/k24015724/wav2vec_project/outputs/IEMOCAP_features/Ses03M_script02_1_M017_features.pt,neu
/scratch/users/k24015724/wav2vec_project/outputs/IEMOCAP_features/Ses03M_script02_1_M020_features.pt,fru
/scratch/users/k24015724/wav2vec_project/outputs/IEMOCAP_features/Ses03M_script02_1_M033_features.pt,fru
/scratch/users/k24015724/wav2vec_project/outputs/IEMOCAP_features/Ses03M_script02_1_M044_features.pt,fru
/scratch/users/k24015724/wav2vec_project/outputs/IEMOCAP_features/Ses03M_script02_2_F000_features.pt,ang
/scratch/users/k24015724/wav2vec_project/outputs/IEMOCAP_features/Ses03M_script02_2_F001_features.pt,ang
/scratch/users/k24015724/wav2vec_project/outputs/IEMOCAP_features/Ses03M_script02_2_F002_features.pt,ang
/scratch/users/k24015724/wav2vec_project/outputs/IEMOCAP_features/Ses03M_script02_2_F003_features.pt,ang
/scratch/users/k24015724/wav2vec_project/outputs/IEMOCAP_features/Ses03M_script02_2_F004_features.pt,ang
/scratch/users/k24015724/wav2vec_project/outputs/IEMOCAP_features/Ses03M_script02_2_F007_features.pt,fru
/scratch/users/k24015724/wav2vec_project/outputs/IEMOCAP_features/Ses03M_script02_2_F008_features.pt,fru
/scratch/users/k24015724/wav2vec_project/outputs/IEMOCAP_features/Ses03M_script02_2_F009_features.pt,ang
/scratch/users/k24015724/wav2vec_project/outputs/IEMOCAP_features/Ses03M_script02_2_F011_features.pt,ang
/scratch/users/k24015724/wav2vec_project/outputs/IEMOCAP_features/Ses03M_script02_2_F012_features.pt,fru
/scratch/users/k24015724/wav2vec_project/outputs/IEMOCAP_features/Ses03M_script02_2_F013_features.pt,ang
/scratch/users/k24015724/wav2vec_project/outputs/IEMOCAP_features/Ses03M_script02_2_F014_features.pt,fru
/scratch/users/k24015724/wav2vec_project/outputs/IEMOCAP_features/Ses03M_script02_2_F015_features.pt,fru
/scratch/users/k24015724/wav2vec_project/outputs/IEMOCAP_features/Ses03M_script02_2_F016_features.pt,ang
/scratch/users/k24015724/wav2vec_project/outputs/IEMOCAP_features/Ses03M_script02_2_F017_features.pt,fru
/scratch/users/k24015724/wav2vec_project/outputs/IEMOCAP_features/Ses03M_script02_2_F018_features.pt,sad
/scratch/users/k24015724/wav2vec_project/outputs/IEMOCAP_features/Ses03M_script02_2_F023_features.pt,sad
/scratch/users/k24015724/wav2vec_project/outputs/IEMOCAP_features/Ses03M_script02_2_F024_features.pt,sad
/scratch/users/k24015724/wav2vec_project/outputs/IEMOCAP_features/Ses03M_script02_2_F025_features.pt,sad
/scratch/users/k24015724/wav2vec_project/outputs/IEMOCAP_features/Ses03M_script02_2_F026_features.pt,fru
/scratch/users/k24015724/wav2vec_project/outputs/IEMOCAP_features/Ses03M_script02_2_F027_features.pt,fru
/scratch/users/k24015724/wav2vec_project/outputs/IEMOCAP_features/Ses03M_script02_2_F028_features.pt,fru
/scratch/users/k24015724/wav2vec_project/outputs/IEMOCAP_features/Ses03M_script02_2_F029_features.pt,fru
/scratch/users/k24015724/wav2vec_project/outputs/IEMOCAP_features/Ses03M_script02_2_F030_features.pt,fru
/scratch/users/k24015724/wav2vec_project/outputs/IEMOCAP_features/Ses03M_script02_2_F031_features.pt,ang
/scratch/users/k24015724/wav2vec_project/outputs/IEMOCAP_features/Ses03M_script02_2_F032_features.pt,fru
/scratch/users/k24015724/wav2vec_project/outputs/IEMOCAP_features/Ses03M_script02_2_F033_features.pt,ang
/scratch/users/k24015724/wav2vec_project/outputs/IEMOCAP_features/Ses03M_script02_2_F034_features.pt,sad
/scratch/users/k24015724/wav2vec_project/outputs/IEMOCAP_features/Ses03M_script02_2_F035_features.pt,sad
/scratch/users/k24015724/wav2vec_project/outputs/IEMOCAP_features/Ses03M_script02_2_F036_features.pt,sad
/scratch/users/k24015724/wav2vec_project/outputs/IEMOCAP_features/Ses03M_script02_2_F037_features.pt,sad
/scratch/users/k24015724/wav2vec_project/outputs/IEMOCAP_features/Ses03M_script02_2_F038_features.pt,sad
/scratch/users/k24015724/wav2vec_project/outputs/IEMOCAP_features/Ses03M_script02_2_F040_features.pt,sad
/scratch/users/k24015724/wav2vec_project/outputs/IEMOCAP_features/Ses03M_script02_2_F041_features.pt,sad
/scratch/users/k24015724/wav2vec_project/outputs/IEMOCAP_features/Ses03M_script02_2_F042_features.pt,hap
/scratch/users/k24015724/wav2vec_project/outputs/IEMOCAP_features/Ses03M_script02_2_F044_features.pt,hap
/scratch/users/k24015724/wav2vec_project/outputs/IEMOCAP_features/Ses03M_script02_2_F046_features.pt,hap
/scratch/users/k24015724/wav2vec_project/outputs/IEMOCAP_features/Ses03M_script02_2_F047_features.pt,hap
/scratch/users/k24015724/wav2vec_project/outputs/IEMOCAP_features/Ses03M_script02_2_F048_features.pt,hap
/scratch/users/k24015724/wav2vec_project/outputs/IEMOCAP_features/Ses03M_script02_2_F049_features.pt,hap
/scratch/users/k24015724/wav2vec_project/outputs/IEMOCAP_features/Ses03M_script02_2_M001_features.pt,fru
/scratch/users/k24015724/wav2vec_project/outputs/IEMOCAP_features/Ses03M_script02_2_M002_features.pt,fru
/scratch/users/k24015724/wav2vec_project/outputs/IEMOCAP_features/Ses03M_script02_2_M003_features.pt,fru
/scratch/users/k24015724/wav2vec_project/outputs/IEMOCAP_features/Ses03M_script02_2_M004_features.pt,fru
/scratch/users/k24015724/wav2vec_project/outputs/IEMOCAP_features/Ses03M_script02_2_M005_features.pt,fru
/scratch/users/k24015724/wav2vec_project/outputs/IEMOCAP_features/Ses03M_script02_2_M006_features.pt,fru
/scratch/users/k24015724/wav2vec_project/outputs/IEMOCAP_features/Ses03M_script02_2_M007_features.pt,fru
/scratch/users/k24015724/wav2vec_project/outputs/IEMOCAP_features/Ses03M_script02_2_M008_features.pt,fru
/scratch/users/k24015724/wav2vec_project/outputs/IEMOCAP_features/Ses03M_script02_2_M009_features.pt,fru
/scratch/users/k24015724/wav2vec_project/outputs/IEMOCAP_features/Ses03M_script02_2_M010_features.pt,fru
/scratch/users/k24015724/wav2vec_project/outputs/IEMOCAP_features/Ses03M_script02_2_M011_features.pt,fru
/scratch/users/k24015724/wav2vec_project/outputs/IEMOCAP_features/Ses03M_script02_2_M012_features.pt,fru
/scratch/users/k24015724/wav2vec_project/outputs/IEMOCAP_features/Ses03M_script02_2_M013_features.pt,fru
/scratch/users/k24015724/wav2vec_project/outputs/IEMOCAP_features/Ses03M_script02_2_M014_features.pt,neu
/scratch/users/k24015724/wav2vec_project/outputs/IEMOCAP_features/Ses03M_script02_2_M015_features.pt,fru
/scratch/users/k24015724/wav2vec_project/outputs/IEMOCAP_features/Ses03M_script02_2_M017_features.pt,neu
/scratch/users/k24015724/wav2vec_project/outputs/IEMOCAP_features/Ses03M_script02_2_M018_features.pt,fru
/scratch/users/k24015724/wav2vec_project/outputs/IEMOCAP_features/Ses03M_script02_2_M019_features.pt,neu
/scratch/users/k24015724/wav2vec_project/outputs/IEMOCAP_features/Ses03M_script02_2_M020_features.pt,neu
/scratch/users/k24015724/wav2vec_project/outputs/IEMOCAP_features/Ses03M_script02_2_M021_features.pt,neu
/scratch/users/k24015724/wav2vec_project/outputs/IEMOCAP_features/Ses03M_script02_2_M022_features.pt,neu
/scratch/users/k24015724/wav2vec_project/outputs/IEMOCAP_features/Ses03M_script02_2_M024_features.pt,fru
/scratch/users/k24015724/wav2vec_project/outputs/IEMOCAP_features/Ses03M_script02_2_M025_features.pt,fru
/scratch/users/k24015724/wav2vec_project/outputs/IEMOCAP_features/Ses03M_script02_2_M026_features.pt,fru
/scratch/users/k24015724/wav2vec_project/outputs/IEMOCAP_features/Ses03M_script02_2_M028_features.pt,ang
/scratch/users/k24015724/wav2vec_project/outputs/IEMOCAP_features/Ses03M_script02_2_M029_features.pt,ang
/scratch/users/k24015724/wav2vec_project/outputs/IEMOCAP_features/Ses03M_script02_2_M030_features.pt,ang
/scratch/users/k24015724/wav2vec_project/outputs/IEMOCAP_features/Ses03M_script02_2_M031_features.pt,ang
/scratch/users/k24015724/wav2vec_project/outputs/IEMOCAP_features/Ses03M_script02_2_M032_features.pt,ang
/scratch/users/k24015724/wav2vec_project/outputs/IEMOCAP_features/Ses03M_script02_2_M033_features.pt,ang
/scratch/users/k24015724/wav2vec_project/outputs/IEMOCAP_features/Ses03M_script02_2_M035_features.pt,fru
/scratch/users/k24015724/wav2vec_project/outputs/IEMOCAP_features/Ses03M_script02_2_M036_features.pt,sad
/scratch/users/k24015724/wav2vec_project/outputs/IEMOCAP_features/Ses03M_script02_2_M037_features.pt,sad
/scratch/users/k24015724/wav2vec_project/outputs/IEMOCAP_features/Ses03M_script02_2_M041_features.pt,hap
/scratch/users/k24015724/wav2vec_project/outputs/IEMOCAP_features/Ses03M_script02_2_M042_features.pt,hap
/scratch/users/k24015724/wav2vec_project/outputs/IEMOCAP_features/Ses03M_script02_2_M045_features.pt,hap
/scratch/users/k24015724/wav2vec_project/outputs/IEMOCAP_features/Ses03M_script02_2_M046_features.pt,hap
/scratch/users/k24015724/wav2vec_project/outputs/IEMOCAP_features/Ses03M_script03_1_F018_features.pt,sad
/scratch/users/k24015724/wav2vec_project/outputs/IEMOCAP_features/Ses03M_script03_1_M035_features.pt,neu
/scratch/users/k24015724/wav2vec_project/outputs/IEMOCAP_features/Ses03M_script03_2_F000_features.pt,neu
/scratch/users/k24015724/wav2vec_project/outputs/IEMOCAP_features/Ses03M_script03_2_F001_features.pt,ang
/scratch/users/k24015724/wav2vec_project/outputs/IEMOCAP_features/Ses03M_script03_2_F003_features.pt,neu
/scratch/users/k24015724/wav2vec_project/outputs/IEMOCAP_features/Ses03M_script03_2_F004_features.pt,neu
/scratch/users/k24015724/wav2vec_project/outputs/IEMOCAP_features/Ses03M_script03_2_F006_features.pt,neu
/scratch/users/k24015724/wav2vec_project/outputs/IEMOCAP_features/Ses03M_script03_2_F010_features.pt,ang
/scratch/users/k24015724/wav2vec_project/outputs/IEMOCAP_features/Ses03M_script03_2_F011_features.pt,ang
/scratch/users/k24015724/wav2vec_project/outputs/IEMOCAP_features/Ses03M_script03_2_F012_features.pt,neu
/scratch/users/k24015724/wav2vec_project/outputs/IEMOCAP_features/Ses03M_script03_2_F014_features.pt,ang
/scratch/users/k24015724/wav2vec_project/outputs/IEMOCAP_features/Ses03M_script03_2_F016_features.pt,neu
/scratch/users/k24015724/wav2vec_project/outputs/IEMOCAP_features/Ses03M_script03_2_F017_features.pt,neu
/scratch/users/k24015724/wav2vec_project/outputs/IEMOCAP_features/Ses03M_script03_2_F024_features.pt,ang
/scratch/users/k24015724/wav2vec_project/outputs/IEMOCAP_features/Ses03M_script03_2_F025_features.pt,ang
/scratch/users/k24015724/wav2vec_project/outputs/IEMOCAP_features/Ses03M_script03_2_F028_features.pt,ang
/scratch/users/k24015724/wav2vec_project/outputs/IEMOCAP_features/Ses03M_script03_2_F029_features.pt,ang
/scratch/users/k24015724/wav2vec_project/outputs/IEMOCAP_features/Ses03M_script03_2_F030_features.pt,ang
/scratch/users/k24015724/wav2vec_project/outputs/IEMOCAP_features/Ses03M_script03_2_F031_features.pt,ang
/scratch/users/k24015724/wav2vec_project/outputs/IEMOCAP_features/Ses03M_script03_2_F032_features.pt,ang
/scratch/users/k24015724/wav2vec_project/outputs/IEMOCAP_features/Ses03M_script03_2_F033_features.pt,ang
/scratch/users/k24015724/wav2vec_project/outputs/IEMOCAP_features/Ses03M_script03_2_F036_features.pt,neu
/scratch/users/k24015724/wav2vec_project/outputs/IEMOCAP_features/Ses03M_script03_2_F037_features.pt,fru
/scratch/users/k24015724/wav2vec_project/outputs/IEMOCAP_features/Ses03M_script03_2_F038_features.pt,ang
/scratch/users/k24015724/wav2vec_project/outputs/IEMOCAP_features/Ses03M_script03_2_F039_features.pt,ang
/scratch/users/k24015724/wav2vec_project/outputs/IEMOCAP_features/Ses03M_script03_2_F040_features.pt,ang
/scratch/users/k24015724/wav2vec_project/outputs/IEMOCAP_features/Ses03M_script03_2_F041_features.pt,ang
/scratch/users/k24015724/wav2vec_project/outputs/IEMOCAP_features/Ses03M_script03_2_F042_features.pt,ang
/scratch/users/k24015724/wav2vec_project/outputs/IEMOCAP_features/Ses03M_script03_2_F043_features.pt,ang
/scratch/users/k24015724/wav2vec_project/outputs/IEMOCAP_features/Ses03M_script03_2_F044_features.pt,ang
/scratch/users/k24015724/wav2vec_project/outputs/IEMOCAP_features/Ses03M_script03_2_F045_features.pt,ang
/scratch/users/k24015724/wav2vec_project/outputs/IEMOCAP_features/Ses03M_script03_2_M000_features.pt,neu
/scratch/users/k24015724/wav2vec_project/outputs/IEMOCAP_features/Ses03M_script03_2_M003_features.pt,ang
/scratch/users/k24015724/wav2vec_project/outputs/IEMOCAP_features/Ses03M_script03_2_M004_features.pt,ang
/scratch/users/k24015724/wav2vec_project/outputs/IEMOCAP_features/Ses03M_script03_2_M005_features.pt,ang
/scratch/users/k24015724/wav2vec_project/outputs/IEMOCAP_features/Ses03M_script03_2_M006_features.pt,ang
/scratch/users/k24015724/wav2vec_project/outputs/IEMOCAP_features/Ses03M_script03_2_M007_features.pt,ang
/scratch/users/k24015724/wav2vec_project/outputs/IEMOCAP_features/Ses03M_script03_2_M008_features.pt,ang
/scratch/users/k24015724/wav2vec_project/outputs/IEMOCAP_features/Ses03M_script03_2_M009_features.pt,neu
/scratch/users/k24015724/wav2vec_project/outputs/IEMOCAP_features/Ses03M_script03_2_M010_features.pt,neu
/scratch/users/k24015724/wav2vec_project/outputs/IEMOCAP_features/Ses03M_script03_2_M011_features.pt,ang
/scratch/users/k24015724/wav2vec_project/outputs/IEMOCAP_features/Ses03M_script03_2_M012_features.pt,ang
/scratch/users/k24015724/wav2vec_project/outputs/IEMOCAP_features/Ses03M_script03_2_M014_features.pt,ang
/scratch/users/k24015724/wav2vec_project/outputs/IEMOCAP_features/Ses03M_script03_2_M015_features.pt,fru
/scratch/users/k24015724/wav2vec_project/outputs/IEMOCAP_features/Ses03M_script03_2_M016_features.pt,fru
/scratch/users/k24015724/wav2vec_project/outputs/IEMOCAP_features/Ses03M_script03_2_M017_features.pt,fru
/scratch/users/k24015724/wav2vec_project/outputs/IEMOCAP_features/Ses03M_script03_2_M019_features.pt,neu
/scratch/users/k24015724/wav2vec_project/outputs/IEMOCAP_features/Ses03M_script03_2_M020_features.pt,neu
/scratch/users/k24015724/wav2vec_project/outputs/IEMOCAP_features/Ses03M_script03_2_M021_features.pt,neu
/scratch/users/k24015724/wav2vec_project/outputs/IEMOCAP_features/Ses03M_script03_2_M025_features.pt,fru
/scratch/users/k24015724/wav2vec_project/outputs/IEMOCAP_features/Ses03M_script03_2_M029_features.pt,ang
/scratch/users/k24015724/wav2vec_project/outputs/IEMOCAP_features/Ses03M_script03_2_M030_features.pt,ang
/scratch/users/k24015724/wav2vec_project/outputs/IEMOCAP_features/Ses03M_script03_2_M031_features.pt,ang
/scratch/users/k24015724/wav2vec_project/outputs/IEMOCAP_features/Ses03M_script03_2_M032_features.pt,ang
/scratch/users/k24015724/wav2vec_project/outputs/IEMOCAP_features/Ses03M_script03_2_M033_features.pt,ang
/scratch/users/k24015724/wav2vec_project/outputs/IEMOCAP_features/Ses03M_script03_2_M034_features.pt,ang
/scratch/users/k24015724/wav2vec_project/outputs/IEMOCAP_features/Ses03M_script03_2_M038_features.pt,ang
/scratch/users/k24015724/wav2vec_project/outputs/IEMOCAP_features/Ses03M_script03_2_M039_features.pt,ang
/scratch/users/k24015724/wav2vec_project/outputs/IEMOCAP_features/Ses03M_script03_2_M040_features.pt,ang
/scratch/users/k24015724/wav2vec_project/outputs/IEMOCAP_features/Ses03M_script03_2_M041_features.pt,ang
/scratch/users/k24015724/wav2vec_project/outputs/IEMOCAP_features/Ses03M_script03_2_M042_features.pt,ang
/scratch/users/k24015724/wav2vec_project/outputs/IEMOCAP_features/Ses03M_script03_2_M043_features.pt,ang
/scratch/users/k24015724/wav2vec_project/outputs/IEMOCAP_features/Ses03M_script03_2_M044_features.pt,ang
/scratch/users/k24015724/wav2vec_project/outputs/IEMOCAP_features/Ses03M_script03_2_M045_features.pt,ang
/scratch/users/k24015724/wav2vec_project/outputs/IEMOCAP_features/Ses03M_script03_2_M046_features.pt,ang
/scratch/users/k24015724/wav2vec_project/outputs/IEMOCAP_features/Ses04F_impro01_F001_features.pt,fru
/scratch/users/k24015724/wav2vec_project/outputs/IEMOCAP_features/Ses04F_impro01_F002_features.pt,fru
/scratch/users/k24015724/wav2vec_project/outputs/IEMOCAP_features/Ses04F_impro01_F003_features.pt,fru
/scratch/users/k24015724/wav2vec_project/outputs/IEMOCAP_features/Ses04F_impro01_F004_features.pt,ang
/scratch/users/k24015724/wav2vec_project/outputs/IEMOCAP_features/Ses04F_impro01_F005_features.pt,fru
/scratch/users/k24015724/wav2vec_project/outputs/IEMOCAP_features/Ses04F_impro01_F006_features.pt,fru
/scratch/users/k24015724/wav2vec_project/outputs/IEMOCAP_features/Ses04F_impro01_F007_features.pt,fru
/scratch/users/k24015724/wav2vec_project/outputs/IEMOCAP_features/Ses04F_impro01_F008_features.pt,ang
/scratch/users/k24015724/wav2vec_project/outputs/IEMOCAP_features/Ses04F_impro01_F009_features.pt,ang
/scratch/users/k24015724/wav2vec_project/outputs/IEMOCAP_features/Ses04F_impro01_F010_features.pt,ang
/scratch/users/k24015724/wav2vec_project/outputs/IEMOCAP_features/Ses04F_impro01_F011_features.pt,fru
/scratch/users/k24015724/wav2vec_project/outputs/IEMOCAP_features/Ses04F_impro01_F012_features.pt,ang
/scratch/users/k24015724/wav2vec_project/outputs/IEMOCAP_features/Ses04F_impro01_F013_features.pt,fru
/scratch/users/k24015724/wav2vec_project/outputs/IEMOCAP_features/Ses04F_impro01_F014_features.pt,ang
/scratch/users/k24015724/wav2vec_project/outputs/IEMOCAP_features/Ses04F_impro01_F016_features.pt,ang
/scratch/users/k24015724/wav2vec_project/outputs/IEMOCAP_features/Ses04F_impro01_F019_features.pt,ang
/scratch/users/k24015724/wav2vec_project/outputs/IEMOCAP_features/Ses04F_impro01_F021_features.pt,ang
/scratch/users/k24015724/wav2vec_project/outputs/IEMOCAP_features/Ses04F_impro01_F022_features.pt,ang
/scratch/users/k24015724/wav2vec_project/outputs/IEMOCAP_features/Ses04F_impro01_M000_features.pt,fru
/scratch/users/k24015724/wav2vec_project/outputs/IEMOCAP_features/Ses04F_impro01_M001_features.pt,fru
/scratch/users/k24015724/wav2vec_project/outputs/IEMOCAP_features/Ses04F_impro01_M002_features.pt,fru
/scratch/users/k24015724/wav2vec_project/outputs/IEMOCAP_features/Ses04F_impro01_M003_features.pt,fru
/scratch/users/k24015724/wav2vec_project/outputs/IEMOCAP_features/Ses04F_impro01_M004_features.pt,fru
/scratch/users/k24015724/wav2vec_project/outputs/IEMOCAP_features/Ses04F_impro01_M005_features.pt,ang
/scratch/users/k24015724/wav2vec_project/outputs/IEMOCAP_features/Ses04F_impro01_M006_features.pt,fru
/scratch/users/k24015724/wav2vec_project/outputs/IEMOCAP_features/Ses04F_impro01_M007_features.pt,fru
/scratch/users/k24015724/wav2vec_project/outputs/IEMOCAP_features/Ses04F_impro01_M008_features.pt,ang
/scratch/users/k24015724/wav2vec_project/outputs/IEMOCAP_features/Ses04F_impro01_M009_features.pt,fru
/scratch/users/k24015724/wav2vec_project/outputs/IEMOCAP_features/Ses04F_impro01_M010_features.pt,fru
/scratch/users/k24015724/wav2vec_project/outputs/IEMOCAP_features/Ses04F_impro01_M011_features.pt,ang
/scratch/users/k24015724/wav2vec_project/outputs/IEMOCAP_features/Ses04F_impro01_M013_features.pt,fru
/scratch/users/k24015724/wav2vec_project/outputs/IEMOCAP_features/Ses04F_impro01_M014_features.pt,ang
/scratch/users/k24015724/wav2vec_project/outputs/IEMOCAP_features/Ses04F_impro01_M015_features.pt,fru
/scratch/users/k24015724/wav2vec_project/outputs/IEMOCAP_features/Ses04F_impro01_M016_features.pt,fru
/scratch/users/k24015724/wav2vec_project/outputs/IEMOCAP_features/Ses04F_impro01_M017_features.pt,fru
/scratch/users/k24015724/wav2vec_project/outputs/IEMOCAP_features/Ses04F_impro01_M018_features.pt,fru
/scratch/users/k24015724/wav2vec_project/outputs/IEMOCAP_features/Ses04F_impro01_M021_features.pt,ang
/scratch/users/k24015724/wav2vec_project/outputs/IEMOCAP_features/Ses04F_impro01_M022_features.pt,fru
/scratch/users/k24015724/wav2vec_project/outputs/IEMOCAP_features/Ses04F_impro01_M023_features.pt,ang
/scratch/users/k24015724/wav2vec_project/outputs/IEMOCAP_features/Ses04F_impro01_M024_features.pt,ang
/scratch/users/k24015724/wav2vec_project/outputs/IEMOCAP_features/Ses04F_impro02_F000_features.pt,sad
/scratch/users/k24015724/wav2vec_project/outputs/IEMOCAP_features/Ses04F_impro02_F001_features.pt,sad
/scratch/users/k24015724/wav2vec_project/outputs/IEMOCAP_features/Ses04F_impro02_F002_features.pt,sad
/scratch/users/k24015724/wav2vec_project/outputs/IEMOCAP_features/Ses04F_impro02_F003_features.pt,sad
/scratch/users/k24015724/wav2vec_project/outputs/IEMOCAP_features/Ses04F_impro02_F005_features.pt,sad
/scratch/users/k24015724/wav2vec_project/outputs/IEMOCAP_features/Ses04F_impro02_F006_features.pt,sad
/scratch/users/k24015724/wav2vec_project/outputs/IEMOCAP_features/Ses04F_impro02_F007_features.pt,sad
/scratch/users/k24015724/wav2vec_project/outputs/IEMOCAP_features/Ses04F_impro02_F008_features.pt,fru
/scratch/users/k24015724/wav2vec_project/outputs/IEMOCAP_features/Ses04F_impro02_F009_features.pt,sad
/scratch/users/k24015724/wav2vec_project/outputs/IEMOCAP_features/Ses04F_impro02_F010_features.pt,fru
/scratch/users/k24015724/wav2vec_project/outputs/IEMOCAP_features/Ses04F_impro02_F011_features.pt,sad
/scratch/users/k24015724/wav2vec_project/outputs/IEMOCAP_features/Ses04F_impro02_F012_features.pt,ang
/scratch/users/k24015724/wav2vec_project/outputs/IEMOCAP_features/Ses04F_impro02_F013_features.pt,fru
/scratch/users/k24015724/wav2vec_project/outputs/IEMOCAP_features/Ses04F_impro02_F014_features.pt,fru
/scratch/users/k24015724/wav2vec_project/outputs/IEMOCAP_features/Ses04F_impro02_F015_features.pt,fru
/scratch/users/k24015724/wav2vec_project/outputs/IEMOCAP_features/Ses04F_impro02_F016_features.pt,fru
/scratch/users/k24015724/wav2vec_project/outputs/IEMOCAP_features/Ses04F_impro02_F017_features.pt,ang
/scratch/users/k24015724/wav2vec_project/outputs/IEMOCAP_features/Ses04F_impro02_F018_features.pt,ang
/scratch/users/k24015724/wav2vec_project/outputs/IEMOCAP_features/Ses04F_impro02_F019_features.pt,fru
/scratch/users/k24015724/wav2vec_project/outputs/IEMOCAP_features/Ses04F_impro02_F020_features.pt,fru
/scratch/users/k24015724/wav2vec_project/outputs/IEMOCAP_features/Ses04F_impro02_F022_features.pt,ang
/scratch/users/k24015724/wav2vec_project/outputs/IEMOCAP_features/Ses04F_impro02_F023_features.pt,sad
/scratch/users/k24015724/wav2vec_project/outputs/IEMOCAP_features/Ses04F_impro02_F024_features.pt,sad
/scratch/users/k24015724/wav2vec_project/outputs/IEMOCAP_features/Ses04F_impro02_M000_features.pt,sad
/scratch/users/k24015724/wav2vec_project/outputs/IEMOCAP_features/Ses04F_impro02_M001_features.pt,sad
/scratch/users/k24015724/wav2vec_project/outputs/IEMOCAP_features/Ses04F_impro02_M002_features.pt,fru
/scratch/users/k24015724/wav2vec_project/outputs/IEMOCAP_features/Ses04F_impro02_M003_features.pt,fru
/scratch/users/k24015724/wav2vec_project/outputs/IEMOCAP_features/Ses04F_impro02_M004_features.pt,sad
/scratch/users/k24015724/wav2vec_project/outputs/IEMOCAP_features/Ses04F_impro02_M005_features.pt,fru
/scratch/users/k24015724/wav2vec_project/outputs/IEMOCAP_features/Ses04F_impro02_M006_features.pt,fru
/scratch/users/k24015724/wav2vec_project/outputs/IEMOCAP_features/Ses04F_impro02_M008_features.pt,fru
/scratch/users/k24015724/wav2vec_project/outputs/IEMOCAP_features/Ses04F_impro02_M009_features.pt,fru
/scratch/users/k24015724/wav2vec_project/outputs/IEMOCAP_features/Ses04F_impro02_M010_features.pt,fru
/scratch/users/k24015724/wav2vec_project/outputs/IEMOCAP_features/Ses04F_impro02_M012_features.pt,sad
/scratch/users/k24015724/wav2vec_project/outputs/IEMOCAP_features/Ses04F_impro02_M013_features.pt,fru
/scratch/users/k24015724/wav2vec_project/outputs/IEMOCAP_features/Ses04F_impro02_M014_features.pt,fru
/scratch/users/k24015724/wav2vec_project/outputs/IEMOCAP_features/Ses04F_impro02_M015_features.pt,fru
/scratch/users/k24015724/wav2vec_project/outputs/IEMOCAP_features/Ses04F_impro02_M016_features.pt,fru
/scratch/users/k24015724/wav2vec_project/outputs/IEMOCAP_features/Ses04F_impro02_M017_features.pt,fru
/scratch/users/k24015724/wav2vec_project/outputs/IEMOCAP_features/Ses04F_impro02_M018_features.pt,ang
/scratch/users/k24015724/wav2vec_project/outputs/IEMOCAP_features/Ses04F_impro02_M019_features.pt,fru
/scratch/users/k24015724/wav2vec_project/outputs/IEMOCAP_features/Ses04F_impro02_M020_features.pt,ang
/scratch/users/k24015724/wav2vec_project/outputs/IEMOCAP_features/Ses04F_impro02_M021_features.pt,ang
/scratch/users/k24015724/wav2vec_project/outputs/IEMOCAP_features/Ses04F_impro02_M023_features.pt,fru
/scratch/users/k24015724/wav2vec_project/outputs/IEMOCAP_features/Ses04F_impro02_M024_features.pt,sad
/scratch/users/k24015724/wav2vec_project/outputs/IEMOCAP_features/Ses04F_impro02_M025_features.pt,sad
/scratch/users/k24015724/wav2vec_project/outputs/IEMOCAP_features/Ses04F_impro02_M026_features.pt,sad
/scratch/users/k24015724/wav2vec_project/outputs/IEMOCAP_features/Ses04F_impro03_F010_features.pt,hap
/scratch/users/k24015724/wav2vec_project/outputs/IEMOCAP_features/Ses04F_impro03_F012_features.pt,hap
/scratch/users/k24015724/wav2vec_project/outputs/IEMOCAP_features/Ses04F_impro03_M000_features.pt,neu
/scratch/users/k24015724/wav2vec_project/outputs/IEMOCAP_features/Ses04F_impro03_M001_features.pt,neu
/scratch/users/k24015724/wav2vec_project/outputs/IEMOCAP_features/Ses04F_impro03_M018_features.pt,neu
/scratch/users/k24015724/wav2vec_project/outputs/IEMOCAP_features/Ses04F_impro03_M019_features.pt,neu
/scratch/users/k24015724/wav2vec_project/outputs/IEMOCAP_features/Ses04F_impro03_M020_features.pt,neu
/scratch/users/k24015724/wav2vec_project/outputs/IEMOCAP_features/Ses04F_impro03_M021_features.pt,neu
/scratch/users/k24015724/wav2vec_project/outputs/IEMOCAP_features/Ses04F_impro03_M023_features.pt,fru
/scratch/users/k24015724/wav2vec_project/outputs/IEMOCAP_features/Ses04F_impro03_M027_features.pt,neu
/scratch/users/k24015724/wav2vec_project/outputs/IEMOCAP_features/Ses04F_impro03_M028_features.pt,neu
/scratch/users/k24015724/wav2vec_project/outputs/IEMOCAP_features/Ses04F_impro03_M029_features.pt,neu
/scratch/users/k24015724/wav2vec_project/outputs/IEMOCAP_features/Ses04F_impro03_M030_features.pt,neu
/scratch/users/k24015724/wav2vec_project/outputs/IEMOCAP_features/Ses04F_impro03_M031_features.pt,neu
/scratch/users/k24015724/wav2vec_project/outputs/IEMOCAP_features/Ses04F_impro03_M032_features.pt,neu
/scratch/users/k24015724/wav2vec_project/outputs/IEMOCAP_features/Ses04F_impro03_M033_features.pt,neu
/scratch/users/k24015724/wav2vec_project/outputs/IEMOCAP_features/Ses04F_impro03_M034_features.pt,neu
/scratch/users/k24015724/wav2vec_project/outputs/IEMOCAP_features/Ses04F_impro03_M035_features.pt,neu
/scratch/users/k24015724/wav2vec_project/outputs/IEMOCAP_features/Ses04F_impro03_M047_features.pt,neu
/scratch/users/k24015724/wav2vec_project/outputs/IEMOCAP_features/Ses04F_impro04_F000_features.pt,neu
/scratch/users/k24015724/wav2vec_project/outputs/IEMOCAP_features/Ses04F_impro04_F001_features.pt,fru
/scratch/users/k24015724/wav2vec_project/outputs/IEMOCAP_features/Ses04F_impro04_F002_features.pt,fru
/scratch/users/k24015724/wav2vec_project/outputs/IEMOCAP_features/Ses04F_impro04_F003_features.pt,fru
/scratch/users/k24015724/wav2vec_project/outputs/IEMOCAP_features/Ses04F_impro04_F004_features.pt,fru
/scratch/users/k24015724/wav2vec_project/outputs/IEMOCAP_features/Ses04F_impro04_F005_features.pt,ang
/scratch/users/k24015724/wav2vec_project/outputs/IEMOCAP_features/Ses04F_impro04_F006_features.pt,ang
/scratch/users/k24015724/wav2vec_project/outputs/IEMOCAP_features/Ses04F_impro04_F007_features.pt,fru
/scratch/users/k24015724/wav2vec_project/outputs/IEMOCAP_features/Ses04F_impro04_F008_features.pt,ang
/scratch/users/k24015724/wav2vec_project/outputs/IEMOCAP_features/Ses04F_impro04_F009_features.pt,fru
/scratch/users/k24015724/wav2vec_project/outputs/IEMOCAP_features/Ses04F_impro04_F011_features.pt,ang
/scratch/users/k24015724/wav2vec_project/outputs/IEMOCAP_features/Ses04F_impro04_F012_features.pt,fru
/scratch/users/k24015724/wav2vec_project/outputs/IEMOCAP_features/Ses04F_impro04_F013_features.pt,ang
/scratch/users/k24015724/wav2vec_project/outputs/IEMOCAP_features/Ses04F_impro04_F014_features.pt,ang
/scratch/users/k24015724/wav2vec_project/outputs/IEMOCAP_features/Ses04F_impro04_F015_features.pt,ang
/scratch/users/k24015724/wav2vec_project/outputs/IEMOCAP_features/Ses04F_impro04_F016_features.pt,ang
/scratch/users/k24015724/wav2vec_project/outputs/IEMOCAP_features/Ses04F_impro04_F017_features.pt,ang
/scratch/users/k24015724/wav2vec_project/outputs/IEMOCAP_features/Ses04F_impro04_F018_features.pt,ang
/scratch/users/k24015724/wav2vec_project/outputs/IEMOCAP_features/Ses04F_impro04_F019_features.pt,fru
/scratch/users/k24015724/wav2vec_project/outputs/IEMOCAP_features/Ses04F_impro04_F020_features.pt,fru
/scratch/users/k24015724/wav2vec_project/outputs/IEMOCAP_features/Ses04F_impro04_F021_features.pt,fru
/scratch/users/k24015724/wav2vec_project/outputs/IEMOCAP_features/Ses04F_impro04_F022_features.pt,fru
/scratch/users/k24015724/wav2vec_project/outputs/IEMOCAP_features/Ses04F_impro04_F023_features.pt,fru
/scratch/users/k24015724/wav2vec_project/outputs/IEMOCAP_features/Ses04F_impro04_F024_features.pt,fru
/scratch/users/k24015724/wav2vec_project/outputs/IEMOCAP_features/Ses04F_impro04_F025_features.pt,ang
/scratch/users/k24015724/wav2vec_project/outputs/IEMOCAP_features/Ses04F_impro04_F026_features.pt,fru
/scratch/users/k24015724/wav2vec_project/outputs/IEMOCAP_features/Ses04F_impro04_F027_features.pt,fru
/scratch/users/k24015724/wav2vec_project/outputs/IEMOCAP_features/Ses04F_impro04_F028_features.pt,fru
/scratch/users/k24015724/wav2vec_project/outputs/IEMOCAP_features/Ses04F_impro04_F029_features.pt,fru
/scratch/users/k24015724/wav2vec_project/outputs/IEMOCAP_features/Ses04F_impro04_F030_features.pt,ang
/scratch/users/k24015724/wav2vec_project/outputs/IEMOCAP_features/Ses04F_impro04_F031_features.pt,ang
/scratch/users/k24015724/wav2vec_project/outputs/IEMOCAP_features/Ses04F_impro04_F032_features.pt,fru
/scratch/users/k24015724/wav2vec_project/outputs/IEMOCAP_features/Ses04F_impro04_F033_features.pt,fru
/scratch/users/k24015724/wav2vec_project/outputs/IEMOCAP_features/Ses04F_impro04_M001_features.pt,neu
/scratch/users/k24015724/wav2vec_project/outputs/IEMOCAP_features/Ses04F_impro04_M002_features.pt,neu
/scratch/users/k24015724/wav2vec_project/outputs/IEMOCAP_features/Ses04F_impro04_M003_features.pt,neu
/scratch/users/k24015724/wav2vec_project/outputs/IEMOCAP_features/Ses04F_impro04_M004_features.pt,neu
/scratch/users/k24015724/wav2vec_project/outputs/IEMOCAP_features/Ses04F_impro04_M005_features.pt,neu
/scratch/users/k24015724/wav2vec_project/outputs/IEMOCAP_features/Ses04F_impro04_M006_features.pt,neu
/scratch/users/k24015724/wav2vec_project/outputs/IEMOCAP_features/Ses04F_impro04_M007_features.pt,neu
/scratch/users/k24015724/wav2vec_project/outputs/IEMOCAP_features/Ses04F_impro04_M008_features.pt,neu
/scratch/users/k24015724/wav2vec_project/outputs/IEMOCAP_features/Ses04F_impro04_M009_features.pt,neu
/scratch/users/k24015724/wav2vec_project/outputs/IEMOCAP_features/Ses04F_impro04_M010_features.pt,fru
/scratch/users/k24015724/wav2vec_project/outputs/IEMOCAP_features/Ses04F_impro04_M013_features.pt,neu
/scratch/users/k24015724/wav2vec_project/outputs/IEMOCAP_features/Ses04F_impro04_M014_features.pt,neu
/scratch/users/k24015724/wav2vec_project/outputs/IEMOCAP_features/Ses04F_impro04_M015_features.pt,neu
/scratch/users/k24015724/wav2vec_project/outputs/IEMOCAP_features/Ses04F_impro04_M016_features.pt,neu
/scratch/users/k24015724/wav2vec_project/outputs/IEMOCAP_features/Ses04F_impro04_M017_features.pt,neu
/scratch/users/k24015724/wav2vec_project/outputs/IEMOCAP_features/Ses04F_impro04_M018_features.pt,neu
/scratch/users/k24015724/wav2vec_project/outputs/IEMOCAP_features/Ses04F_impro04_M019_features.pt,neu
/scratch/users/k24015724/wav2vec_project/outputs/IEMOCAP_features/Ses04F_impro04_M020_features.pt,neu
/scratch/users/k24015724/wav2vec_project/outputs/IEMOCAP_features/Ses04F_impro04_M021_features.pt,neu
/scratch/users/k24015724/wav2vec_project/outputs/IEMOCAP_features/Ses04F_impro04_M022_features.pt,neu
/scratch/users/k24015724/wav2vec_project/outputs/IEMOCAP_features/Ses04F_impro04_M023_features.pt,neu
/scratch/users/k24015724/wav2vec_project/outputs/IEMOCAP_features/Ses04F_impro04_M025_features.pt,fru
/scratch/users/k24015724/wav2vec_project/outputs/IEMOCAP_features/Ses04F_impro04_M026_features.pt,neu
/scratch/users/k24015724/wav2vec_project/outputs/IEMOCAP_features/Ses04F_impro04_M027_features.pt,fru
/scratch/users/k24015724/wav2vec_project/outputs/IEMOCAP_features/Ses04F_impro04_M028_features.pt,neu
/scratch/users/k24015724/wav2vec_project/outputs/IEMOCAP_features/Ses04F_impro04_M029_features.pt,fru
/scratch/users/k24015724/wav2vec_project/outputs/IEMOCAP_features/Ses04F_impro04_M030_features.pt,neu
/scratch/users/k24015724/wav2vec_project/outputs/IEMOCAP_features/Ses04F_impro04_M031_features.pt,neu
/scratch/users/k24015724/wav2vec_project/outputs/IEMOCAP_features/Ses04F_impro04_M033_features.pt,neu
/scratch/users/k24015724/wav2vec_project/outputs/IEMOCAP_features/Ses04F_impro05_F000_features.pt,fru
/scratch/users/k24015724/wav2vec_project/outputs/IEMOCAP_features/Ses04F_impro05_F001_features.pt,fru
/scratch/users/k24015724/wav2vec_project/outputs/IEMOCAP_features/Ses04F_impro05_F002_features.pt,fru
/scratch/users/k24015724/wav2vec_project/outputs/IEMOCAP_features/Ses04F_impro05_F003_features.pt,fru
/scratch/users/k24015724/wav2vec_project/outputs/IEMOCAP_features/Ses04F_impro05_F004_features.pt,ang
/scratch/users/k24015724/wav2vec_project/outputs/IEMOCAP_features/Ses04F_impro05_F005_features.pt,ang
/scratch/users/k24015724/wav2vec_project/outputs/IEMOCAP_features/Ses04F_impro05_F006_features.pt,ang
/scratch/users/k24015724/wav2vec_project/outputs/IEMOCAP_features/Ses04F_impro05_F008_features.pt,ang
/scratch/users/k24015724/wav2vec_project/outputs/IEMOCAP_features/Ses04F_impro05_F009_features.pt,ang
/scratch/users/k24015724/wav2vec_project/outputs/IEMOCAP_features/Ses04F_impro05_F010_features.pt,ang
/scratch/users/k24015724/wav2vec_project/outputs/IEMOCAP_features/Ses04F_impro05_F011_features.pt,ang
/scratch/users/k24015724/wav2vec_project/outputs/IEMOCAP_features/Ses04F_impro05_F012_features.pt,ang
/scratch/users/k24015724/wav2vec_project/outputs/IEMOCAP_features/Ses04F_impro05_F013_features.pt,ang
/scratch/users/k24015724/wav2vec_project/outputs/IEMOCAP_features/Ses04F_impro05_F014_features.pt,ang
/scratch/users/k24015724/wav2vec_project/outputs/IEMOCAP_features/Ses04F_impro05_F015_features.pt,ang
/scratch/users/k24015724/wav2vec_project/outputs/IEMOCAP_features/Ses04F_impro05_F016_features.pt,ang
/scratch/users/k24015724/wav2vec_project/outputs/IEMOCAP_features/Ses04F_impro05_F017_features.pt,ang
/scratch/users/k24015724/wav2vec_project/outputs/IEMOCAP_features/Ses04F_impro05_F018_features.pt,ang
/scratch/users/k24015724/wav2vec_project/outputs/IEMOCAP_features/Ses04F_impro05_F019_features.pt,ang
/scratch/users/k24015724/wav2vec_project/outputs/IEMOCAP_features/Ses04F_impro05_M000_features.pt,fru
/scratch/users/k24015724/wav2vec_project/outputs/IEMOCAP_features/Ses04F_impro05_M001_features.pt,fru
/scratch/users/k24015724/wav2vec_project/outputs/IEMOCAP_features/Ses04F_impro05_M002_features.pt,fru
/scratch/users/k24015724/wav2vec_project/outputs/IEMOCAP_features/Ses04F_impro05_M003_features.pt,fru
/scratch/users/k24015724/wav2vec_project/outputs/IEMOCAP_features/Ses04F_impro05_M005_features.pt,fru
/scratch/users/k24015724/wav2vec_project/outputs/IEMOCAP_features/Ses04F_impro05_M006_features.pt,fru
/scratch/users/k24015724/wav2vec_project/outputs/IEMOCAP_features/Ses04F_impro05_M007_features.pt,fru
/scratch/users/k24015724/wav2vec_project/outputs/IEMOCAP_features/Ses04F_impro05_M008_features.pt,fru
/scratch/users/k24015724/wav2vec_project/outputs/IEMOCAP_features/Ses04F_impro05_M009_features.pt,fru
/scratch/users/k24015724/wav2vec_project/outputs/IEMOCAP_features/Ses04F_impro05_M010_features.pt,fru
/scratch/users/k24015724/wav2vec_project/outputs/IEMOCAP_features/Ses04F_impro05_M011_features.pt,fru
/scratch/users/k24015724/wav2vec_project/outputs/IEMOCAP_features/Ses04F_impro05_M012_features.pt,fru
/scratch/users/k24015724/wav2vec_project/outputs/IEMOCAP_features/Ses04F_impro05_M013_features.pt,fru
/scratch/users/k24015724/wav2vec_project/outputs/IEMOCAP_features/Ses04F_impro05_M014_features.pt,fru
/scratch/users/k24015724/wav2vec_project/outputs/IEMOCAP_features/Ses04F_impro05_M015_features.pt,fru
/scratch/users/k24015724/wav2vec_project/outputs/IEMOCAP_features/Ses04F_impro05_M016_features.pt,fru
/scratch/users/k24015724/wav2vec_project/outputs/IEMOCAP_features/Ses04F_impro05_M017_features.pt,fru
/scratch/users/k24015724/wav2vec_project/outputs/IEMOCAP_features/Ses04F_impro05_M018_features.pt,fru
/scratch/users/k24015724/wav2vec_project/outputs/IEMOCAP_features/Ses04F_impro05_M019_features.pt,fru
/scratch/users/k24015724/wav2vec_project/outputs/IEMOCAP_features/Ses04F_impro05_M020_features.pt,fru
/scratch/users/k24015724/wav2vec_project/outputs/IEMOCAP_features/Ses04F_impro05_M021_features.pt,fru
/scratch/users/k24015724/wav2vec_project/outputs/IEMOCAP_features/Ses04F_impro05_M022_features.pt,fru
/scratch/users/k24015724/wav2vec_project/outputs/IEMOCAP_features/Ses04F_impro05_M023_features.pt,fru
/scratch/users/k24015724/wav2vec_project/outputs/IEMOCAP_features/Ses04F_impro05_M024_features.pt,fru
/scratch/users/k24015724/wav2vec_project/outputs/IEMOCAP_features/Ses04F_impro06_F000_features.pt,sad
/scratch/users/k24015724/wav2vec_project/outputs/IEMOCAP_features/Ses04F_impro06_F001_features.pt,sad
/scratch/users/k24015724/wav2vec_project/outputs/IEMOCAP_features/Ses04F_impro06_F002_features.pt,sad
/scratch/users/k24015724/wav2vec_project/outputs/IEMOCAP_features/Ses04F_impro06_F003_features.pt,sad
/scratch/users/k24015724/wav2vec_project/outputs/IEMOCAP_features/Ses04F_impro06_F004_features.pt,sad
/scratch/users/k24015724/wav2vec_project/outputs/IEMOCAP_features/Ses04F_impro06_F005_features.pt,sad
/scratch/users/k24015724/wav2vec_project/outputs/IEMOCAP_features/Ses04F_impro06_F006_features.pt,sad
/scratch/users/k24015724/wav2vec_project/outputs/IEMOCAP_features/Ses04F_impro06_F007_features.pt,sad
/scratch/users/k24015724/wav2vec_project/outputs/IEMOCAP_features/Ses04F_impro06_F008_features.pt,hap
/scratch/users/k24015724/wav2vec_project/outputs/IEMOCAP_features/Ses04F_impro06_F009_features.pt,hap
/scratch/users/k24015724/wav2vec_project/outputs/IEMOCAP_features/Ses04F_impro06_F010_features.pt,sad
/scratch/users/k24015724/wav2vec_project/outputs/IEMOCAP_features/Ses04F_impro06_M000_features.pt,sad
/scratch/users/k24015724/wav2vec_project/outputs/IEMOCAP_features/Ses04F_impro06_M001_features.pt,sad
/scratch/users/k24015724/wav2vec_project/outputs/IEMOCAP_features/Ses04F_impro06_M002_features.pt,sad
/scratch/users/k24015724/wav2vec_project/outputs/IEMOCAP_features/Ses04F_impro06_M003_features.pt,sad
/scratch/users/k24015724/wav2vec_project/outputs/IEMOCAP_features/Ses04F_impro06_M004_features.pt,neu
/scratch/users/k24015724/wav2vec_project/outputs/IEMOCAP_features/Ses04F_impro06_M005_features.pt,sad
/scratch/users/k24015724/wav2vec_project/outputs/IEMOCAP_features/Ses04F_impro06_M006_features.pt,neu
/scratch/users/k24015724/wav2vec_project/outputs/IEMOCAP_features/Ses04F_impro06_M007_features.pt,neu
/scratch/users/k24015724/wav2vec_project/outputs/IEMOCAP_features/Ses04F_impro06_M008_features.pt,sad
/scratch/users/k24015724/wav2vec_project/outputs/IEMOCAP_features/Ses04F_impro06_M009_features.pt,sad
/scratch/users/k24015724/wav2vec_project/outputs/IEMOCAP_features/Ses04F_impro06_M010_features.pt,sad
/scratch/users/k24015724/wav2vec_project/outputs/IEMOCAP_features/Ses04F_impro06_M011_features.pt,sad
/scratch/users/k24015724/wav2vec_project/outputs/IEMOCAP_features/Ses04F_impro06_M012_features.pt,neu
/scratch/users/k24015724/wav2vec_project/outputs/IEMOCAP_features/Ses04F_impro06_M013_features.pt,sad
/scratch/users/k24015724/wav2vec_project/outputs/IEMOCAP_features/Ses04F_impro06_M014_features.pt,sad
/scratch/users/k24015724/wav2vec_project/outputs/IEMOCAP_features/Ses04F_impro07_M000_features.pt,neu
/scratch/users/k24015724/wav2vec_project/outputs/IEMOCAP_features/Ses04F_impro07_M009_features.pt,neu
/scratch/users/k24015724/wav2vec_project/outputs/IEMOCAP_features/Ses04F_impro07_M013_features.pt,neu
/scratch/users/k24015724/wav2vec_project/outputs/IEMOCAP_features/Ses04F_impro07_M016_features.pt,neu
/scratch/users/k24015724/wav2vec_project/outputs/IEMOCAP_features/Ses04F_impro07_M017_features.pt,neu
/scratch/users/k24015724/wav2vec_project/outputs/IEMOCAP_features/Ses04F_impro07_M018_features.pt,neu
/scratch/users/k24015724/wav2vec_project/outputs/IEMOCAP_features/Ses04F_impro07_M019_features.pt,neu
/scratch/users/k24015724/wav2vec_project/outputs/IEMOCAP_features/Ses04F_impro07_M020_features.pt,neu
/scratch/users/k24015724/wav2vec_project/outputs/IEMOCAP_features/Ses04F_impro07_M021_features.pt,neu
/scratch/users/k24015724/wav2vec_project/outputs/IEMOCAP_features/Ses04F_impro07_M022_features.pt,neu
/scratch/users/k24015724/wav2vec_project/outputs/IEMOCAP_features/Ses04F_impro07_M023_features.pt,neu
/scratch/users/k24015724/wav2vec_project/outputs/IEMOCAP_features/Ses04F_impro07_M026_features.pt,neu
/scratch/users/k24015724/wav2vec_project/outputs/IEMOCAP_features/Ses04F_impro07_M031_features.pt,neu
/scratch/users/k24015724/wav2vec_project/outputs/IEMOCAP_features/Ses04F_impro07_M032_features.pt,neu
/scratch/users/k24015724/wav2vec_project/outputs/IEMOCAP_features/Ses04F_impro07_M033_features.pt,neu
/scratch/users/k24015724/wav2vec_project/outputs/IEMOCAP_features/Ses04F_impro07_M035_features.pt,neu
/scratch/users/k24015724/wav2vec_project/outputs/IEMOCAP_features/Ses04F_impro07_M044_features.pt,neu
/scratch/users/k24015724/wav2vec_project/outputs/IEMOCAP_features/Ses04F_impro07_M051_features.pt,neu
/scratch/users/k24015724/wav2vec_project/outputs/IEMOCAP_features/Ses04F_impro07_M057_features.pt,neu
/scratch/users/k24015724/wav2vec_project/outputs/IEMOCAP_features/Ses04F_impro07_M058_features.pt,neu
/scratch/users/k24015724/wav2vec_project/outputs/IEMOCAP_features/Ses04F_impro07_M059_features.pt,neu
/scratch/users/k24015724/wav2vec_project/outputs/IEMOCAP_features/Ses04F_impro07_M060_features.pt,neu
/scratch/users/k24015724/wav2vec_project/outputs/IEMOCAP_features/Ses04F_impro07_M061_features.pt,neu
/scratch/users/k24015724/wav2vec_project/outputs/IEMOCAP_features/Ses04F_impro07_M062_features.pt,neu
/scratch/users/k24015724/wav2vec_project/outputs/IEMOCAP_features/Ses04F_impro07_M063_features.pt,neu
/scratch/users/k24015724/wav2vec_project/outputs/IEMOCAP_features/Ses04F_impro07_M064_features.pt,neu
/scratch/users/k24015724/wav2vec_project/outputs/IEMOCAP_features/Ses04F_impro07_M066_features.pt,neu
/scratch/users/k24015724/wav2vec_project/outputs/IEMOCAP_features/Ses04F_impro07_M067_features.pt,neu
/scratch/users/k24015724/wav2vec_project/outputs/IEMOCAP_features/Ses04F_impro07_M071_features.pt,neu
/scratch/users/k24015724/wav2vec_project/outputs/IEMOCAP_features/Ses04F_impro07_M072_features.pt,neu
/scratch/users/k24015724/wav2vec_project/outputs/IEMOCAP_features/Ses04F_impro07_M073_features.pt,neu
/scratch/users/k24015724/wav2vec_project/outputs/IEMOCAP_features/Ses04F_impro07_M076_features.pt,neu
/scratch/users/k24015724/wav2vec_project/outputs/IEMOCAP_features/Ses04F_impro07_M077_features.pt,neu
/scratch/users/k24015724/wav2vec_project/outputs/IEMOCAP_features/Ses04F_impro07_M079_features.pt,neu
/scratch/users/k24015724/wav2vec_project/outputs/IEMOCAP_features/Ses04F_impro07_M080_features.pt,neu
/scratch/users/k24015724/wav2vec_project/outputs/IEMOCAP_features/Ses04F_impro07_M082_features.pt,neu
/scratch/users/k24015724/wav2vec_project/outputs/IEMOCAP_features/Ses04F_impro08_F000_features.pt,hap
/scratch/users/k24015724/wav2vec_project/outputs/IEMOCAP_features/Ses04F_impro08_F001_features.pt,neu
/scratch/users/k24015724/wav2vec_project/outputs/IEMOCAP_features/Ses04F_impro08_F002_features.pt,neu
/scratch/users/k24015724/wav2vec_project/outputs/IEMOCAP_features/Ses04F_impro08_F003_features.pt,fru
/scratch/users/k24015724/wav2vec_project/outputs/IEMOCAP_features/Ses04F_impro08_F004_features.pt,neu
/scratch/users/k24015724/wav2vec_project/outputs/IEMOCAP_features/Ses04F_impro08_F005_features.pt,neu
/scratch/users/k24015724/wav2vec_project/outputs/IEMOCAP_features/Ses04F_impro08_F006_features.pt,neu
/scratch/users/k24015724/wav2vec_project/outputs/IEMOCAP_features/Ses04F_impro08_F007_features.pt,fru
/scratch/users/k24015724/wav2vec_project/outputs/IEMOCAP_features/Ses04F_impro08_F008_features.pt,neu
/scratch/users/k24015724/wav2vec_project/outputs/IEMOCAP_features/Ses04F_impro08_F009_features.pt,neu
/scratch/users/k24015724/wav2vec_project/outputs/IEMOCAP_features/Ses04F_impro08_F010_features.pt,fru
/scratch/users/k24015724/wav2vec_project/outputs/IEMOCAP_features/Ses04F_impro08_F012_features.pt,fru
/scratch/users/k24015724/wav2vec_project/outputs/IEMOCAP_features/Ses04F_impro08_F013_features.pt,fru
/scratch/users/k24015724/wav2vec_project/outputs/IEMOCAP_features/Ses04F_impro08_F014_features.pt,fru
/scratch/users/k24015724/wav2vec_project/outputs/IEMOCAP_features/Ses04F_impro08_F015_features.pt,fru
/scratch/users/k24015724/wav2vec_project/outputs/IEMOCAP_features/Ses04F_impro08_F017_features.pt,fru
/scratch/users/k24015724/wav2vec_project/outputs/IEMOCAP_features/Ses04F_impro08_F018_features.pt,fru
/scratch/users/k24015724/wav2vec_project/outputs/IEMOCAP_features/Ses04F_impro08_F019_features.pt,fru
/scratch/users/k24015724/wav2vec_project/outputs/IEMOCAP_features/Ses04F_impro08_F020_features.pt,fru
/scratch/users/k24015724/wav2vec_project/outputs/IEMOCAP_features/Ses04F_impro08_F023_features.pt,ang
/scratch/users/k24015724/wav2vec_project/outputs/IEMOCAP_features/Ses04F_impro08_F024_features.pt,fru
/scratch/users/k24015724/wav2vec_project/outputs/IEMOCAP_features/Ses04F_impro08_F025_features.pt,fru
/scratch/users/k24015724/wav2vec_project/outputs/IEMOCAP_features/Ses04F_impro08_M000_features.pt,fru
/scratch/users/k24015724/wav2vec_project/outputs/IEMOCAP_features/Ses04F_impro08_M001_features.pt,neu
/scratch/users/k24015724/wav2vec_project/outputs/IEMOCAP_features/Ses04F_impro08_M002_features.pt,fru
/scratch/users/k24015724/wav2vec_project/outputs/IEMOCAP_features/Ses04F_impro08_M003_features.pt,fru
/scratch/users/k24015724/wav2vec_project/outputs/IEMOCAP_features/Ses04F_impro08_M005_features.pt,fru
/scratch/users/k24015724/wav2vec_project/outputs/IEMOCAP_features/Ses04F_impro08_M007_features.pt,fru
/scratch/users/k24015724/wav2vec_project/outputs/IEMOCAP_features/Ses04F_impro08_M008_features.pt,fru
/scratch/users/k24015724/wav2vec_project/outputs/IEMOCAP_features/Ses04F_impro08_M012_features.pt,neu
/scratch/users/k24015724/wav2vec_project/outputs/IEMOCAP_features/Ses04F_impro08_M013_features.pt,ang
/scratch/users/k24015724/wav2vec_project/outputs/IEMOCAP_features/Ses04F_impro08_M014_features.pt,ang
/scratch/users/k24015724/wav2vec_project/outputs/IEMOCAP_features/Ses04F_impro08_M015_features.pt,ang
/scratch/users/k24015724/wav2vec_project/outputs/IEMOCAP_features/Ses04F_impro08_M016_features.pt,ang
/scratch/users/k24015724/wav2vec_project/outputs/IEMOCAP_features/Ses04F_impro08_M017_features.pt,ang
/scratch/users/k24015724/wav2vec_project/outputs/IEMOCAP_features/Ses04F_impro08_M018_features.pt,ang
/scratch/users/k24015724/wav2vec_project/outputs/IEMOCAP_features/Ses04F_impro08_M019_features.pt,ang
/scratch/users/k24015724/wav2vec_project/outputs/IEMOCAP_features/Ses04F_impro08_M020_features.pt,fru
/scratch/users/k24015724/wav2vec_project/outputs/IEMOCAP_features/Ses04F_impro08_M022_features.pt,ang
/scratch/users/k24015724/wav2vec_project/outputs/IEMOCAP_features/Ses04F_impro08_M023_features.pt,ang
/scratch/users/k24015724/wav2vec_project/outputs/IEMOCAP_features/Ses04F_impro08_M024_features.pt,ang
/scratch/users/k24015724/wav2vec_project/outputs/IEMOCAP_features/Ses04F_impro08_M025_features.pt,fru
/scratch/users/k24015724/wav2vec_project/outputs/IEMOCAP_features/Ses04F_impro08_M026_features.pt,fru
/scratch/users/k24015724/wav2vec_project/outputs/IEMOCAP_features/Ses04F_impro08_M027_features.pt,fru
/scratch/users/k24015724/wav2vec_project/outputs/IEMOCAP_features/Ses04F_impro08_M028_features.pt,fru
/scratch/users/k24015724/wav2vec_project/outputs/IEMOCAP_features/Ses04F_impro08_M029_features.pt,fru
/scratch/users/k24015724/wav2vec_project/outputs/IEMOCAP_features/Ses04F_impro08_M030_features.pt,fru
/scratch/users/k24015724/wav2vec_project/outputs/IEMOCAP_features/Ses04F_script01_1_F004_features.pt,sad
/scratch/users/k24015724/wav2vec_project/outputs/IEMOCAP_features/Ses04F_script01_1_F006_features.pt,fru
/scratch/users/k24015724/wav2vec_project/outputs/IEMOCAP_features/Ses04F_script01_1_F011_features.pt,ang
/scratch/users/k24015724/wav2vec_project/outputs/IEMOCAP_features/Ses04F_script01_1_F012_features.pt,ang
/scratch/users/k24015724/wav2vec_project/outputs/IEMOCAP_features/Ses04F_script01_1_F013_features.pt,ang
/scratch/users/k24015724/wav2vec_project/outputs/IEMOCAP_features/Ses04F_script01_1_F014_features.pt,ang
/scratch/users/k24015724/wav2vec_project/outputs/IEMOCAP_features/Ses04F_script01_1_F015_features.pt,ang
/scratch/users/k24015724/wav2vec_project/outputs/IEMOCAP_features/Ses04F_script01_1_F018_features.pt,neu
/scratch/users/k24015724/wav2vec_project/outputs/IEMOCAP_features/Ses04F_script01_1_F019_features.pt,ang
/scratch/users/k24015724/wav2vec_project/outputs/IEMOCAP_features/Ses04F_script01_1_F021_features.pt,fru
/scratch/users/k24015724/wav2vec_project/outputs/IEMOCAP_features/Ses04F_script01_1_F022_features.pt,ang
/scratch/users/k24015724/wav2vec_project/outputs/IEMOCAP_features/Ses04F_script01_1_F023_features.pt,ang
/scratch/users/k24015724/wav2vec_project/outputs/IEMOCAP_features/Ses04F_script01_1_F024_features.pt,ang
/scratch/users/k24015724/wav2vec_project/outputs/IEMOCAP_features/Ses04F_script01_1_F025_features.pt,neu
/scratch/users/k24015724/wav2vec_project/outputs/IEMOCAP_features/Ses04F_script01_1_F027_features.pt,fru
/scratch/users/k24015724/wav2vec_project/outputs/IEMOCAP_features/Ses04F_script01_1_F028_features.pt,fru
/scratch/users/k24015724/wav2vec_project/outputs/IEMOCAP_features/Ses04F_script01_1_F029_features.pt,ang
/scratch/users/k24015724/wav2vec_project/outputs/IEMOCAP_features/Ses04F_script01_1_F030_features.pt,ang
/scratch/users/k24015724/wav2vec_project/outputs/IEMOCAP_features/Ses04F_script01_1_F031_features.pt,fru
/scratch/users/k24015724/wav2vec_project/outputs/IEMOCAP_features/Ses04F_script01_1_F032_features.pt,ang
/scratch/users/k24015724/wav2vec_project/outputs/IEMOCAP_features/Ses04F_script01_1_F035_features.pt,ang
/scratch/users/k24015724/wav2vec_project/outputs/IEMOCAP_features/Ses04F_script01_1_F036_features.pt,ang
/scratch/users/k24015724/wav2vec_project/outputs/IEMOCAP_features/Ses04F_script01_1_F037_features.pt,ang
/scratch/users/k24015724/wav2vec_project/outputs/IEMOCAP_features/Ses04F_script01_1_F038_features.pt,fru
/scratch/users/k24015724/wav2vec_project/outputs/IEMOCAP_features/Ses04F_script01_1_F040_features.pt,ang
/scratch/users/k24015724/wav2vec_project/outputs/IEMOCAP_features/Ses04F_script01_1_F041_features.pt,ang
/scratch/users/k24015724/wav2vec_project/outputs/IEMOCAP_features/Ses04F_script01_1_F042_features.pt,ang
/scratch/users/k24015724/wav2vec_project/outputs/IEMOCAP_features/Ses04F_script01_1_F044_features.pt,ang
/scratch/users/k24015724/wav2vec_project/outputs/IEMOCAP_features/Ses04F_script01_1_M000_features.pt,neu
/scratch/users/k24015724/wav2vec_project/outputs/IEMOCAP_features/Ses04F_script01_1_M004_features.pt,sad
/scratch/users/k24015724/wav2vec_project/outputs/IEMOCAP_features/Ses04F_script01_1_M005_features.pt,sad
/scratch/users/k24015724/wav2vec_project/outputs/IEMOCAP_features/Ses04F_script01_1_M007_features.pt,fru
/scratch/users/k24015724/wav2vec_project/outputs/IEMOCAP_features/Ses04F_script01_1_M008_features.pt,fru
/scratch/users/k24015724/wav2vec_project/outputs/IEMOCAP_features/Ses04F_script01_1_M009_features.pt,ang
/scratch/users/k24015724/wav2vec_project/outputs/IEMOCAP_features/Ses04F_script01_1_M010_features.pt,ang
/scratch/users/k24015724/wav2vec_project/outputs/IEMOCAP_features/Ses04F_script01_1_M012_features.pt,ang
/scratch/users/k24015724/wav2vec_project/outputs/IEMOCAP_features/Ses04F_script01_1_M013_features.pt,ang
/scratch/users/k24015724/wav2vec_project/outputs/IEMOCAP_features/Ses04F_script01_1_M014_features.pt,fru
/scratch/users/k24015724/wav2vec_project/outputs/IEMOCAP_features/Ses04F_script01_1_M015_features.pt,fru
/scratch/users/k24015724/wav2vec_project/outputs/IEMOCAP_features/Ses04F_script01_1_M016_features.pt,neu
/scratch/users/k24015724/wav2vec_project/outputs/IEMOCAP_features/Ses04F_script01_1_M017_features.pt,neu
/scratch/users/k24015724/wav2vec_project/outputs/IEMOCAP_features/Ses04F_script01_1_M018_features.pt,fru
/scratch/users/k24015724/wav2vec_project/outputs/IEMOCAP_features/Ses04F_script01_1_M019_features.pt,fru
/scratch/users/k24015724/wav2vec_project/outputs/IEMOCAP_features/Ses04F_script01_1_M020_features.pt,ang
/scratch/users/k24015724/wav2vec_project/outputs/IEMOCAP_features/Ses04F_script01_1_M021_features.pt,ang
/scratch/users/k24015724/wav2vec_project/outputs/IEMOCAP_features/Ses04F_script01_1_M022_features.pt,ang
/scratch/users/k24015724/wav2vec_project/outputs/IEMOCAP_features/Ses04F_script01_1_M023_features.pt,fru
/scratch/users/k24015724/wav2vec_project/outputs/IEMOCAP_features/Ses04F_script01_1_M024_features.pt,fru
/scratch/users/k24015724/wav2vec_project/outputs/IEMOCAP_features/Ses04F_script01_1_M025_features.pt,ang
/scratch/users/k24015724/wav2vec_project/outputs/IEMOCAP_features/Ses04F_script01_1_M026_features.pt,sad
/scratch/users/k24015724/wav2vec_project/outputs/IEMOCAP_features/Ses04F_script01_1_M027_features.pt,fru
/scratch/users/k24015724/wav2vec_project/outputs/IEMOCAP_features/Ses04F_script01_1_M028_features.pt,ang
/scratch/users/k24015724/wav2vec_project/outputs/IEMOCAP_features/Ses04F_script01_1_M029_features.pt,ang
/scratch/users/k24015724/wav2vec_project/outputs/IEMOCAP_features/Ses04F_script01_1_M030_features.pt,ang
/scratch/users/k24015724/wav2vec_project/outputs/IEMOCAP_features/Ses04F_script01_1_M032_features.pt,sad
/scratch/users/k24015724/wav2vec_project/outputs/IEMOCAP_features/Ses04F_script01_1_M034_features.pt,ang
/scratch/users/k24015724/wav2vec_project/outputs/IEMOCAP_features/Ses04F_script01_1_M035_features.pt,fru
/scratch/users/k24015724/wav2vec_project/outputs/IEMOCAP_features/Ses04F_script01_1_M038_features.pt,ang
/scratch/users/k24015724/wav2vec_project/outputs/IEMOCAP_features/Ses04F_script01_1_M039_features.pt,fru
/scratch/users/k24015724/wav2vec_project/outputs/IEMOCAP_features/Ses04F_script01_1_M040_features.pt,fru
/scratch/users/k24015724/wav2vec_project/outputs/IEMOCAP_features/Ses04F_script01_1_M042_features.pt,fru
/scratch/users/k24015724/wav2vec_project/outputs/IEMOCAP_features/Ses04F_script01_1_M043_features.pt,fru
/scratch/users/k24015724/wav2vec_project/outputs/IEMOCAP_features/Ses04F_script01_2_F000_features.pt,ang
/scratch/users/k24015724/wav2vec_project/outputs/IEMOCAP_features/Ses04F_script01_2_F001_features.pt,ang
/scratch/users/k24015724/wav2vec_project/outputs/IEMOCAP_features/Ses04F_script01_2_F002_features.pt,fru
/scratch/users/k24015724/wav2vec_project/outputs/IEMOCAP_features/Ses04F_script01_2_F005_features.pt,ang
/scratch/users/k24015724/wav2vec_project/outputs/IEMOCAP_features/Ses04F_script01_2_F006_features.pt,ang
/scratch/users/k24015724/wav2vec_project/outputs/IEMOCAP_features/Ses04F_script01_2_F007_features.pt,ang
/scratch/users/k24015724/wav2vec_project/outputs/IEMOCAP_features/Ses04F_script01_2_F008_features.pt,ang
/scratch/users/k24015724/wav2vec_project/outputs/IEMOCAP_features/Ses04F_script01_2_F009_features.pt,ang
/scratch/users/k24015724/wav2vec_project/outputs/IEMOCAP_features/Ses04F_script01_2_F010_features.pt,ang
/scratch/users/k24015724/wav2vec_project/outputs/IEMOCAP_features/Ses04F_script01_2_F011_features.pt,fru
/scratch/users/k24015724/wav2vec_project/outputs/IEMOCAP_features/Ses04F_script01_2_F012_features.pt,fru
/scratch/users/k24015724/wav2vec_project/outputs/IEMOCAP_features/Ses04F_script01_2_F014_features.pt,fru
/scratch/users/k24015724/wav2vec_project/outputs/IEMOCAP_features/Ses04F_script01_2_F016_features.pt,ang
/scratch/users/k24015724/wav2vec_project/outputs/IEMOCAP_features/Ses04F_script01_2_F017_features.pt,fru
/scratch/users/k24015724/wav2vec_project/outputs/IEMOCAP_features/Ses04F_script01_2_F018_features.pt,fru
/scratch/users/k24015724/wav2vec_project/outputs/IEMOCAP_features/Ses04F_script01_2_F019_features.pt,fru
/scratch/users/k24015724/wav2vec_project/outputs/IEMOCAP_features/Ses04F_script01_2_F020_features.pt,fru
/scratch/users/k24015724/wav2vec_project/outputs/IEMOCAP_features/Ses04F_script01_2_F021_features.pt,fru
/scratch/users/k24015724/wav2vec_project/outputs/IEMOCAP_features/Ses04F_script01_2_M000_features.pt,neu
/scratch/users/k24015724/wav2vec_project/outputs/IEMOCAP_features/Ses04F_script01_2_M001_features.pt,neu
/scratch/users/k24015724/wav2vec_project/outputs/IEMOCAP_features/Ses04F_script01_2_M004_features.pt,neu
/scratch/users/k24015724/wav2vec_project/outputs/IEMOCAP_features/Ses04F_script01_2_M006_features.pt,fru
/scratch/users/k24015724/wav2vec_project/outputs/IEMOCAP_features/Ses04F_script01_2_M007_features.pt,neu
/scratch/users/k24015724/wav2vec_project/outputs/IEMOCAP_features/Ses04F_script01_2_M008_features.pt,neu
/scratch/users/k24015724/wav2vec_project/outputs/IEMOCAP_features/Ses04F_script01_2_M009_features.pt,fru
/scratch/users/k24015724/wav2vec_project/outputs/IEMOCAP_features/Ses04F_script01_2_M010_features.pt,fru
/scratch/users/k24015724/wav2vec_project/outputs/IEMOCAP_features/Ses04F_script01_2_M011_features.pt,fru
/scratch/users/k24015724/wav2vec_project/outputs/IEMOCAP_features/Ses04F_script01_2_M012_features.pt,fru
/scratch/users/k24015724/wav2vec_project/outputs/IEMOCAP_features/Ses04F_script01_2_M013_features.pt,fru
/scratch/users/k24015724/wav2vec_project/outputs/IEMOCAP_features/Ses04F_script01_2_M014_features.pt,fru
/scratch/users/k24015724/wav2vec_project/outputs/IEMOCAP_features/Ses04F_script01_2_M015_features.pt,fru
/scratch/users/k24015724/wav2vec_project/outputs/IEMOCAP_features/Ses04F_script01_2_M016_features.pt,fru
/scratch/users/k24015724/wav2vec_project/outputs/IEMOCAP_features/Ses04F_script01_2_M017_features.pt,ang
/scratch/users/k24015724/wav2vec_project/outputs/IEMOCAP_features/Ses04F_script01_2_M018_features.pt,fru
/scratch/users/k24015724/wav2vec_project/outputs/IEMOCAP_features/Ses04F_script01_3_F009_features.pt,hap
/scratch/users/k24015724/wav2vec_project/outputs/IEMOCAP_features/Ses04F_script01_3_F010_features.pt,hap
/scratch/users/k24015724/wav2vec_project/outputs/IEMOCAP_features/Ses04F_script01_3_F012_features.pt,hap
/scratch/users/k24015724/wav2vec_project/outputs/IEMOCAP_features/Ses04F_script01_3_F013_features.pt,hap
/scratch/users/k24015724/wav2vec_project/outputs/IEMOCAP_features/Ses04F_script01_3_F014_features.pt,hap
/scratch/users/k24015724/wav2vec_project/outputs/IEMOCAP_features/Ses04F_script01_3_F015_features.pt,hap
/scratch/users/k24015724/wav2vec_project/outputs/IEMOCAP_features/Ses04F_script01_3_F023_features.pt,neu
/scratch/users/k24015724/wav2vec_project/outputs/IEMOCAP_features/Ses04F_script01_3_F024_features.pt,sad
/scratch/users/k24015724/wav2vec_project/outputs/IEMOCAP_features/Ses04F_script01_3_F030_features.pt,hap
/scratch/users/k24015724/wav2vec_project/outputs/IEMOCAP_features/Ses04F_script01_3_M004_features.pt,ang
/scratch/users/k24015724/wav2vec_project/outputs/IEMOCAP_features/Ses04F_script01_3_M008_features.pt,neu
/scratch/users/k24015724/wav2vec_project/outputs/IEMOCAP_features/Ses04F_script01_3_M009_features.pt,hap
/scratch/users/k24015724/wav2vec_project/outputs/IEMOCAP_features/Ses04F_script01_3_M010_features.pt,hap
/scratch/users/k24015724/wav2vec_project/outputs/IEMOCAP_features/Ses04F_script01_3_M011_features.pt,hap
/scratch/users/k24015724/wav2vec_project/outputs/IEMOCAP_features/Ses04F_script01_3_M014_features.pt,neu
/scratch/users/k24015724/wav2vec_project/outputs/IEMOCAP_features/Ses04F_script01_3_M018_features.pt,hap
/scratch/users/k24015724/wav2vec_project/outputs/IEMOCAP_features/Ses04F_script01_3_M019_features.pt,hap
/scratch/users/k24015724/wav2vec_project/outputs/IEMOCAP_features/Ses04F_script01_3_M020_features.pt,hap
/scratch/users/k24015724/wav2vec_project/outputs/IEMOCAP_features/Ses04F_script01_3_M023_features.pt,sad
/scratch/users/k24015724/wav2vec_project/outputs/IEMOCAP_features/Ses04F_script01_3_M024_features.pt,sad
/scratch/users/k24015724/wav2vec_project/outputs/IEMOCAP_features/Ses04F_script01_3_M025_features.pt,fru
/scratch/users/k24015724/wav2vec_project/outputs/IEMOCAP_features/Ses04F_script01_3_M026_features.pt,sad
/scratch/users/k24015724/wav2vec_project/outputs/IEMOCAP_features/Ses04F_script01_3_M027_features.pt,sad
/scratch/users/k24015724/wav2vec_project/outputs/IEMOCAP_features/Ses04F_script01_3_M028_features.pt,sad
/scratch/users/k24015724/wav2vec_project/outputs/IEMOCAP_features/Ses04F_script01_3_M029_features.pt,sad
/scratch/users/k24015724/wav2vec_project/outputs/IEMOCAP_features/Ses04F_script01_3_M030_features.pt,sad
/scratch/users/k24015724/wav2vec_project/outputs/IEMOCAP_features/Ses04F_script01_3_M031_features.pt,sad
/scratch/users/k24015724/wav2vec_project/outputs/IEMOCAP_features/Ses04F_script01_3_M032_features.pt,sad
/scratch/users/k24015724/wav2vec_project/outputs/IEMOCAP_features/Ses04F_script01_3_M033_features.pt,sad
/scratch/users/k24015724/wav2vec_project/outputs/IEMOCAP_features/Ses04F_script01_3_M034_features.pt,sad
/scratch/users/k24015724/wav2vec_project/outputs/IEMOCAP_features/Ses04F_script01_3_M035_features.pt,sad
/scratch/users/k24015724/wav2vec_project/outputs/IEMOCAP_features/Ses04F_script01_3_M036_features.pt,sad
/scratch/users/k24015724/wav2vec_project/outputs/IEMOCAP_features/Ses04F_script01_3_M039_features.pt,sad
/scratch/users/k24015724/wav2vec_project/outputs/IEMOCAP_features/Ses04F_script01_3_M040_features.pt,sad
/scratch/users/k24015724/wav2vec_project/outputs/IEMOCAP_features/Ses04F_script01_3_M041_features.pt,sad
/scratch/users/k24015724/wav2vec_project/outputs/IEMOCAP_features/Ses04F_script01_3_M043_features.pt,sad
/scratch/users/k24015724/wav2vec_project/outputs/IEMOCAP_features/Ses04F_script01_3_M044_features.pt,sad
/scratch/users/k24015724/wav2vec_project/outputs/IEMOCAP_features/Ses04F_script01_3_M045_features.pt,sad
/scratch/users/k24015724/wav2vec_project/outputs/IEMOCAP_features/Ses04F_script01_3_M047_features.pt,hap
/scratch/users/k24015724/wav2vec_project/outputs/IEMOCAP_features/Ses04F_script02_1_F000_features.pt,neu
/scratch/users/k24015724/wav2vec_project/outputs/IEMOCAP_features/Ses04F_script02_1_F002_features.pt,fru
/scratch/users/k24015724/wav2vec_project/outputs/IEMOCAP_features/Ses04F_script02_1_F007_features.pt,ang
/scratch/users/k24015724/wav2vec_project/outputs/IEMOCAP_features/Ses04F_script02_1_F008_features.pt,ang
/scratch/users/k24015724/wav2vec_project/outputs/IEMOCAP_features/Ses04F_script02_1_F009_features.pt,fru
/scratch/users/k24015724/wav2vec_project/outputs/IEMOCAP_features/Ses04F_script02_1_F010_features.pt,fru
/scratch/users/k24015724/wav2vec_project/outputs/IEMOCAP_features/Ses04F_script02_1_F011_features.pt,fru
/scratch/users/k24015724/wav2vec_project/outputs/IEMOCAP_features/Ses04F_script02_1_F012_features.pt,ang
/scratch/users/k24015724/wav2vec_project/outputs/IEMOCAP_features/Ses04F_script02_1_F013_features.pt,ang
/scratch/users/k24015724/wav2vec_project/outputs/IEMOCAP_features/Ses04F_script02_1_F014_features.pt,ang
/scratch/users/k24015724/wav2vec_project/outputs/IEMOCAP_features/Ses04F_script02_1_F015_features.pt,fru
/scratch/users/k24015724/wav2vec_project/outputs/IEMOCAP_features/Ses04F_script02_1_F016_features.pt,ang
/scratch/users/k24015724/wav2vec_project/outputs/IEMOCAP_features/Ses04F_script02_1_F017_features.pt,ang
/scratch/users/k24015724/wav2vec_project/outputs/IEMOCAP_features/Ses04F_script02_1_F019_features.pt,ang
/scratch/users/k24015724/wav2vec_project/outputs/IEMOCAP_features/Ses04F_script02_1_F020_features.pt,fru
/scratch/users/k24015724/wav2vec_project/outputs/IEMOCAP_features/Ses04F_script02_1_F021_features.pt,ang
/scratch/users/k24015724/wav2vec_project/outputs/IEMOCAP_features/Ses04F_script02_1_F022_features.pt,ang
/scratch/users/k24015724/wav2vec_project/outputs/IEMOCAP_features/Ses04F_script02_1_M000_features.pt,hap
/scratch/users/k24015724/wav2vec_project/outputs/IEMOCAP_features/Ses04F_script02_1_M004_features.pt,fru
/scratch/users/k24015724/wav2vec_project/outputs/IEMOCAP_features/Ses04F_script02_1_M005_features.pt,fru
/scratch/users/k24015724/wav2vec_project/outputs/IEMOCAP_features/Ses04F_script02_1_M007_features.pt,fru
/scratch/users/k24015724/wav2vec_project/outputs/IEMOCAP_features/Ses04F_script02_1_M008_features.pt,fru
/scratch/users/k24015724/wav2vec_project/outputs/IEMOCAP_features/Ses04F_script02_1_M010_features.pt,neu
/scratch/users/k24015724/wav2vec_project/outputs/IEMOCAP_features/Ses04F_script02_1_M011_features.pt,hap
/scratch/users/k24015724/wav2vec_project/outputs/IEMOCAP_features/Ses04F_script02_1_M015_features.pt,fru
/scratch/users/k24015724/wav2vec_project/outputs/IEMOCAP_features/Ses04F_script02_1_M016_features.pt,fru
/scratch/users/k24015724/wav2vec_project/outputs/IEMOCAP_features/Ses04F_script02_1_M017_features.pt,neu
/scratch/users/k24015724/wav2vec_project/outputs/IEMOCAP_features/Ses04F_script02_1_M018_features.pt,fru
/scratch/users/k24015724/wav2vec_project/outputs/IEMOCAP_features/Ses04F_script02_1_M020_features.pt,fru
/scratch/users/k24015724/wav2vec_project/outputs/IEMOCAP_features/Ses04F_script02_1_M022_features.pt,fru
/scratch/users/k24015724/wav2vec_project/outputs/IEMOCAP_features/Ses04F_script02_1_M024_features.pt,fru
/scratch/users/k24015724/wav2vec_project/outputs/IEMOCAP_features/Ses04F_script02_1_M025_features.pt,fru
/scratch/users/k24015724/wav2vec_project/outputs/IEMOCAP_features/Ses04F_script02_1_M027_features.pt,fru
/scratch/users/k24015724/wav2vec_project/outputs/IEMOCAP_features/Ses04F_script02_1_M029_features.pt,fru
/scratch/users/k24015724/wav2vec_project/outputs/IEMOCAP_features/Ses04F_script02_1_M030_features.pt,fru
/scratch/users/k24015724/wav2vec_project/outputs/IEMOCAP_features/Ses04F_script02_1_M031_features.pt,ang
/scratch/users/k24015724/wav2vec_project/outputs/IEMOCAP_features/Ses04F_script02_2_F002_features.pt,ang
/scratch/users/k24015724/wav2vec_project/outputs/IEMOCAP_features/Ses04F_script02_2_F005_features.pt,ang
/scratch/users/k24015724/wav2vec_project/outputs/IEMOCAP_features/Ses04F_script02_2_F006_features.pt,ang
/scratch/users/k24015724/wav2vec_project/outputs/IEMOCAP_features/Ses04F_script02_2_F007_features.pt,ang
/scratch/users/k24015724/wav2vec_project/outputs/IEMOCAP_features/Ses04F_script02_2_F008_features.pt,neu
/scratch/users/k24015724/wav2vec_project/outputs/IEMOCAP_features/Ses04F_script02_2_F009_features.pt,ang
/scratch/users/k24015724/wav2vec_project/outputs/IEMOCAP_features/Ses04F_script02_2_F010_features.pt,ang
/scratch/users/k24015724/wav2vec_project/outputs/IEMOCAP_features/Ses04F_script02_2_F011_features.pt,ang
/scratch/users/k24015724/wav2vec_project/outputs/IEMOCAP_features/Ses04F_script02_2_F014_features.pt,ang
/scratch/users/k24015724/wav2vec_project/outputs/IEMOCAP_features/Ses04F_script02_2_F015_features.pt,fru
/scratch/users/k24015724/wav2vec_project/outputs/IEMOCAP_features/Ses04F_script02_2_F016_features.pt,fru
/scratch/users/k24015724/wav2vec_project/outputs/IEMOCAP_features/Ses04F_script02_2_F019_features.pt,sad
/scratch/users/k24015724/wav2vec_project/outputs/IEMOCAP_features/Ses04F_script02_2_F020_features.pt,sad
/scratch/users/k24015724/wav2vec_project/outputs/IEMOCAP_features/Ses04F_script02_2_F021_features.pt,sad
/scratch/users/k24015724/wav2vec_project/outputs/IEMOCAP_features/Ses04F_script02_2_F022_features.pt,sad
/scratch/users/k24015724/wav2vec_project/outputs/IEMOCAP_features/Ses04F_script02_2_F023_features.pt,sad
/scratch/users/k24015724/wav2vec_project/outputs/IEMOCAP_features/Ses04F_script02_2_F024_features.pt,sad
/scratch/users/k24015724/wav2vec_project/outputs/IEMOCAP_features/Ses04F_script02_2_F025_features.pt,neu
/scratch/users/k24015724/wav2vec_project/outputs/IEMOCAP_features/Ses04F_script02_2_F026_features.pt,sad
/scratch/users/k24015724/wav2vec_project/outputs/IEMOCAP_features/Ses04F_script02_2_F027_features.pt,fru
/scratch/users/k24015724/wav2vec_project/outputs/IEMOCAP_features/Ses04F_script02_2_F028_features.pt,fru
/scratch/users/k24015724/wav2vec_project/outputs/IEMOCAP_features/Ses04F_script02_2_F029_features.pt,fru
/scratch/users/k24015724/wav2vec_project/outputs/IEMOCAP_features/Ses04F_script02_2_F030_features.pt,fru
/scratch/users/k24015724/wav2vec_project/outputs/IEMOCAP_features/Ses04F_script02_2_F031_features.pt,ang
/scratch/users/k24015724/wav2vec_project/outputs/IEMOCAP_features/Ses04F_script02_2_F033_features.pt,ang
/scratch/users/k24015724/wav2vec_project/outputs/IEMOCAP_features/Ses04F_script02_2_F034_features.pt,ang
/scratch/users/k24015724/wav2vec_project/outputs/IEMOCAP_features/Ses04F_script02_2_F037_features.pt,sad
/scratch/users/k24015724/wav2vec_project/outputs/IEMOCAP_features/Ses04F_script02_2_F038_features.pt,fru
/scratch/users/k24015724/wav2vec_project/outputs/IEMOCAP_features/Ses04F_script02_2_F039_features.pt,fru
/scratch/users/k24015724/wav2vec_project/outputs/IEMOCAP_features/Ses04F_script02_2_F040_features.pt,fru
/scratch/users/k24015724/wav2vec_project/outputs/IEMOCAP_features/Ses04F_script02_2_F041_features.pt,sad
/scratch/users/k24015724/wav2vec_project/outputs/IEMOCAP_features/Ses04F_script02_2_F043_features.pt,hap
/scratch/users/k24015724/wav2vec_project/outputs/IEMOCAP_features/Ses04F_script02_2_F044_features.pt,hap
/scratch/users/k24015724/wav2vec_project/outputs/IEMOCAP_features/Ses04F_script02_2_F045_features.pt,hap
/scratch/users/k24015724/wav2vec_project/outputs/IEMOCAP_features/Ses04F_script02_2_F046_features.pt,hap
/scratch/users/k24015724/wav2vec_project/outputs/IEMOCAP_features/Ses04F_script02_2_M000_features.pt,neu
/scratch/users/k24015724/wav2vec_project/outputs/IEMOCAP_features/Ses04F_script02_2_M006_features.pt,fru
/scratch/users/k24015724/wav2vec_project/outputs/IEMOCAP_features/Ses04F_script02_2_M007_features.pt,fru
/scratch/users/k24015724/wav2vec_project/outputs/IEMOCAP_features/Ses04F_script02_2_M008_features.pt,fru
/scratch/users/k24015724/wav2vec_project/outputs/IEMOCAP_features/Ses04F_script02_2_M010_features.pt,fru
/scratch/users/k24015724/wav2vec_project/outputs/IEMOCAP_features/Ses04F_script02_2_M011_features.pt,fru
/scratch/users/k24015724/wav2vec_project/outputs/IEMOCAP_features/Ses04F_script02_2_M012_features.pt,fru
/scratch/users/k24015724/wav2vec_project/outputs/IEMOCAP_features/Ses04F_script02_2_M013_features.pt,fru
/scratch/users/k24015724/wav2vec_project/outputs/IEMOCAP_features/Ses04F_script02_2_M014_features.pt,fru
/scratch/users/k24015724/wav2vec_project/outputs/IEMOCAP_features/Ses04F_script02_2_M015_features.pt,fru
/scratch/users/k24015724/wav2vec_project/outputs/IEMOCAP_features/Ses04F_script02_2_M016_features.pt,fru
/scratch/users/k24015724/wav2vec_project/outputs/IEMOCAP_features/Ses04F_script02_2_M019_features.pt,neu
/scratch/users/k24015724/wav2vec_project/outputs/IEMOCAP_features/Ses04F_script02_2_M020_features.pt,neu
/scratch/users/k24015724/wav2vec_project/outputs/IEMOCAP_features/Ses04F_script02_2_M023_features.pt,neu
/scratch/users/k24015724/wav2vec_project/outputs/IEMOCAP_features/Ses04F_script02_2_M025_features.pt,fru
/scratch/users/k24015724/wav2vec_project/outputs/IEMOCAP_features/Ses04F_script02_2_M026_features.pt,fru
/scratch/users/k24015724/wav2vec_project/outputs/IEMOCAP_features/Ses04F_script02_2_M027_features.pt,fru
/scratch/users/k24015724/wav2vec_project/outputs/IEMOCAP_features/Ses04F_script02_2_M028_features.pt,fru
/scratch/users/k24015724/wav2vec_project/outputs/IEMOCAP_features/Ses04F_script02_2_M029_features.pt,fru
/scratch/users/k24015724/wav2vec_project/outputs/IEMOCAP_features/Ses04F_script02_2_M031_features.pt,fru
/scratch/users/k24015724/wav2vec_project/outputs/IEMOCAP_features/Ses04F_script02_2_M032_features.pt,fru
/scratch/users/k24015724/wav2vec_project/outputs/IEMOCAP_features/Ses04F_script02_2_M033_features.pt,fru
/scratch/users/k24015724/wav2vec_project/outputs/IEMOCAP_features/Ses04F_script02_2_M034_features.pt,fru
/scratch/users/k24015724/wav2vec_project/outputs/IEMOCAP_features/Ses04F_script02_2_M039_features.pt,fru
/scratch/users/k24015724/wav2vec_project/outputs/IEMOCAP_features/Ses04F_script02_2_M040_features.pt,sad
/scratch/users/k24015724/wav2vec_project/outputs/IEMOCAP_features/Ses04F_script02_2_M041_features.pt,sad
/scratch/users/k24015724/wav2vec_project/outputs/IEMOCAP_features/Ses04F_script02_2_M043_features.pt,neu
/scratch/users/k24015724/wav2vec_project/outputs/IEMOCAP_features/Ses04F_script02_2_M044_features.pt,neu
/scratch/users/k24015724/wav2vec_project/outputs/IEMOCAP_features/Ses04F_script02_2_M047_features.pt,neu
/scratch/users/k24015724/wav2vec_project/outputs/IEMOCAP_features/Ses04F_script03_1_F012_features.pt,neu
/scratch/users/k24015724/wav2vec_project/outputs/IEMOCAP_features/Ses04F_script03_1_F017_features.pt,neu
/scratch/users/k24015724/wav2vec_project/outputs/IEMOCAP_features/Ses04F_script03_1_M009_features.pt,neu
/scratch/users/k24015724/wav2vec_project/outputs/IEMOCAP_features/Ses04F_script03_1_M017_features.pt,neu
/scratch/users/k24015724/wav2vec_project/outputs/IEMOCAP_features/Ses04F_script03_1_M027_features.pt,neu
/scratch/users/k24015724/wav2vec_project/outputs/IEMOCAP_features/Ses04F_script03_1_M028_features.pt,neu
/scratch/users/k24015724/wav2vec_project/outputs/IEMOCAP_features/Ses04F_script03_1_M029_features.pt,neu
/scratch/users/k24015724/wav2vec_project/outputs/IEMOCAP_features/Ses04F_script03_1_M030_features.pt,neu
/scratch/users/k24015724/wav2vec_project/outputs/IEMOCAP_features/Ses04F_script03_1_M031_features.pt,neu
/scratch/users/k24015724/wav2vec_project/outputs/IEMOCAP_features/Ses04F_script03_2_F005_features.pt,ang
/scratch/users/k24015724/wav2vec_project/outputs/IEMOCAP_features/Ses04F_script03_2_F008_features.pt,fru
/scratch/users/k24015724/wav2vec_project/outputs/IEMOCAP_features/Ses04F_script03_2_F009_features.pt,fru
/scratch/users/k24015724/wav2vec_project/outputs/IEMOCAP_features/Ses04F_script03_2_F012_features.pt,ang
/scratch/users/k24015724/wav2vec_project/outputs/IEMOCAP_features/Ses04F_script03_2_F013_features.pt,ang
/scratch/users/k24015724/wav2vec_project/outputs/IEMOCAP_features/Ses04F_script03_2_F014_features.pt,ang
/scratch/users/k24015724/wav2vec_project/outputs/IEMOCAP_features/Ses04F_script03_2_F015_features.pt,fru
/scratch/users/k24015724/wav2vec_project/outputs/IEMOCAP_features/Ses04F_script03_2_F016_features.pt,fru
/scratch/users/k24015724/wav2vec_project/outputs/IEMOCAP_features/Ses04F_script03_2_F017_features.pt,fru
/scratch/users/k24015724/wav2vec_project/outputs/IEMOCAP_features/Ses04F_script03_2_F019_features.pt,ang
/scratch/users/k24015724/wav2vec_project/outputs/IEMOCAP_features/Ses04F_script03_2_F020_features.pt,ang
/scratch/users/k24015724/wav2vec_project/outputs/IEMOCAP_features/Ses04F_script03_2_F021_features.pt,ang
/scratch/users/k24015724/wav2vec_project/outputs/IEMOCAP_features/Ses04F_script03_2_F022_features.pt,ang
/scratch/users/k24015724/wav2vec_project/outputs/IEMOCAP_features/Ses04F_script03_2_F023_features.pt,ang
/scratch/users/k24015724/wav2vec_project/outputs/IEMOCAP_features/Ses04F_script03_2_F024_features.pt,ang
/scratch/users/k24015724/wav2vec_project/outputs/IEMOCAP_features/Ses04F_script03_2_F025_features.pt,ang
/scratch/users/k24015724/wav2vec_project/outputs/IEMOCAP_features/Ses04F_script03_2_F026_features.pt,ang
/scratch/users/k24015724/wav2vec_project/outputs/IEMOCAP_features/Ses04F_script03_2_F027_features.pt,ang
/scratch/users/k24015724/wav2vec_project/outputs/IEMOCAP_features/Ses04F_script03_2_F028_features.pt,ang
/scratch/users/k24015724/wav2vec_project/outputs/IEMOCAP_features/Ses04F_script03_2_F029_features.pt,ang
/scratch/users/k24015724/wav2vec_project/outputs/IEMOCAP_features/Ses04F_script03_2_F030_features.pt,ang
/scratch/users/k24015724/wav2vec_project/outputs/IEMOCAP_features/Ses04F_script03_2_F031_features.pt,ang
/scratch/users/k24015724/wav2vec_project/outputs/IEMOCAP_features/Ses04F_script03_2_F034_features.pt,ang
/scratch/users/k24015724/wav2vec_project/outputs/IEMOCAP_features/Ses04F_script03_2_F035_features.pt,ang
/scratch/users/k24015724/wav2vec_project/outputs/IEMOCAP_features/Ses04F_script03_2_F036_features.pt,ang
/scratch/users/k24015724/wav2vec_project/outputs/IEMOCAP_features/Ses04F_script03_2_F037_features.pt,ang
/scratch/users/k24015724/wav2vec_project/outputs/IEMOCAP_features/Ses04F_script03_2_F038_features.pt,ang
/scratch/users/k24015724/wav2vec_project/outputs/IEMOCAP_features/Ses04F_script03_2_F039_features.pt,ang
/scratch/users/k24015724/wav2vec_project/outputs/IEMOCAP_features/Ses04F_script03_2_F040_features.pt,ang
/scratch/users/k24015724/wav2vec_project/outputs/IEMOCAP_features/Ses04F_script03_2_F041_features.pt,ang
/scratch/users/k24015724/wav2vec_project/outputs/IEMOCAP_features/Ses04F_script03_2_F042_features.pt,ang
/scratch/users/k24015724/wav2vec_project/outputs/IEMOCAP_features/Ses04F_script03_2_F043_features.pt,ang
/scratch/users/k24015724/wav2vec_project/outputs/IEMOCAP_features/Ses04F_script03_2_F044_features.pt,ang
/scratch/users/k24015724/wav2vec_project/outputs/IEMOCAP_features/Ses04F_script03_2_M000_features.pt,neu
/scratch/users/k24015724/wav2vec_project/outputs/IEMOCAP_features/Ses04F_script03_2_M001_features.pt,ang
/scratch/users/k24015724/wav2vec_project/outputs/IEMOCAP_features/Ses04F_script03_2_M003_features.pt,ang
/scratch/users/k24015724/wav2vec_project/outputs/IEMOCAP_features/Ses04F_script03_2_M005_features.pt,ang
/scratch/users/k24015724/wav2vec_project/outputs/IEMOCAP_features/Ses04F_script03_2_M006_features.pt,ang
/scratch/users/k24015724/wav2vec_project/outputs/IEMOCAP_features/Ses04F_script03_2_M007_features.pt,ang
/scratch/users/k24015724/wav2vec_project/outputs/IEMOCAP_features/Ses04F_script03_2_M008_features.pt,ang
/scratch/users/k24015724/wav2vec_project/outputs/IEMOCAP_features/Ses04F_script03_2_M010_features.pt,neu
/scratch/users/k24015724/wav2vec_project/outputs/IEMOCAP_features/Ses04F_script03_2_M012_features.pt,fru
/scratch/users/k24015724/wav2vec_project/outputs/IEMOCAP_features/Ses04F_script03_2_M014_features.pt,ang
/scratch/users/k24015724/wav2vec_project/outputs/IEMOCAP_features/Ses04F_script03_2_M015_features.pt,ang
/scratch/users/k24015724/wav2vec_project/outputs/IEMOCAP_features/Ses04F_script03_2_M016_features.pt,ang
/scratch/users/k24015724/wav2vec_project/outputs/IEMOCAP_features/Ses04F_script03_2_M021_features.pt,fru
/scratch/users/k24015724/wav2vec_project/outputs/IEMOCAP_features/Ses04F_script03_2_M024_features.pt,neu
/scratch/users/k24015724/wav2vec_project/outputs/IEMOCAP_features/Ses04F_script03_2_M027_features.pt,ang
/scratch/users/k24015724/wav2vec_project/outputs/IEMOCAP_features/Ses04F_script03_2_M028_features.pt,fru
/scratch/users/k24015724/wav2vec_project/outputs/IEMOCAP_features/Ses04F_script03_2_M031_features.pt,ang
/scratch/users/k24015724/wav2vec_project/outputs/IEMOCAP_features/Ses04F_script03_2_M034_features.pt,ang
/scratch/users/k24015724/wav2vec_project/outputs/IEMOCAP_features/Ses04F_script03_2_M035_features.pt,ang
/scratch/users/k24015724/wav2vec_project/outputs/IEMOCAP_features/Ses04F_script03_2_M037_features.pt,ang
/scratch/users/k24015724/wav2vec_project/outputs/IEMOCAP_features/Ses04F_script03_2_M039_features.pt,ang
/scratch/users/k24015724/wav2vec_project/outputs/IEMOCAP_features/Ses04F_script03_2_M040_features.pt,ang
/scratch/users/k24015724/wav2vec_project/outputs/IEMOCAP_features/Ses04F_script03_2_M041_features.pt,ang
/scratch/users/k24015724/wav2vec_project/outputs/IEMOCAP_features/Ses04F_script03_2_M042_features.pt,ang
/scratch/users/k24015724/wav2vec_project/outputs/IEMOCAP_features/Ses04F_script03_2_M043_features.pt,ang
/scratch/users/k24015724/wav2vec_project/outputs/IEMOCAP_features/Ses04F_script03_2_M044_features.pt,ang
/scratch/users/k24015724/wav2vec_project/outputs/IEMOCAP_features/Ses04F_script03_2_M045_features.pt,ang
/scratch/users/k24015724/wav2vec_project/outputs/IEMOCAP_features/Ses04M_impro01_F000_features.pt,neu
/scratch/users/k24015724/wav2vec_project/outputs/IEMOCAP_features/Ses04M_impro01_F001_features.pt,neu
/scratch/users/k24015724/wav2vec_project/outputs/IEMOCAP_features/Ses04M_impro01_F002_features.pt,neu
/scratch/users/k24015724/wav2vec_project/outputs/IEMOCAP_features/Ses04M_impro01_F003_features.pt,fru
/scratch/users/k24015724/wav2vec_project/outputs/IEMOCAP_features/Ses04M_impro01_F004_features.pt,fru
/scratch/users/k24015724/wav2vec_project/outputs/IEMOCAP_features/Ses04M_impro01_F005_features.pt,fru
/scratch/users/k24015724/wav2vec_project/outputs/IEMOCAP_features/Ses04M_impro01_F006_features.pt,fru
/scratch/users/k24015724/wav2vec_project/outputs/IEMOCAP_features/Ses04M_impro01_F007_features.pt,fru
/scratch/users/k24015724/wav2vec_project/outputs/IEMOCAP_features/Ses04M_impro01_F008_features.pt,fru
/scratch/users/k24015724/wav2vec_project/outputs/IEMOCAP_features/Ses04M_impro01_F009_features.pt,fru
/scratch/users/k24015724/wav2vec_project/outputs/IEMOCAP_features/Ses04M_impro01_F010_features.pt,fru
/scratch/users/k24015724/wav2vec_project/outputs/IEMOCAP_features/Ses04M_impro01_F011_features.pt,fru
/scratch/users/k24015724/wav2vec_project/outputs/IEMOCAP_features/Ses04M_impro01_F012_features.pt,neu
/scratch/users/k24015724/wav2vec_project/outputs/IEMOCAP_features/Ses04M_impro01_F013_features.pt,fru
/scratch/users/k24015724/wav2vec_project/outputs/IEMOCAP_features/Ses04M_impro01_F014_features.pt,fru
/scratch/users/k24015724/wav2vec_project/outputs/IEMOCAP_features/Ses04M_impro01_F015_features.pt,fru
/scratch/users/k24015724/wav2vec_project/outputs/IEMOCAP_features/Ses04M_impro01_F016_features.pt,fru
/scratch/users/k24015724/wav2vec_project/outputs/IEMOCAP_features/Ses04M_impro01_F017_features.pt,fru
/scratch/users/k24015724/wav2vec_project/outputs/IEMOCAP_features/Ses04M_impro01_F018_features.pt,ang
/scratch/users/k24015724/wav2vec_project/outputs/IEMOCAP_features/Ses04M_impro01_F019_features.pt,ang
/scratch/users/k24015724/wav2vec_project/outputs/IEMOCAP_features/Ses04M_impro01_F020_features.pt,fru
/scratch/users/k24015724/wav2vec_project/outputs/IEMOCAP_features/Ses04M_impro01_F021_features.pt,ang
/scratch/users/k24015724/wav2vec_project/outputs/IEMOCAP_features/Ses04M_impro01_M000_features.pt,neu
/scratch/users/k24015724/wav2vec_project/outputs/IEMOCAP_features/Ses04M_impro01_M001_features.pt,fru
/scratch/users/k24015724/wav2vec_project/outputs/IEMOCAP_features/Ses04M_impro01_M002_features.pt,fru
/scratch/users/k24015724/wav2vec_project/outputs/IEMOCAP_features/Ses04M_impro01_M003_features.pt,neu
/scratch/users/k24015724/wav2vec_project/outputs/IEMOCAP_features/Ses04M_impro01_M004_features.pt,fru
/scratch/users/k24015724/wav2vec_project/outputs/IEMOCAP_features/Ses04M_impro01_M005_features.pt,fru
/scratch/users/k24015724/wav2vec_project/outputs/IEMOCAP_features/Ses04M_impro01_M006_features.pt,fru
/scratch/users/k24015724/wav2vec_project/outputs/IEMOCAP_features/Ses04M_impro01_M007_features.pt,fru
/scratch/users/k24015724/wav2vec_project/outputs/IEMOCAP_features/Ses04M_impro01_M008_features.pt,fru
/scratch/users/k24015724/wav2vec_project/outputs/IEMOCAP_features/Ses04M_impro01_M009_features.pt,fru
/scratch/users/k24015724/wav2vec_project/outputs/IEMOCAP_features/Ses04M_impro01_M010_features.pt,fru
/scratch/users/k24015724/wav2vec_project/outputs/IEMOCAP_features/Ses04M_impro01_M011_features.pt,fru
/scratch/users/k24015724/wav2vec_project/outputs/IEMOCAP_features/Ses04M_impro01_M012_features.pt,fru
/scratch/users/k24015724/wav2vec_project/outputs/IEMOCAP_features/Ses04M_impro01_M013_features.pt,fru
/scratch/users/k24015724/wav2vec_project/outputs/IEMOCAP_features/Ses04M_impro01_M014_features.pt,fru
/scratch/users/k24015724/wav2vec_project/outputs/IEMOCAP_features/Ses04M_impro01_M016_features.pt,fru
/scratch/users/k24015724/wav2vec_project/outputs/IEMOCAP_features/Ses04M_impro01_M017_features.pt,fru
/scratch/users/k24015724/wav2vec_project/outputs/IEMOCAP_features/Ses04M_impro01_M018_features.pt,ang
/scratch/users/k24015724/wav2vec_project/outputs/IEMOCAP_features/Ses04M_impro01_M019_features.pt,fru
/scratch/users/k24015724/wav2vec_project/outputs/IEMOCAP_features/Ses04M_impro01_M021_features.pt,fru
/scratch/users/k24015724/wav2vec_project/outputs/IEMOCAP_features/Ses04M_impro01_M022_features.pt,fru
/scratch/users/k24015724/wav2vec_project/outputs/IEMOCAP_features/Ses04M_impro01_M023_features.pt,fru
/scratch/users/k24015724/wav2vec_project/outputs/IEMOCAP_features/Ses04M_impro01_M024_features.pt,ang
/scratch/users/k24015724/wav2vec_project/outputs/IEMOCAP_features/Ses04M_impro02_F002_features.pt,fru
/scratch/users/k24015724/wav2vec_project/outputs/IEMOCAP_features/Ses04M_impro02_F005_features.pt,fru
/scratch/users/k24015724/wav2vec_project/outputs/IEMOCAP_features/Ses04M_impro02_F007_features.pt,fru
/scratch/users/k24015724/wav2vec_project/outputs/IEMOCAP_features/Ses04M_impro02_F008_features.pt,fru
/scratch/users/k24015724/wav2vec_project/outputs/IEMOCAP_features/Ses04M_impro02_F009_features.pt,sad
/scratch/users/k24015724/wav2vec_project/outputs/IEMOCAP_features/Ses04M_impro02_F010_features.pt,fru
/scratch/users/k24015724/wav2vec_project/outputs/IEMOCAP_features/Ses04M_impro02_F011_features.pt,fru
/scratch/users/k24015724/wav2vec_project/outputs/IEMOCAP_features/Ses04M_impro02_F012_features.pt,fru
/scratch/users/k24015724/wav2vec_project/outputs/IEMOCAP_features/Ses04M_impro02_F013_features.pt,fru
/scratch/users/k24015724/wav2vec_project/outputs/IEMOCAP_features/Ses04M_impro02_F016_features.pt,fru
/scratch/users/k24015724/wav2vec_project/outputs/IEMOCAP_features/Ses04M_impro02_F017_features.pt,fru
/scratch/users/k24015724/wav2vec_project/outputs/IEMOCAP_features/Ses04M_impro02_F018_features.pt,fru
/scratch/users/k24015724/wav2vec_project/outputs/IEMOCAP_features/Ses04M_impro02_F019_features.pt,fru
/scratch/users/k24015724/wav2vec_project/outputs/IEMOCAP_features/Ses04M_impro02_F020_features.pt,sad
/scratch/users/k24015724/wav2vec_project/outputs/IEMOCAP_features/Ses04M_impro02_F021_features.pt,ang
/scratch/users/k24015724/wav2vec_project/outputs/IEMOCAP_features/Ses04M_impro02_F022_features.pt,fru
/scratch/users/k24015724/wav2vec_project/outputs/IEMOCAP_features/Ses04M_impro02_F023_features.pt,fru
/scratch/users/k24015724/wav2vec_project/outputs/IEMOCAP_features/Ses04M_impro02_F025_features.pt,fru
/scratch/users/k24015724/wav2vec_project/outputs/IEMOCAP_features/Ses04M_impro02_F027_features.pt,fru
/scratch/users/k24015724/wav2vec_project/outputs/IEMOCAP_features/Ses04M_impro02_F028_features.pt,fru
/scratch/users/k24015724/wav2vec_project/outputs/IEMOCAP_features/Ses04M_impro02_F029_features.pt,fru
/scratch/users/k24015724/wav2vec_project/outputs/IEMOCAP_features/Ses04M_impro02_M000_features.pt,sad
/scratch/users/k24015724/wav2vec_project/outputs/IEMOCAP_features/Ses04M_impro02_M002_features.pt,fru
/scratch/users/k24015724/wav2vec_project/outputs/IEMOCAP_features/Ses04M_impro02_M003_features.pt,fru
/scratch/users/k24015724/wav2vec_project/outputs/IEMOCAP_features/Ses04M_impro02_M004_features.pt,fru
/scratch/users/k24015724/wav2vec_project/outputs/IEMOCAP_features/Ses04M_impro02_M005_features.pt,fru
/scratch/users/k24015724/wav2vec_project/outputs/IEMOCAP_features/Ses04M_impro02_M006_features.pt,fru
/scratch/users/k24015724/wav2vec_project/outputs/IEMOCAP_features/Ses04M_impro02_M007_features.pt,fru
/scratch/users/k24015724/wav2vec_project/outputs/IEMOCAP_features/Ses04M_impro02_M008_features.pt,neu
/scratch/users/k24015724/wav2vec_project/outputs/IEMOCAP_features/Ses04M_impro02_M009_features.pt,fru
/scratch/users/k24015724/wav2vec_project/outputs/IEMOCAP_features/Ses04M_impro02_M010_features.pt,fru
/scratch/users/k24015724/wav2vec_project/outputs/IEMOCAP_features/Ses04M_impro02_M011_features.pt,fru
/scratch/users/k24015724/wav2vec_project/outputs/IEMOCAP_features/Ses04M_impro02_M012_features.pt,fru
/scratch/users/k24015724/wav2vec_project/outputs/IEMOCAP_features/Ses04M_impro02_M013_features.pt,fru
/scratch/users/k24015724/wav2vec_project/outputs/IEMOCAP_features/Ses04M_impro02_M014_features.pt,fru
/scratch/users/k24015724/wav2vec_project/outputs/IEMOCAP_features/Ses04M_impro02_M015_features.pt,fru
/scratch/users/k24015724/wav2vec_project/outputs/IEMOCAP_features/Ses04M_impro02_M016_features.pt,fru
/scratch/users/k24015724/wav2vec_project/outputs/IEMOCAP_features/Ses04M_impro02_M017_features.pt,fru
/scratch/users/k24015724/wav2vec_project/outputs/IEMOCAP_features/Ses04M_impro02_M018_features.pt,fru
/scratch/users/k24015724/wav2vec_project/outputs/IEMOCAP_features/Ses04M_impro02_M019_features.pt,fru
/scratch/users/k24015724/wav2vec_project/outputs/IEMOCAP_features/Ses04M_impro02_M020_features.pt,fru
/scratch/users/k24015724/wav2vec_project/outputs/IEMOCAP_features/Ses04M_impro02_M021_features.pt,fru
/scratch/users/k24015724/wav2vec_project/outputs/IEMOCAP_features/Ses04M_impro02_M022_features.pt,fru
/scratch/users/k24015724/wav2vec_project/outputs/IEMOCAP_features/Ses04M_impro02_M023_features.pt,fru
/scratch/users/k24015724/wav2vec_project/outputs/IEMOCAP_features/Ses04M_impro02_M024_features.pt,fru
/scratch/users/k24015724/wav2vec_project/outputs/IEMOCAP_features/Ses04M_impro02_M025_features.pt,fru
/scratch/users/k24015724/wav2vec_project/outputs/IEMOCAP_features/Ses04M_impro02_M026_features.pt,fru
/scratch/users/k24015724/wav2vec_project/outputs/IEMOCAP_features/Ses04M_impro02_M027_features.pt,fru
/scratch/users/k24015724/wav2vec_project/outputs/IEMOCAP_features/Ses04M_impro02_M028_features.pt,fru
/scratch/users/k24015724/wav2vec_project/outputs/IEMOCAP_features/Ses04M_impro02_M029_features.pt,fru
/scratch/users/k24015724/wav2vec_project/outputs/IEMOCAP_features/Ses04M_impro02_M030_features.pt,fru
/scratch/users/k24015724/wav2vec_project/outputs/IEMOCAP_features/Ses04M_impro02_M031_features.pt,fru
/scratch/users/k24015724/wav2vec_project/outputs/IEMOCAP_features/Ses04M_impro02_M032_features.pt,fru
/scratch/users/k24015724/wav2vec_project/outputs/IEMOCAP_features/Ses04M_impro02_M033_features.pt,fru
/scratch/users/k24015724/wav2vec_project/outputs/IEMOCAP_features/Ses04M_impro02_M034_features.pt,fru
/scratch/users/k24015724/wav2vec_project/outputs/IEMOCAP_features/Ses04M_impro02_M035_features.pt,fru
/scratch/users/k24015724/wav2vec_project/outputs/IEMOCAP_features/Ses04M_impro03_F024_features.pt,hap
/scratch/users/k24015724/wav2vec_project/outputs/IEMOCAP_features/Ses04M_impro03_M005_features.pt,hap
/scratch/users/k24015724/wav2vec_project/outputs/IEMOCAP_features/Ses04M_impro03_M006_features.pt,hap
/scratch/users/k24015724/wav2vec_project/outputs/IEMOCAP_features/Ses04M_impro03_M007_features.pt,hap
/scratch/users/k24015724/wav2vec_project/outputs/IEMOCAP_features/Ses04M_impro03_M008_features.pt,hap
/scratch/users/k24015724/wav2vec_project/outputs/IEMOCAP_features/Ses04M_impro03_M009_features.pt,hap
/scratch/users/k24015724/wav2vec_project/outputs/IEMOCAP_features/Ses04M_impro03_M020_features.pt,hap
/scratch/users/k24015724/wav2vec_project/outputs/IEMOCAP_features/Ses04M_impro03_M021_features.pt,hap
/scratch/users/k24015724/wav2vec_project/outputs/IEMOCAP_features/Ses04M_impro03_M022_features.pt,hap
/scratch/users/k24015724/wav2vec_project/outputs/IEMOCAP_features/Ses04M_impro03_M024_features.pt,hap
/scratch/users/k24015724/wav2vec_project/outputs/IEMOCAP_features/Ses04M_impro03_M025_features.pt,hap
/scratch/users/k24015724/wav2vec_project/outputs/IEMOCAP_features/Ses04M_impro03_M026_features.pt,hap
/scratch/users/k24015724/wav2vec_project/outputs/IEMOCAP_features/Ses04M_impro03_M028_features.pt,hap
/scratch/users/k24015724/wav2vec_project/outputs/IEMOCAP_features/Ses04M_impro03_M029_features.pt,hap
/scratch/users/k24015724/wav2vec_project/outputs/IEMOCAP_features/Ses04M_impro03_M030_features.pt,hap
/scratch/users/k24015724/wav2vec_project/outputs/IEMOCAP_features/Ses04M_impro03_M031_features.pt,neu
/scratch/users/k24015724/wav2vec_project/outputs/IEMOCAP_features/Ses04M_impro04_F000_features.pt,neu
/scratch/users/k24015724/wav2vec_project/outputs/IEMOCAP_features/Ses04M_impro04_F001_features.pt,neu
/scratch/users/k24015724/wav2vec_project/outputs/IEMOCAP_features/Ses04M_impro04_F002_features.pt,neu
/scratch/users/k24015724/wav2vec_project/outputs/IEMOCAP_features/Ses04M_impro04_F003_features.pt,neu
/scratch/users/k24015724/wav2vec_project/outputs/IEMOCAP_features/Ses04M_impro04_F004_features.pt,neu
/scratch/users/k24015724/wav2vec_project/outputs/IEMOCAP_features/Ses04M_impro04_F005_features.pt,neu
/scratch/users/k24015724/wav2vec_project/outputs/IEMOCAP_features/Ses04M_impro04_F006_features.pt,neu
/scratch/users/k24015724/wav2vec_project/outputs/IEMOCAP_features/Ses04M_impro04_F007_features.pt,neu
/scratch/users/k24015724/wav2vec_project/outputs/IEMOCAP_features/Ses04M_impro04_F008_features.pt,neu
/scratch/users/k24015724/wav2vec_project/outputs/IEMOCAP_features/Ses04M_impro04_F009_features.pt,neu
/scratch/users/k24015724/wav2vec_project/outputs/IEMOCAP_features/Ses04M_impro04_F011_features.pt,neu
/scratch/users/k24015724/wav2vec_project/outputs/IEMOCAP_features/Ses04M_impro04_F012_features.pt,neu
/scratch/users/k24015724/wav2vec_project/outputs/IEMOCAP_features/Ses04M_impro04_F013_features.pt,neu
/scratch/users/k24015724/wav2vec_project/outputs/IEMOCAP_features/Ses04M_impro04_F015_features.pt,neu
/scratch/users/k24015724/wav2vec_project/outputs/IEMOCAP_features/Ses04M_impro04_F016_features.pt,neu
/scratch/users/k24015724/wav2vec_project/outputs/IEMOCAP_features/Ses04M_impro04_F017_features.pt,neu
/scratch/users/k24015724/wav2vec_project/outputs/IEMOCAP_features/Ses04M_impro04_M000_features.pt,fru
/scratch/users/k24015724/wav2vec_project/outputs/IEMOCAP_features/Ses04M_impro04_M001_features.pt,fru
/scratch/users/k24015724/wav2vec_project/outputs/IEMOCAP_features/Ses04M_impro04_M002_features.pt,fru
/scratch/users/k24015724/wav2vec_project/outputs/IEMOCAP_features/Ses04M_impro04_M003_features.pt,fru
/scratch/users/k24015724/wav2vec_project/outputs/IEMOCAP_features/Ses04M_impro04_M004_features.pt,neu
/scratch/users/k24015724/wav2vec_project/outputs/IEMOCAP_features/Ses04M_impro04_M005_features.pt,fru
/scratch/users/k24015724/wav2vec_project/outputs/IEMOCAP_features/Ses04M_impro04_M006_features.pt,fru
/scratch/users/k24015724/wav2vec_project/outputs/IEMOCAP_features/Ses04M_impro04_M007_features.pt,fru
/scratch/users/k24015724/wav2vec_project/outputs/IEMOCAP_features/Ses04M_impro04_M008_features.pt,fru
/scratch/users/k24015724/wav2vec_project/outputs/IEMOCAP_features/Ses04M_impro04_M009_features.pt,fru
/scratch/users/k24015724/wav2vec_project/outputs/IEMOCAP_features/Ses04M_impro04_M010_features.pt,fru
/scratch/users/k24015724/wav2vec_project/outputs/IEMOCAP_features/Ses04M_impro04_M011_features.pt,fru
/scratch/users/k24015724/wav2vec_project/outputs/IEMOCAP_features/Ses04M_impro04_M012_features.pt,fru
/scratch/users/k24015724/wav2vec_project/outputs/IEMOCAP_features/Ses04M_impro04_M013_features.pt,fru
/scratch/users/k24015724/wav2vec_project/outputs/IEMOCAP_features/Ses04M_impro04_M014_features.pt,fru
/scratch/users/k24015724/wav2vec_project/outputs/IEMOCAP_features/Ses04M_impro04_M015_features.pt,fru
/scratch/users/k24015724/wav2vec_project/outputs/IEMOCAP_features/Ses04M_impro04_M016_features.pt,fru
/scratch/users/k24015724/wav2vec_project/outputs/IEMOCAP_features/Ses04M_impro04_M017_features.pt,fru
/scratch/users/k24015724/wav2vec_project/outputs/IEMOCAP_features/Ses04M_impro04_M018_features.pt,fru
/scratch/users/k24015724/wav2vec_project/outputs/IEMOCAP_features/Ses04M_impro04_M019_features.pt,fru
/scratch/users/k24015724/wav2vec_project/outputs/IEMOCAP_features/Ses04M_impro04_M020_features.pt,neu
/scratch/users/k24015724/wav2vec_project/outputs/IEMOCAP_features/Ses04M_impro04_M021_features.pt,neu
/scratch/users/k24015724/wav2vec_project/outputs/IEMOCAP_features/Ses04M_impro04_M022_features.pt,neu
/scratch/users/k24015724/wav2vec_project/outputs/IEMOCAP_features/Ses04M_impro05_F000_features.pt,neu
/scratch/users/k24015724/wav2vec_project/outputs/IEMOCAP_features/Ses04M_impro05_F001_features.pt,neu
/scratch/users/k24015724/wav2vec_project/outputs/IEMOCAP_features/Ses04M_impro05_F002_features.pt,neu
/scratch/users/k24015724/wav2vec_project/outputs/IEMOCAP_features/Ses04M_impro05_F003_features.pt,neu
/scratch/users/k24015724/wav2vec_project/outputs/IEMOCAP_features/Ses04M_impro05_F006_features.pt,neu
/scratch/users/k24015724/wav2vec_project/outputs/IEMOCAP_features/Ses04M_impro05_F007_features.pt,neu
/scratch/users/k24015724/wav2vec_project/outputs/IEMOCAP_features/Ses04M_impro05_F008_features.pt,neu
/scratch/users/k24015724/wav2vec_project/outputs/IEMOCAP_features/Ses04M_impro05_F009_features.pt,neu
/scratch/users/k24015724/wav2vec_project/outputs/IEMOCAP_features/Ses04M_impro05_F010_features.pt,neu
/scratch/users/k24015724/wav2vec_project/outputs/IEMOCAP_features/Ses04M_impro05_F012_features.pt,fru
/scratch/users/k24015724/wav2vec_project/outputs/IEMOCAP_features/Ses04M_impro05_F013_features.pt,neu
/scratch/users/k24015724/wav2vec_project/outputs/IEMOCAP_features/Ses04M_impro05_F014_features.pt,fru
/scratch/users/k24015724/wav2vec_project/outputs/IEMOCAP_features/Ses04M_impro05_F015_features.pt,fru
/scratch/users/k24015724/wav2vec_project/outputs/IEMOCAP_features/Ses04M_impro05_F016_features.pt,fru
/scratch/users/k24015724/wav2vec_project/outputs/IEMOCAP_features/Ses04M_impro05_F017_features.pt,neu
/scratch/users/k24015724/wav2vec_project/outputs/IEMOCAP_features/Ses04M_impro05_F018_features.pt,fru
/scratch/users/k24015724/wav2vec_project/outputs/IEMOCAP_features/Ses04M_impro05_F019_features.pt,neu
/scratch/users/k24015724/wav2vec_project/outputs/IEMOCAP_features/Ses04M_impro05_F020_features.pt,neu
/scratch/users/k24015724/wav2vec_project/outputs/IEMOCAP_features/Ses04M_impro05_F021_features.pt,fru
/scratch/users/k24015724/wav2vec_project/outputs/IEMOCAP_features/Ses04M_impro05_F022_features.pt,fru
/scratch/users/k24015724/wav2vec_project/outputs/IEMOCAP_features/Ses04M_impro05_F023_features.pt,fru
/scratch/users/k24015724/wav2vec_project/outputs/IEMOCAP_features/Ses04M_impro05_F024_features.pt,fru
/scratch/users/k24015724/wav2vec_project/outputs/IEMOCAP_features/Ses04M_impro05_F025_features.pt,fru
/scratch/users/k24015724/wav2vec_project/outputs/IEMOCAP_features/Ses04M_impro05_F026_features.pt,fru
/scratch/users/k24015724/wav2vec_project/outputs/IEMOCAP_features/Ses04M_impro05_F027_features.pt,fru
/scratch/users/k24015724/wav2vec_project/outputs/IEMOCAP_features/Ses04M_impro05_F028_features.pt,fru
/scratch/users/k24015724/wav2vec_project/outputs/IEMOCAP_features/Ses04M_impro05_F029_features.pt,fru
/scratch/users/k24015724/wav2vec_project/outputs/IEMOCAP_features/Ses04M_impro05_F030_features.pt,fru
/scratch/users/k24015724/wav2vec_project/outputs/IEMOCAP_features/Ses04M_impro05_F031_features.pt,fru
/scratch/users/k24015724/wav2vec_project/outputs/IEMOCAP_features/Ses04M_impro05_F032_features.pt,fru
/scratch/users/k24015724/wav2vec_project/outputs/IEMOCAP_features/Ses04M_impro05_F033_features.pt,fru
/scratch/users/k24015724/wav2vec_project/outputs/IEMOCAP_features/Ses04M_impro05_F034_features.pt,fru
/scratch/users/k24015724/wav2vec_project/outputs/IEMOCAP_features/Ses04M_impro05_F035_features.pt,fru
/scratch/users/k24015724/wav2vec_project/outputs/IEMOCAP_features/Ses04M_impro05_F036_features.pt,neu
/scratch/users/k24015724/wav2vec_project/outputs/IEMOCAP_features/Ses04M_impro05_F037_features.pt,neu
/scratch/users/k24015724/wav2vec_project/outputs/IEMOCAP_features/Ses04M_impro05_F038_features.pt,fru
/scratch/users/k24015724/wav2vec_project/outputs/IEMOCAP_features/Ses04M_impro05_F039_features.pt,fru
/scratch/users/k24015724/wav2vec_project/outputs/IEMOCAP_features/Ses04M_impro05_F040_features.pt,fru
/scratch/users/k24015724/wav2vec_project/outputs/IEMOCAP_features/Ses04M_impro05_F041_features.pt,fru
/scratch/users/k24015724/wav2vec_project/outputs/IEMOCAP_features/Ses04M_impro05_F042_features.pt,fru
/scratch/users/k24015724/wav2vec_project/outputs/IEMOCAP_features/Ses04M_impro05_M000_features.pt,fru
/scratch/users/k24015724/wav2vec_project/outputs/IEMOCAP_features/Ses04M_impro05_M002_features.pt,fru
/scratch/users/k24015724/wav2vec_project/outputs/IEMOCAP_features/Ses04M_impro05_M003_features.pt,fru
/scratch/users/k24015724/wav2vec_project/outputs/IEMOCAP_features/Ses04M_impro05_M004_features.pt,fru
/scratch/users/k24015724/wav2vec_project/outputs/IEMOCAP_features/Ses04M_impro05_M005_features.pt,fru
/scratch/users/k24015724/wav2vec_project/outputs/IEMOCAP_features/Ses04M_impro05_M006_features.pt,fru
/scratch/users/k24015724/wav2vec_project/outputs/IEMOCAP_features/Ses04M_impro05_M007_features.pt,fru
/scratch/users/k24015724/wav2vec_project/outputs/IEMOCAP_features/Ses04M_impro05_M008_features.pt,ang
/scratch/users/k24015724/wav2vec_project/outputs/IEMOCAP_features/Ses04M_impro05_M009_features.pt,ang
/scratch/users/k24015724/wav2vec_project/outputs/IEMOCAP_features/Ses04M_impro05_M010_features.pt,ang
/scratch/users/k24015724/wav2vec_project/outputs/IEMOCAP_features/Ses04M_impro05_M011_features.pt,ang
/scratch/users/k24015724/wav2vec_project/outputs/IEMOCAP_features/Ses04M_impro05_M012_features.pt,fru
/scratch/users/k24015724/wav2vec_project/outputs/IEMOCAP_features/Ses04M_impro05_M013_features.pt,fru
/scratch/users/k24015724/wav2vec_project/outputs/IEMOCAP_features/Ses04M_impro05_M014_features.pt,ang
/scratch/users/k24015724/wav2vec_project/outputs/IEMOCAP_features/Ses04M_impro05_M015_features.pt,ang
/scratch/users/k24015724/wav2vec_project/outputs/IEMOCAP_features/Ses04M_impro05_M016_features.pt,ang
/scratch/users/k24015724/wav2vec_project/outputs/IEMOCAP_features/Ses04M_impro05_M017_features.pt,ang
/scratch/users/k24015724/wav2vec_project/outputs/IEMOCAP_features/Ses04M_impro05_M018_features.pt,ang
/scratch/users/k24015724/wav2vec_project/outputs/IEMOCAP_features/Ses04M_impro05_M019_features.pt,fru
/scratch/users/k24015724/wav2vec_project/outputs/IEMOCAP_features/Ses04M_impro05_M021_features.pt,fru
/scratch/users/k24015724/wav2vec_project/outputs/IEMOCAP_features/Ses04M_impro05_M022_features.pt,ang
/scratch/users/k24015724/wav2vec_project/outputs/IEMOCAP_features/Ses04M_impro05_M024_features.pt,fru
/scratch/users/k24015724/wav2vec_project/outputs/IEMOCAP_features/Ses04M_impro05_M025_features.pt,fru
/scratch/users/k24015724/wav2vec_project/outputs/IEMOCAP_features/Ses04M_impro05_M026_features.pt,ang
/scratch/users/k24015724/wav2vec_project/outputs/IEMOCAP_features/Ses04M_impro05_M027_features.pt,fru
/scratch/users/k24015724/wav2vec_project/outputs/IEMOCAP_features/Ses04M_impro05_M028_features.pt,fru
/scratch/users/k24015724/wav2vec_project/outputs/IEMOCAP_features/Ses04M_impro05_M029_features.pt,fru
/scratch/users/k24015724/wav2vec_project/outputs/IEMOCAP_features/Ses04M_impro05_M030_features.pt,fru
/scratch/users/k24015724/wav2vec_project/outputs/IEMOCAP_features/Ses04M_impro05_M031_features.pt,fru
/scratch/users/k24015724/wav2vec_project/outputs/IEMOCAP_features/Ses04M_impro05_M032_features.pt,fru
/scratch/users/k24015724/wav2vec_project/outputs/IEMOCAP_features/Ses04M_impro05_M033_features.pt,fru
/scratch/users/k24015724/wav2vec_project/outputs/IEMOCAP_features/Ses04M_impro05_M034_features.pt,fru
/scratch/users/k24015724/wav2vec_project/outputs/IEMOCAP_features/Ses04M_impro05_M035_features.pt,fru
/scratch/users/k24015724/wav2vec_project/outputs/IEMOCAP_features/Ses04M_impro05_M036_features.pt,fru
/scratch/users/k24015724/wav2vec_project/outputs/IEMOCAP_features/Ses04M_impro05_M037_features.pt,fru
/scratch/users/k24015724/wav2vec_project/outputs/IEMOCAP_features/Ses04M_impro05_M038_features.pt,ang
/scratch/users/k24015724/wav2vec_project/outputs/IEMOCAP_features/Ses04M_impro05_M039_features.pt,ang
/scratch/users/k24015724/wav2vec_project/outputs/IEMOCAP_features/Ses04M_impro05_M040_features.pt,fru
/scratch/users/k24015724/wav2vec_project/outputs/IEMOCAP_features/Ses04M_impro05_M041_features.pt,fru
/scratch/users/k24015724/wav2vec_project/outputs/IEMOCAP_features/Ses04M_impro05_M042_features.pt,fru
/scratch/users/k24015724/wav2vec_project/outputs/IEMOCAP_features/Ses04M_impro05_M043_features.pt,fru
/scratch/users/k24015724/wav2vec_project/outputs/IEMOCAP_features/Ses04M_impro05_M044_features.pt,ang
/scratch/users/k24015724/wav2vec_project/outputs/IEMOCAP_features/Ses04M_impro05_M045_features.pt,ang
/scratch/users/k24015724/wav2vec_project/outputs/IEMOCAP_features/Ses04M_impro06_F000_features.pt,sad
/scratch/users/k24015724/wav2vec_project/outputs/IEMOCAP_features/Ses04M_impro06_F001_features.pt,sad
/scratch/users/k24015724/wav2vec_project/outputs/IEMOCAP_features/Ses04M_impro06_F002_features.pt,sad
/scratch/users/k24015724/wav2vec_project/outputs/IEMOCAP_features/Ses04M_impro06_F003_features.pt,sad
/scratch/users/k24015724/wav2vec_project/outputs/IEMOCAP_features/Ses04M_impro06_F004_features.pt,sad
/scratch/users/k24015724/wav2vec_project/outputs/IEMOCAP_features/Ses04M_impro06_F005_features.pt,sad
/scratch/users/k24015724/wav2vec_project/outputs/IEMOCAP_features/Ses04M_impro06_F006_features.pt,sad
/scratch/users/k24015724/wav2vec_project/outputs/IEMOCAP_features/Ses04M_impro06_F007_features.pt,sad
/scratch/users/k24015724/wav2vec_project/outputs/IEMOCAP_features/Ses04M_impro06_F008_features.pt,sad
/scratch/users/k24015724/wav2vec_project/outputs/IEMOCAP_features/Ses04M_impro06_F009_features.pt,sad
/scratch/users/k24015724/wav2vec_project/outputs/IEMOCAP_features/Ses04M_impro06_F010_features.pt,sad
/scratch/users/k24015724/wav2vec_project/outputs/IEMOCAP_features/Ses04M_impro06_F011_features.pt,sad
/scratch/users/k24015724/wav2vec_project/outputs/IEMOCAP_features/Ses04M_impro06_F012_features.pt,sad
/scratch/users/k24015724/wav2vec_project/outputs/IEMOCAP_features/Ses04M_impro06_F014_features.pt,sad
/scratch/users/k24015724/wav2vec_project/outputs/IEMOCAP_features/Ses04M_impro06_F015_features.pt,sad
/scratch/users/k24015724/wav2vec_project/outputs/IEMOCAP_features/Ses04M_impro06_F016_features.pt,sad
/scratch/users/k24015724/wav2vec_project/outputs/IEMOCAP_features/Ses04M_impro06_F017_features.pt,sad
/scratch/users/k24015724/wav2vec_project/outputs/IEMOCAP_features/Ses04M_impro06_F018_features.pt,sad
/scratch/users/k24015724/wav2vec_project/outputs/IEMOCAP_features/Ses04M_impro06_F019_features.pt,sad
/scratch/users/k24015724/wav2vec_project/outputs/IEMOCAP_features/Ses04M_impro06_M000_features.pt,sad
/scratch/users/k24015724/wav2vec_project/outputs/IEMOCAP_features/Ses04M_impro06_M001_features.pt,sad
/scratch/users/k24015724/wav2vec_project/outputs/IEMOCAP_features/Ses04M_impro06_M002_features.pt,sad
/scratch/users/k24015724/wav2vec_project/outputs/IEMOCAP_features/Ses04M_impro06_M003_features.pt,sad
/scratch/users/k24015724/wav2vec_project/outputs/IEMOCAP_features/Ses04M_impro06_M004_features.pt,sad
/scratch/users/k24015724/wav2vec_project/outputs/IEMOCAP_features/Ses04M_impro06_M005_features.pt,sad
/scratch/users/k24015724/wav2vec_project/outputs/IEMOCAP_features/Ses04M_impro06_M006_features.pt,sad
/scratch/users/k24015724/wav2vec_project/outputs/IEMOCAP_features/Ses04M_impro06_M007_features.pt,sad
/scratch/users/k24015724/wav2vec_project/outputs/IEMOCAP_features/Ses04M_impro06_M008_features.pt,sad
/scratch/users/k24015724/wav2vec_project/outputs/IEMOCAP_features/Ses04M_impro06_M009_features.pt,sad
/scratch/users/k24015724/wav2vec_project/outputs/IEMOCAP_features/Ses04M_impro06_M010_features.pt,sad
/scratch/users/k24015724/wav2vec_project/outputs/IEMOCAP_features/Ses04M_impro06_M011_features.pt,sad
/scratch/users/k24015724/wav2vec_project/outputs/IEMOCAP_features/Ses04M_impro06_M012_features.pt,sad
/scratch/users/k24015724/wav2vec_project/outputs/IEMOCAP_features/Ses04M_impro06_M013_features.pt,sad
/scratch/users/k24015724/wav2vec_project/outputs/IEMOCAP_features/Ses04M_impro06_M014_features.pt,sad
/scratch/users/k24015724/wav2vec_project/outputs/IEMOCAP_features/Ses04M_impro06_M015_features.pt,sad
/scratch/users/k24015724/wav2vec_project/outputs/IEMOCAP_features/Ses04M_impro06_M016_features.pt,sad
/scratch/users/k24015724/wav2vec_project/outputs/IEMOCAP_features/Ses04M_impro06_M017_features.pt,sad
/scratch/users/k24015724/wav2vec_project/outputs/IEMOCAP_features/Ses04M_impro06_M018_features.pt,sad
/scratch/users/k24015724/wav2vec_project/outputs/IEMOCAP_features/Ses04M_impro06_M019_features.pt,sad
/scratch/users/k24015724/wav2vec_project/outputs/IEMOCAP_features/Ses04M_impro06_M020_features.pt,sad
/scratch/users/k24015724/wav2vec_project/outputs/IEMOCAP_features/Ses04M_impro07_F011_features.pt,hap
/scratch/users/k24015724/wav2vec_project/outputs/IEMOCAP_features/Ses04M_impro07_F023_features.pt,neu
/scratch/users/k24015724/wav2vec_project/outputs/IEMOCAP_features/Ses04M_impro07_F026_features.pt,neu
/scratch/users/k24015724/wav2vec_project/outputs/IEMOCAP_features/Ses04M_impro07_F036_features.pt,neu
/scratch/users/k24015724/wav2vec_project/outputs/IEMOCAP_features/Ses04M_impro07_F037_features.pt,neu
/scratch/users/k24015724/wav2vec_project/outputs/IEMOCAP_features/Ses04M_impro07_M007_features.pt,hap
/scratch/users/k24015724/wav2vec_project/outputs/IEMOCAP_features/Ses04M_impro07_M008_features.pt,hap
/scratch/users/k24015724/wav2vec_project/outputs/IEMOCAP_features/Ses04M_impro07_M009_features.pt,hap
/scratch/users/k24015724/wav2vec_project/outputs/IEMOCAP_features/Ses04M_impro07_M010_features.pt,hap
/scratch/users/k24015724/wav2vec_project/outputs/IEMOCAP_features/Ses04M_impro07_M011_features.pt,hap
/scratch/users/k24015724/wav2vec_project/outputs/IEMOCAP_features/Ses04M_impro07_M012_features.pt,hap
/scratch/users/k24015724/wav2vec_project/outputs/IEMOCAP_features/Ses04M_impro07_M013_features.pt,hap
/scratch/users/k24015724/wav2vec_project/outputs/IEMOCAP_features/Ses04M_impro07_M025_features.pt,neu
/scratch/users/k24015724/wav2vec_project/outputs/IEMOCAP_features/Ses04M_impro07_M026_features.pt,neu
/scratch/users/k24015724/wav2vec_project/outputs/IEMOCAP_features/Ses04M_impro07_M029_features.pt,neu
/scratch/users/k24015724/wav2vec_project/outputs/IEMOCAP_features/Ses04M_impro07_M030_features.pt,neu
/scratch/users/k24015724/wav2vec_project/outputs/IEMOCAP_features/Ses04M_impro07_M032_features.pt,neu
/scratch/users/k24015724/wav2vec_project/outputs/IEMOCAP_features/Ses04M_impro07_M035_features.pt,neu
/scratch/users/k24015724/wav2vec_project/outputs/IEMOCAP_features/Ses04M_impro07_M036_features.pt,neu
/scratch/users/k24015724/wav2vec_project/outputs/IEMOCAP_features/Ses04M_impro07_M037_features.pt,neu
/scratch/users/k24015724/wav2vec_project/outputs/IEMOCAP_features/Ses04M_impro07_M040_features.pt,neu
/scratch/users/k24015724/wav2vec_project/outputs/IEMOCAP_features/Ses04M_impro07_M041_features.pt,neu
/scratch/users/k24015724/wav2vec_project/outputs/IEMOCAP_features/Ses04M_impro07_M042_features.pt,neu
/scratch/users/k24015724/wav2vec_project/outputs/IEMOCAP_features/Ses04M_impro07_M043_features.pt,neu
/scratch/users/k24015724/wav2vec_project/outputs/IEMOCAP_features/Ses04M_impro08_F000_features.pt,fru
/scratch/users/k24015724/wav2vec_project/outputs/IEMOCAP_features/Ses04M_impro08_F001_features.pt,fru
/scratch/users/k24015724/wav2vec_project/outputs/IEMOCAP_features/Ses04M_impro08_F002_features.pt,fru
/scratch/users/k24015724/wav2vec_project/outputs/IEMOCAP_features/Ses04M_impro08_F003_features.pt,fru
/scratch/users/k24015724/wav2vec_project/outputs/IEMOCAP_features/Ses04M_impro08_F006_features.pt,fru
/scratch/users/k24015724/wav2vec_project/outputs/IEMOCAP_features/Ses04M_impro08_F007_features.pt,fru
/scratch/users/k24015724/wav2vec_project/outputs/IEMOCAP_features/Ses04M_impro08_F008_features.pt,fru
/scratch/users/k24015724/wav2vec_project/outputs/IEMOCAP_features/Ses04M_impro08_F009_features.pt,fru
/scratch/users/k24015724/wav2vec_project/outputs/IEMOCAP_features/Ses04M_impro08_F010_features.pt,fru
/scratch/users/k24015724/wav2vec_project/outputs/IEMOCAP_features/Ses04M_impro08_F011_features.pt,fru
/scratch/users/k24015724/wav2vec_project/outputs/IEMOCAP_features/Ses04M_impro08_F012_features.pt,fru
/scratch/users/k24015724/wav2vec_project/outputs/IEMOCAP_features/Ses04M_impro08_F013_features.pt,fru
/scratch/users/k24015724/wav2vec_project/outputs/IEMOCAP_features/Ses04M_impro08_F014_features.pt,fru
/scratch/users/k24015724/wav2vec_project/outputs/IEMOCAP_features/Ses04M_impro08_F016_features.pt,fru
/scratch/users/k24015724/wav2vec_project/outputs/IEMOCAP_features/Ses04M_impro08_F017_features.pt,fru
/scratch/users/k24015724/wav2vec_project/outputs/IEMOCAP_features/Ses04M_impro08_F018_features.pt,fru
/scratch/users/k24015724/wav2vec_project/outputs/IEMOCAP_features/Ses04M_impro08_F020_features.pt,neu
/scratch/users/k24015724/wav2vec_project/outputs/IEMOCAP_features/Ses04M_impro08_F022_features.pt,hap
/scratch/users/k24015724/wav2vec_project/outputs/IEMOCAP_features/Ses04M_impro08_F023_features.pt,hap
/scratch/users/k24015724/wav2vec_project/outputs/IEMOCAP_features/Ses04M_impro08_F024_features.pt,hap
/scratch/users/k24015724/wav2vec_project/outputs/IEMOCAP_features/Ses04M_impro08_F027_features.pt,neu
/scratch/users/k24015724/wav2vec_project/outputs/IEMOCAP_features/Ses04M_impro08_F028_features.pt,neu
/scratch/users/k24015724/wav2vec_project/outputs/IEMOCAP_features/Ses04M_impro08_F030_features.pt,neu
/scratch/users/k24015724/wav2vec_project/outputs/IEMOCAP_features/Ses04M_impro08_M000_features.pt,fru
/scratch/users/k24015724/wav2vec_project/outputs/IEMOCAP_features/Ses04M_impro08_M001_features.pt,neu
/scratch/users/k24015724/wav2vec_project/outputs/IEMOCAP_features/Ses04M_impro08_M002_features.pt,fru
/scratch/users/k24015724/wav2vec_project/outputs/IEMOCAP_features/Ses04M_impro08_M003_features.pt,fru
/scratch/users/k24015724/wav2vec_project/outputs/IEMOCAP_features/Ses04M_impro08_M004_features.pt,neu
/scratch/users/k24015724/wav2vec_project/outputs/IEMOCAP_features/Ses04M_impro08_M005_features.pt,neu
/scratch/users/k24015724/wav2vec_project/outputs/IEMOCAP_features/Ses04M_impro08_M006_features.pt,neu
/scratch/users/k24015724/wav2vec_project/outputs/IEMOCAP_features/Ses04M_impro08_M007_features.pt,fru
/scratch/users/k24015724/wav2vec_project/outputs/IEMOCAP_features/Ses04M_impro08_M008_features.pt,neu
/scratch/users/k24015724/wav2vec_project/outputs/IEMOCAP_features/Ses04M_impro08_M009_features.pt,fru
/scratch/users/k24015724/wav2vec_project/outputs/IEMOCAP_features/Ses04M_impro08_M010_features.pt,neu
/scratch/users/k24015724/wav2vec_project/outputs/IEMOCAP_features/Ses04M_impro08_M011_features.pt,neu
/scratch/users/k24015724/wav2vec_project/outputs/IEMOCAP_features/Ses04M_impro08_M012_features.pt,neu
/scratch/users/k24015724/wav2vec_project/outputs/IEMOCAP_features/Ses04M_impro08_M013_features.pt,neu
/scratch/users/k24015724/wav2vec_project/outputs/IEMOCAP_features/Ses04M_impro08_M014_features.pt,fru
/scratch/users/k24015724/wav2vec_project/outputs/IEMOCAP_features/Ses04M_impro08_M015_features.pt,fru
/scratch/users/k24015724/wav2vec_project/outputs/IEMOCAP_features/Ses04M_impro08_M016_features.pt,fru
/scratch/users/k24015724/wav2vec_project/outputs/IEMOCAP_features/Ses04M_impro08_M017_features.pt,neu
/scratch/users/k24015724/wav2vec_project/outputs/IEMOCAP_features/Ses04M_impro08_M018_features.pt,fru
/scratch/users/k24015724/wav2vec_project/outputs/IEMOCAP_features/Ses04M_impro08_M019_features.pt,neu
/scratch/users/k24015724/wav2vec_project/outputs/IEMOCAP_features/Ses04M_impro08_M020_features.pt,neu
/scratch/users/k24015724/wav2vec_project/outputs/IEMOCAP_features/Ses04M_impro08_M021_features.pt,neu
/scratch/users/k24015724/wav2vec_project/outputs/IEMOCAP_features/Ses04M_impro08_M022_features.pt,neu
/scratch/users/k24015724/wav2vec_project/outputs/IEMOCAP_features/Ses04M_impro08_M023_features.pt,neu
/scratch/users/k24015724/wav2vec_project/outputs/IEMOCAP_features/Ses04M_impro08_M024_features.pt,neu
/scratch/users/k24015724/wav2vec_project/outputs/IEMOCAP_features/Ses04M_impro08_M025_features.pt,neu
/scratch/users/k24015724/wav2vec_project/outputs/IEMOCAP_features/Ses04M_impro08_M026_features.pt,neu
/scratch/users/k24015724/wav2vec_project/outputs/IEMOCAP_features/Ses04M_impro08_M027_features.pt,neu
/scratch/users/k24015724/wav2vec_project/outputs/IEMOCAP_features/Ses04M_impro08_M028_features.pt,neu
/scratch/users/k24015724/wav2vec_project/outputs/IEMOCAP_features/Ses04M_script01_1_F000_features.pt,neu
/scratch/users/k24015724/wav2vec_project/outputs/IEMOCAP_features/Ses04M_script01_1_F007_features.pt,sad
/scratch/users/k24015724/wav2vec_project/outputs/IEMOCAP_features/Ses04M_script01_1_F009_features.pt,fru
/scratch/users/k24015724/wav2vec_project/outputs/IEMOCAP_features/Ses04M_script01_1_F010_features.pt,fru
/scratch/users/k24015724/wav2vec_project/outputs/IEMOCAP_features/Ses04M_script01_1_F011_features.pt,ang
/scratch/users/k24015724/wav2vec_project/outputs/IEMOCAP_features/Ses04M_script01_1_F012_features.pt,ang
/scratch/users/k24015724/wav2vec_project/outputs/IEMOCAP_features/Ses04M_script01_1_F013_features.pt,ang
/scratch/users/k24015724/wav2vec_project/outputs/IEMOCAP_features/Ses04M_script01_1_F015_features.pt,neu
/scratch/users/k24015724/wav2vec_project/outputs/IEMOCAP_features/Ses04M_script01_1_F017_features.pt,neu
/scratch/users/k24015724/wav2vec_project/outputs/IEMOCAP_features/Ses04M_script01_1_F018_features.pt,ang
/scratch/users/k24015724/wav2vec_project/outputs/IEMOCAP_features/Ses04M_script01_1_F019_features.pt,neu
/scratch/users/k24015724/wav2vec_project/outputs/IEMOCAP_features/Ses04M_script01_1_F020_features.pt,fru
/scratch/users/k24015724/wav2vec_project/outputs/IEMOCAP_features/Ses04M_script01_1_F021_features.pt,ang
/scratch/users/k24015724/wav2vec_project/outputs/IEMOCAP_features/Ses04M_script01_1_F022_features.pt,ang
/scratch/users/k24015724/wav2vec_project/outputs/IEMOCAP_features/Ses04M_script01_1_F023_features.pt,fru
/scratch/users/k24015724/wav2vec_project/outputs/IEMOCAP_features/Ses04M_script01_1_F024_features.pt,fru
/scratch/users/k24015724/wav2vec_project/outputs/IEMOCAP_features/Ses04M_script01_1_F027_features.pt,neu
/scratch/users/k24015724/wav2vec_project/outputs/IEMOCAP_features/Ses04M_script01_1_F028_features.pt,neu
/scratch/users/k24015724/wav2vec_project/outputs/IEMOCAP_features/Ses04M_script01_1_F029_features.pt,ang
/scratch/users/k24015724/wav2vec_project/outputs/IEMOCAP_features/Ses04M_script01_1_F031_features.pt,fru
/scratch/users/k24015724/wav2vec_project/outputs/IEMOCAP_features/Ses04M_script01_1_F032_features.pt,neu
/scratch/users/k24015724/wav2vec_project/outputs/IEMOCAP_features/Ses04M_script01_1_F033_features.pt,neu
/scratch/users/k24015724/wav2vec_project/outputs/IEMOCAP_features/Ses04M_script01_1_F034_features.pt,ang
/scratch/users/k24015724/wav2vec_project/outputs/IEMOCAP_features/Ses04M_script01_1_F035_features.pt,ang
/scratch/users/k24015724/wav2vec_project/outputs/IEMOCAP_features/Ses04M_script01_1_F036_features.pt,ang
/scratch/users/k24015724/wav2vec_project/outputs/IEMOCAP_features/Ses04M_script01_1_F037_features.pt,ang
/scratch/users/k24015724/wav2vec_project/outputs/IEMOCAP_features/Ses04M_script01_1_F039_features.pt,ang
/scratch/users/k24015724/wav2vec_project/outputs/IEMOCAP_features/Ses04M_script01_1_F040_features.pt,ang
/scratch/users/k24015724/wav2vec_project/outputs/IEMOCAP_features/Ses04M_script01_1_F041_features.pt,ang
/scratch/users/k24015724/wav2vec_project/outputs/IEMOCAP_features/Ses04M_script01_1_M000_features.pt,neu
/scratch/users/k24015724/wav2vec_project/outputs/IEMOCAP_features/Ses04M_script01_1_M001_features.pt,neu
/scratch/users/k24015724/wav2vec_project/outputs/IEMOCAP_features/Ses04M_script01_1_M007_features.pt,fru
/scratch/users/k24015724/wav2vec_project/outputs/IEMOCAP_features/Ses04M_script01_1_M010_features.pt,fru
/scratch/users/k24015724/wav2vec_project/outputs/IEMOCAP_features/Ses04M_script01_1_M013_features.pt,ang
/scratch/users/k24015724/wav2vec_project/outputs/IEMOCAP_features/Ses04M_script01_1_M014_features.pt,ang
/scratch/users/k24015724/wav2vec_project/outputs/IEMOCAP_features/Ses04M_script01_1_M016_features.pt,fru
/scratch/users/k24015724/wav2vec_project/outputs/IEMOCAP_features/Ses04M_script01_1_M017_features.pt,fru
/scratch/users/k24015724/wav2vec_project/outputs/IEMOCAP_features/Ses04M_script01_1_M018_features.pt,neu
/scratch/users/k24015724/wav2vec_project/outputs/IEMOCAP_features/Ses04M_script01_1_M019_features.pt,fru
/scratch/users/k24015724/wav2vec_project/outputs/IEMOCAP_features/Ses04M_script01_1_M021_features.pt,ang
/scratch/users/k24015724/wav2vec_project/outputs/IEMOCAP_features/Ses04M_script01_1_M022_features.pt,ang
/scratch/users/k24015724/wav2vec_project/outputs/IEMOCAP_features/Ses04M_script01_1_M023_features.pt,fru
/scratch/users/k24015724/wav2vec_project/outputs/IEMOCAP_features/Ses04M_script01_1_M024_features.pt,fru
/scratch/users/k24015724/wav2vec_project/outputs/IEMOCAP_features/Ses04M_script01_1_M025_features.pt,fru
/scratch/users/k24015724/wav2vec_project/outputs/IEMOCAP_features/Ses04M_script01_1_M026_features.pt,neu
/scratch/users/k24015724/wav2vec_project/outputs/IEMOCAP_features/Ses04M_script01_1_M029_features.pt,fru
/scratch/users/k24015724/wav2vec_project/outputs/IEMOCAP_features/Ses04M_script01_1_M030_features.pt,fru
/scratch/users/k24015724/wav2vec_project/outputs/IEMOCAP_features/Ses04M_script01_1_M031_features.pt,neu
/scratch/users/k24015724/wav2vec_project/outputs/IEMOCAP_features/Ses04M_script01_1_M032_features.pt,neu
/scratch/users/k24015724/wav2vec_project/outputs/IEMOCAP_features/Ses04M_script01_1_M033_features.pt,fru
/scratch/users/k24015724/wav2vec_project/outputs/IEMOCAP_features/Ses04M_script01_1_M034_features.pt,sad
/scratch/users/k24015724/wav2vec_project/outputs/IEMOCAP_features/Ses04M_script01_1_M036_features.pt,fru
/scratch/users/k24015724/wav2vec_project/outputs/IEMOCAP_features/Ses04M_script01_1_M037_features.pt,ang
/scratch/users/k24015724/wav2vec_project/outputs/IEMOCAP_features/Ses04M_script01_1_M038_features.pt,ang
/scratch/users/k24015724/wav2vec_project/outputs/IEMOCAP_features/Ses04M_script01_1_M040_features.pt,neu
/scratch/users/k24015724/wav2vec_project/outputs/IEMOCAP_features/Ses04M_script01_1_M041_features.pt,neu
/scratch/users/k24015724/wav2vec_project/outputs/IEMOCAP_features/Ses04M_script01_1_M042_features.pt,fru
/scratch/users/k24015724/wav2vec_project/outputs/IEMOCAP_features/Ses04M_script01_1_M044_features.pt,fru
/scratch/users/k24015724/wav2vec_project/outputs/IEMOCAP_features/Ses04M_script01_2_F000_features.pt,ang
/scratch/users/k24015724/wav2vec_project/outputs/IEMOCAP_features/Ses04M_script01_2_F001_features.pt,neu
/scratch/users/k24015724/wav2vec_project/outputs/IEMOCAP_features/Ses04M_script01_2_F002_features.pt,ang
/scratch/users/k24015724/wav2vec_project/outputs/IEMOCAP_features/Ses04M_script01_2_F003_features.pt,ang
/scratch/users/k24015724/wav2vec_project/outputs/IEMOCAP_features/Ses04M_script01_2_F004_features.pt,ang
/scratch/users/k24015724/wav2vec_project/outputs/IEMOCAP_features/Ses04M_script01_2_F005_features.pt,ang
/scratch/users/k24015724/wav2vec_project/outputs/IEMOCAP_features/Ses04M_script01_2_F006_features.pt,ang
/scratch/users/k24015724/wav2vec_project/outputs/IEMOCAP_features/Ses04M_script01_2_F007_features.pt,neu
/scratch/users/k24015724/wav2vec_project/outputs/IEMOCAP_features/Ses04M_script01_2_F008_features.pt,ang
/scratch/users/k24015724/wav2vec_project/outputs/IEMOCAP_features/Ses04M_script01_2_F009_features.pt,ang
/scratch/users/k24015724/wav2vec_project/outputs/IEMOCAP_features/Ses04M_script01_2_F010_features.pt,ang
/scratch/users/k24015724/wav2vec_project/outputs/IEMOCAP_features/Ses04M_script01_2_F011_features.pt,ang
/scratch/users/k24015724/wav2vec_project/outputs/IEMOCAP_features/Ses04M_script01_2_F012_features.pt,ang
/scratch/users/k24015724/wav2vec_project/outputs/IEMOCAP_features/Ses04M_script01_2_F013_features.pt,ang
/scratch/users/k24015724/wav2vec_project/outputs/IEMOCAP_features/Ses04M_script01_2_F014_features.pt,ang
/scratch/users/k24015724/wav2vec_project/outputs/IEMOCAP_features/Ses04M_script01_2_F015_features.pt,ang
/scratch/users/k24015724/wav2vec_project/outputs/IEMOCAP_features/Ses04M_script01_2_F016_features.pt,ang
/scratch/users/k24015724/wav2vec_project/outputs/IEMOCAP_features/Ses04M_script01_2_F018_features.pt,ang
/scratch/users/k24015724/wav2vec_project/outputs/IEMOCAP_features/Ses04M_script01_2_F020_features.pt,sad
/scratch/users/k24015724/wav2vec_project/outputs/IEMOCAP_features/Ses04M_script01_2_M000_features.pt,neu
/scratch/users/k24015724/wav2vec_project/outputs/IEMOCAP_features/Ses04M_script01_2_M003_features.pt,fru
/scratch/users/k24015724/wav2vec_project/outputs/IEMOCAP_features/Ses04M_script01_2_M005_features.pt,neu
/scratch/users/k24015724/wav2vec_project/outputs/IEMOCAP_features/Ses04M_script01_2_M006_features.pt,neu
/scratch/users/k24015724/wav2vec_project/outputs/IEMOCAP_features/Ses04M_script01_2_M007_features.pt,neu
/scratch/users/k24015724/wav2vec_project/outputs/IEMOCAP_features/Ses04M_script01_2_M011_features.pt,fru
/scratch/users/k24015724/wav2vec_project/outputs/IEMOCAP_features/Ses04M_script01_2_M012_features.pt,fru
/scratch/users/k24015724/wav2vec_project/outputs/IEMOCAP_features/Ses04M_script01_2_M013_features.pt,fru
/scratch/users/k24015724/wav2vec_project/outputs/IEMOCAP_features/Ses04M_script01_2_M014_features.pt,fru
/scratch/users/k24015724/wav2vec_project/outputs/IEMOCAP_features/Ses04M_script01_2_M015_features.pt,fru
/scratch/users/k24015724/wav2vec_project/outputs/IEMOCAP_features/Ses04M_script01_2_M016_features.pt,fru
/scratch/users/k24015724/wav2vec_project/outputs/IEMOCAP_features/Ses04M_script01_2_M017_features.pt,fru
/scratch/users/k24015724/wav2vec_project/outputs/IEMOCAP_features/Ses04M_script01_2_M019_features.pt,ang
/scratch/users/k24015724/wav2vec_project/outputs/IEMOCAP_features/Ses04M_script01_3_F012_features.pt,hap
/scratch/users/k24015724/wav2vec_project/outputs/IEMOCAP_features/Ses04M_script01_3_F013_features.pt,hap
/scratch/users/k24015724/wav2vec_project/outputs/IEMOCAP_features/Ses04M_script01_3_F014_features.pt,hap
/scratch/users/k24015724/wav2vec_project/outputs/IEMOCAP_features/Ses04M_script01_3_F022_features.pt,sad
/scratch/users/k24015724/wav2vec_project/outputs/IEMOCAP_features/Ses04M_script01_3_F023_features.pt,sad
/scratch/users/k24015724/wav2vec_project/outputs/IEMOCAP_features/Ses04M_script01_3_F027_features.pt,hap
/scratch/users/k24015724/wav2vec_project/outputs/IEMOCAP_features/Ses04M_script01_3_M022_features.pt,sad
/scratch/users/k24015724/wav2vec_project/outputs/IEMOCAP_features/Ses04M_script01_3_M023_features.pt,sad
/scratch/users/k24015724/wav2vec_project/outputs/IEMOCAP_features/Ses04M_script01_3_M024_features.pt,sad
/scratch/users/k24015724/wav2vec_project/outputs/IEMOCAP_features/Ses04M_script01_3_M025_features.pt,sad
/scratch/users/k24015724/wav2vec_project/outputs/IEMOCAP_features/Ses04M_script01_3_M026_features.pt,sad
/scratch/users/k24015724/wav2vec_project/outputs/IEMOCAP_features/Ses04M_script01_3_M027_features.pt,sad
/scratch/users/k24015724/wav2vec_project/outputs/IEMOCAP_features/Ses04M_script01_3_M028_features.pt,sad
/scratch/users/k24015724/wav2vec_project/outputs/IEMOCAP_features/Ses04M_script01_3_M030_features.pt,sad
/scratch/users/k24015724/wav2vec_project/outputs/IEMOCAP_features/Ses04M_script01_3_M031_features.pt,sad
/scratch/users/k24015724/wav2vec_project/outputs/IEMOCAP_features/Ses04M_script01_3_M032_features.pt,sad
/scratch/users/k24015724/wav2vec_project/outputs/IEMOCAP_features/Ses04M_script01_3_M033_features.pt,sad
/scratch/users/k24015724/wav2vec_project/outputs/IEMOCAP_features/Ses04M_script01_3_M034_features.pt,sad
/scratch/users/k24015724/wav2vec_project/outputs/IEMOCAP_features/Ses04M_script01_3_M035_features.pt,sad
/scratch/users/k24015724/wav2vec_project/outputs/IEMOCAP_features/Ses04M_script01_3_M037_features.pt,hap
/scratch/users/k24015724/wav2vec_project/outputs/IEMOCAP_features/Ses04M_script02_1_F000_features.pt,neu
/scratch/users/k24015724/wav2vec_project/outputs/IEMOCAP_features/Ses04M_script02_1_F002_features.pt,ang
/scratch/users/k24015724/wav2vec_project/outputs/IEMOCAP_features/Ses04M_script02_1_F003_features.pt,ang
/scratch/users/k24015724/wav2vec_project/outputs/IEMOCAP_features/Ses04M_script02_1_F004_features.pt,ang
/scratch/users/k24015724/wav2vec_project/outputs/IEMOCAP_features/Ses04M_script02_1_F005_features.pt,ang
/scratch/users/k24015724/wav2vec_project/outputs/IEMOCAP_features/Ses04M_script02_1_F007_features.pt,ang
/scratch/users/k24015724/wav2vec_project/outputs/IEMOCAP_features/Ses04M_script02_1_F008_features.pt,ang
/scratch/users/k24015724/wav2vec_project/outputs/IEMOCAP_features/Ses04M_script02_1_F009_features.pt,fru
/scratch/users/k24015724/wav2vec_project/outputs/IEMOCAP_features/Ses04M_script02_1_F010_features.pt,ang
/scratch/users/k24015724/wav2vec_project/outputs/IEMOCAP_features/Ses04M_script02_1_F011_features.pt,fru
/scratch/users/k24015724/wav2vec_project/outputs/IEMOCAP_features/Ses04M_script02_1_F012_features.pt,ang
/scratch/users/k24015724/wav2vec_project/outputs/IEMOCAP_features/Ses04M_script02_1_F013_features.pt,ang
/scratch/users/k24015724/wav2vec_project/outputs/IEMOCAP_features/Ses04M_script02_1_F014_features.pt,neu
/scratch/users/k24015724/wav2vec_project/outputs/IEMOCAP_features/Ses04M_script02_1_F015_features.pt,fru
/scratch/users/k24015724/wav2vec_project/outputs/IEMOCAP_features/Ses04M_script02_1_F016_features.pt,fru
/scratch/users/k24015724/wav2vec_project/outputs/IEMOCAP_features/Ses04M_script02_1_F017_features.pt,ang
/scratch/users/k24015724/wav2vec_project/outputs/IEMOCAP_features/Ses04M_script02_1_F018_features.pt,ang
/scratch/users/k24015724/wav2vec_project/outputs/IEMOCAP_features/Ses04M_script02_1_F019_features.pt,fru
/scratch/users/k24015724/wav2vec_project/outputs/IEMOCAP_features/Ses04M_script02_1_F020_features.pt,fru
/scratch/users/k24015724/wav2vec_project/outputs/IEMOCAP_features/Ses04M_script02_1_F021_features.pt,fru
/scratch/users/k24015724/wav2vec_project/outputs/IEMOCAP_features/Ses04M_script02_1_M005_features.pt,neu
/scratch/users/k24015724/wav2vec_project/outputs/IEMOCAP_features/Ses04M_script02_1_M006_features.pt,fru
/scratch/users/k24015724/wav2vec_project/outputs/IEMOCAP_features/Ses04M_script02_1_M009_features.pt,neu
/scratch/users/k24015724/wav2vec_project/outputs/IEMOCAP_features/Ses04M_script02_1_M012_features.pt,neu
/scratch/users/k24015724/wav2vec_project/outputs/IEMOCAP_features/Ses04M_script02_1_M013_features.pt,fru
/scratch/users/k24015724/wav2vec_project/outputs/IEMOCAP_features/Ses04M_script02_1_M014_features.pt,neu
/scratch/users/k24015724/wav2vec_project/outputs/IEMOCAP_features/Ses04M_script02_1_M015_features.pt,neu
/scratch/users/k24015724/wav2vec_project/outputs/IEMOCAP_features/Ses04M_script02_1_M016_features.pt,fru
/scratch/users/k24015724/wav2vec_project/outputs/IEMOCAP_features/Ses04M_script02_1_M019_features.pt,fru
/scratch/users/k24015724/wav2vec_project/outputs/IEMOCAP_features/Ses04M_script02_2_F000_features.pt,neu
/scratch/users/k24015724/wav2vec_project/outputs/IEMOCAP_features/Ses04M_script02_2_F006_features.pt,ang
/scratch/users/k24015724/wav2vec_project/outputs/IEMOCAP_features/Ses04M_script02_2_F007_features.pt,ang
/scratch/users/k24015724/wav2vec_project/outputs/IEMOCAP_features/Ses04M_script02_2_F009_features.pt,ang
/scratch/users/k24015724/wav2vec_project/outputs/IEMOCAP_features/Ses04M_script02_2_F010_features.pt,fru
/scratch/users/k24015724/wav2vec_project/outputs/IEMOCAP_features/Ses04M_script02_2_F012_features.pt,fru
/scratch/users/k24015724/wav2vec_project/outputs/IEMOCAP_features/Ses04M_script02_2_F013_features.pt,ang
/scratch/users/k24015724/wav2vec_project/outputs/IEMOCAP_features/Ses04M_script02_2_F016_features.pt,sad
/scratch/users/k24015724/wav2vec_project/outputs/IEMOCAP_features/Ses04M_script02_2_F018_features.pt,sad
/scratch/users/k24015724/wav2vec_project/outputs/IEMOCAP_features/Ses04M_script02_2_F019_features.pt,sad
/scratch/users/k24015724/wav2vec_project/outputs/IEMOCAP_features/Ses04M_script02_2_F020_features.pt,sad
/scratch/users/k24015724/wav2vec_project/outputs/IEMOCAP_features/Ses04M_script02_2_F021_features.pt,sad
/scratch/users/k24015724/wav2vec_project/outputs/IEMOCAP_features/Ses04M_script02_2_F022_features.pt,fru
/scratch/users/k24015724/wav2vec_project/outputs/IEMOCAP_features/Ses04M_script02_2_F023_features.pt,fru
/scratch/users/k24015724/wav2vec_project/outputs/IEMOCAP_features/Ses04M_script02_2_F024_features.pt,fru
/scratch/users/k24015724/wav2vec_project/outputs/IEMOCAP_features/Ses04M_script02_2_F025_features.pt,ang
/scratch/users/k24015724/wav2vec_project/outputs/IEMOCAP_features/Ses04M_script02_2_F026_features.pt,ang
/scratch/users/k24015724/wav2vec_project/outputs/IEMOCAP_features/Ses04M_script02_2_F027_features.pt,ang
/scratch/users/k24015724/wav2vec_project/outputs/IEMOCAP_features/Ses04M_script02_2_F028_features.pt,ang
/scratch/users/k24015724/wav2vec_project/outputs/IEMOCAP_features/Ses04M_script02_2_F029_features.pt,ang
/scratch/users/k24015724/wav2vec_project/outputs/IEMOCAP_features/Ses04M_script02_2_F031_features.pt,fru
/scratch/users/k24015724/wav2vec_project/outputs/IEMOCAP_features/Ses04M_script02_2_F032_features.pt,sad
/scratch/users/k24015724/wav2vec_project/outputs/IEMOCAP_features/Ses04M_script02_2_F035_features.pt,hap
/scratch/users/k24015724/wav2vec_project/outputs/IEMOCAP_features/Ses04M_script02_2_F036_features.pt,hap
/scratch/users/k24015724/wav2vec_project/outputs/IEMOCAP_features/Ses04M_script02_2_M000_features.pt,neu
/scratch/users/k24015724/wav2vec_project/outputs/IEMOCAP_features/Ses04M_script02_2_M001_features.pt,neu
/scratch/users/k24015724/wav2vec_project/outputs/IEMOCAP_features/Ses04M_script02_2_M002_features.pt,fru
/scratch/users/k24015724/wav2vec_project/outputs/IEMOCAP_features/Ses04M_script02_2_M005_features.pt,fru
/scratch/users/k24015724/wav2vec_project/outputs/IEMOCAP_features/Ses04M_script02_2_M006_features.pt,ang
/scratch/users/k24015724/wav2vec_project/outputs/IEMOCAP_features/Ses04M_script02_2_M007_features.pt,ang
/scratch/users/k24015724/wav2vec_project/outputs/IEMOCAP_features/Ses04M_script02_2_M011_features.pt,fru
/scratch/users/k24015724/wav2vec_project/outputs/IEMOCAP_features/Ses04M_script02_2_M013_features.pt,fru
/scratch/users/k24015724/wav2vec_project/outputs/IEMOCAP_features/Ses04M_script02_2_M014_features.pt,fru
/scratch/users/k24015724/wav2vec_project/outputs/IEMOCAP_features/Ses04M_script02_2_M015_features.pt,fru
/scratch/users/k24015724/wav2vec_project/outputs/IEMOCAP_features/Ses04M_script02_2_M016_features.pt,fru
/scratch/users/k24015724/wav2vec_project/outputs/IEMOCAP_features/Ses04M_script02_2_M017_features.pt,fru
/scratch/users/k24015724/wav2vec_project/outputs/IEMOCAP_features/Ses04M_script02_2_M018_features.pt,fru
/scratch/users/k24015724/wav2vec_project/outputs/IEMOCAP_features/Ses04M_script02_2_M019_features.pt,fru
/scratch/users/k24015724/wav2vec_project/outputs/IEMOCAP_features/Ses04M_script02_2_M020_features.pt,neu
/scratch/users/k24015724/wav2vec_project/outputs/IEMOCAP_features/Ses04M_script02_2_M021_features.pt,neu
/scratch/users/k24015724/wav2vec_project/outputs/IEMOCAP_features/Ses04M_script02_2_M024_features.pt,fru
/scratch/users/k24015724/wav2vec_project/outputs/IEMOCAP_features/Ses04M_script02_2_M025_features.pt,fru
/scratch/users/k24015724/wav2vec_project/outputs/IEMOCAP_features/Ses04M_script02_2_M026_features.pt,fru
/scratch/users/k24015724/wav2vec_project/outputs/IEMOCAP_features/Ses04M_script02_2_M027_features.pt,fru
/scratch/users/k24015724/wav2vec_project/outputs/IEMOCAP_features/Ses04M_script02_2_M029_features.pt,ang
/scratch/users/k24015724/wav2vec_project/outputs/IEMOCAP_features/Ses04M_script02_2_M031_features.pt,ang
/scratch/users/k24015724/wav2vec_project/outputs/IEMOCAP_features/Ses04M_script02_2_M032_features.pt,fru
/scratch/users/k24015724/wav2vec_project/outputs/IEMOCAP_features/Ses04M_script02_2_M033_features.pt,fru
/scratch/users/k24015724/wav2vec_project/outputs/IEMOCAP_features/Ses04M_script02_2_M034_features.pt,ang
/scratch/users/k24015724/wav2vec_project/outputs/IEMOCAP_features/Ses04M_script02_2_M035_features.pt,fru
/scratch/users/k24015724/wav2vec_project/outputs/IEMOCAP_features/Ses04M_script02_2_M037_features.pt,sad
/scratch/users/k24015724/wav2vec_project/outputs/IEMOCAP_features/Ses04M_script02_2_M039_features.pt,hap
/scratch/users/k24015724/wav2vec_project/outputs/IEMOCAP_features/Ses04M_script02_2_M040_features.pt,hap
/scratch/users/k24015724/wav2vec_project/outputs/IEMOCAP_features/Ses04M_script02_2_M041_features.pt,hap
/scratch/users/k24015724/wav2vec_project/outputs/IEMOCAP_features/Ses04M_script03_1_F013_features.pt,neu
/scratch/users/k24015724/wav2vec_project/outputs/IEMOCAP_features/Ses04M_script03_1_M003_features.pt,neu
/scratch/users/k24015724/wav2vec_project/outputs/IEMOCAP_features/Ses04M_script03_1_M010_features.pt,neu
/scratch/users/k24015724/wav2vec_project/outputs/IEMOCAP_features/Ses04M_script03_1_M012_features.pt,neu
/scratch/users/k24015724/wav2vec_project/outputs/IEMOCAP_features/Ses04M_script03_1_M013_features.pt,ang
/scratch/users/k24015724/wav2vec_project/outputs/IEMOCAP_features/Ses04M_script03_1_M016_features.pt,sad
/scratch/users/k24015724/wav2vec_project/outputs/IEMOCAP_features/Ses04M_script03_1_M025_features.pt,ang
/scratch/users/k24015724/wav2vec_project/outputs/IEMOCAP_features/Ses04M_script03_1_M028_features.pt,neu
/scratch/users/k24015724/wav2vec_project/outputs/IEMOCAP_features/Ses04M_script03_1_M033_features.pt,neu
/scratch/users/k24015724/wav2vec_project/outputs/IEMOCAP_features/Ses04M_script03_2_F000_features.pt,ang
/scratch/users/k24015724/wav2vec_project/outputs/IEMOCAP_features/Ses04M_script03_2_F001_features.pt,hap
/scratch/users/k24015724/wav2vec_project/outputs/IEMOCAP_features/Ses04M_script03_2_F002_features.pt,hap
/scratch/users/k24015724/wav2vec_project/outputs/IEMOCAP_features/Ses04M_script03_2_F003_features.pt,hap
/scratch/users/k24015724/wav2vec_project/outputs/IEMOCAP_features/Ses04M_script03_2_F008_features.pt,hap
/scratch/users/k24015724/wav2vec_project/outputs/IEMOCAP_features/Ses04M_script03_2_F009_features.pt,neu
/scratch/users/k24015724/wav2vec_project/outputs/IEMOCAP_features/Ses04M_script03_2_F010_features.pt,ang
/scratch/users/k24015724/wav2vec_project/outputs/IEMOCAP_features/Ses04M_script03_2_F012_features.pt,fru
/scratch/users/k24015724/wav2vec_project/outputs/IEMOCAP_features/Ses04M_script03_2_F013_features.pt,fru
/scratch/users/k24015724/wav2vec_project/outputs/IEMOCAP_features/Ses04M_script03_2_F014_features.pt,ang
/scratch/users/k24015724/wav2vec_project/outputs/IEMOCAP_features/Ses04M_script03_2_F015_features.pt,fru
/scratch/users/k24015724/wav2vec_project/outputs/IEMOCAP_features/Ses04M_script03_2_F016_features.pt,fru
/scratch/users/k24015724/wav2vec_project/outputs/IEMOCAP_features/Ses04M_script03_2_F017_features.pt,ang
/scratch/users/k24015724/wav2vec_project/outputs/IEMOCAP_features/Ses04M_script03_2_F018_features.pt,fru
/scratch/users/k24015724/wav2vec_project/outputs/IEMOCAP_features/Ses04M_script03_2_F019_features.pt,ang
/scratch/users/k24015724/wav2vec_project/outputs/IEMOCAP_features/Ses04M_script03_2_F020_features.pt,fru
/scratch/users/k24015724/wav2vec_project/outputs/IEMOCAP_features/Ses04M_script03_2_F022_features.pt,ang
/scratch/users/k24015724/wav2vec_project/outputs/IEMOCAP_features/Ses04M_script03_2_F023_features.pt,ang
/scratch/users/k24015724/wav2vec_project/outputs/IEMOCAP_features/Ses04M_script03_2_F024_features.pt,neu
/scratch/users/k24015724/wav2vec_project/outputs/IEMOCAP_features/Ses04M_script03_2_F025_features.pt,fru
/scratch/users/k24015724/wav2vec_project/outputs/IEMOCAP_features/Ses04M_script03_2_F026_features.pt,ang
/scratch/users/k24015724/wav2vec_project/outputs/IEMOCAP_features/Ses04M_script03_2_F027_features.pt,fru
/scratch/users/k24015724/wav2vec_project/outputs/IEMOCAP_features/Ses04M_script03_2_F028_features.pt,ang
/scratch/users/k24015724/wav2vec_project/outputs/IEMOCAP_features/Ses04M_script03_2_F029_features.pt,ang
/scratch/users/k24015724/wav2vec_project/outputs/IEMOCAP_features/Ses04M_script03_2_F030_features.pt,ang
/scratch/users/k24015724/wav2vec_project/outputs/IEMOCAP_features/Ses04M_script03_2_F031_features.pt,ang
/scratch/users/k24015724/wav2vec_project/outputs/IEMOCAP_features/Ses04M_script03_2_F032_features.pt,ang
/scratch/users/k24015724/wav2vec_project/outputs/IEMOCAP_features/Ses04M_script03_2_F033_features.pt,ang
/scratch/users/k24015724/wav2vec_project/outputs/IEMOCAP_features/Ses04M_script03_2_F034_features.pt,ang
/scratch/users/k24015724/wav2vec_project/outputs/IEMOCAP_features/Ses04M_script03_2_F035_features.pt,ang
/scratch/users/k24015724/wav2vec_project/outputs/IEMOCAP_features/Ses04M_script03_2_F036_features.pt,ang
/scratch/users/k24015724/wav2vec_project/outputs/IEMOCAP_features/Ses04M_script03_2_F037_features.pt,ang
/scratch/users/k24015724/wav2vec_project/outputs/IEMOCAP_features/Ses04M_script03_2_F039_features.pt,ang
/scratch/users/k24015724/wav2vec_project/outputs/IEMOCAP_features/Ses04M_script03_2_F040_features.pt,ang
/scratch/users/k24015724/wav2vec_project/outputs/IEMOCAP_features/Ses04M_script03_2_F041_features.pt,ang
/scratch/users/k24015724/wav2vec_project/outputs/IEMOCAP_features/Ses04M_script03_2_F042_features.pt,ang
/scratch/users/k24015724/wav2vec_project/outputs/IEMOCAP_features/Ses04M_script03_2_F043_features.pt,neu
/scratch/users/k24015724/wav2vec_project/outputs/IEMOCAP_features/Ses04M_script03_2_F044_features.pt,ang
/scratch/users/k24015724/wav2vec_project/outputs/IEMOCAP_features/Ses04M_script03_2_F045_features.pt,ang
/scratch/users/k24015724/wav2vec_project/outputs/IEMOCAP_features/Ses04M_script03_2_F046_features.pt,ang
/scratch/users/k24015724/wav2vec_project/outputs/IEMOCAP_features/Ses04M_script03_2_F047_features.pt,ang
/scratch/users/k24015724/wav2vec_project/outputs/IEMOCAP_features/Ses04M_script03_2_F048_features.pt,ang
/scratch/users/k24015724/wav2vec_project/outputs/IEMOCAP_features/Ses04M_script03_2_F049_features.pt,ang
/scratch/users/k24015724/wav2vec_project/outputs/IEMOCAP_features/Ses04M_script03_2_F050_features.pt,ang
/scratch/users/k24015724/wav2vec_project/outputs/IEMOCAP_features/Ses04M_script03_2_F051_features.pt,ang
/scratch/users/k24015724/wav2vec_project/outputs/IEMOCAP_features/Ses04M_script03_2_F052_features.pt,ang
/scratch/users/k24015724/wav2vec_project/outputs/IEMOCAP_features/Ses04M_script03_2_M001_features.pt,neu
/scratch/users/k24015724/wav2vec_project/outputs/IEMOCAP_features/Ses04M_script03_2_M004_features.pt,fru
/scratch/users/k24015724/wav2vec_project/outputs/IEMOCAP_features/Ses04M_script03_2_M005_features.pt,fru
/scratch/users/k24015724/wav2vec_project/outputs/IEMOCAP_features/Ses04M_script03_2_M007_features.pt,fru
/scratch/users/k24015724/wav2vec_project/outputs/IEMOCAP_features/Ses04M_script03_2_M008_features.pt,ang
/scratch/users/k24015724/wav2vec_project/outputs/IEMOCAP_features/Ses04M_script03_2_M009_features.pt,neu
/scratch/users/k24015724/wav2vec_project/outputs/IEMOCAP_features/Ses04M_script03_2_M010_features.pt,ang
/scratch/users/k24015724/wav2vec_project/outputs/IEMOCAP_features/Ses04M_script03_2_M011_features.pt,ang
/scratch/users/k24015724/wav2vec_project/outputs/IEMOCAP_features/Ses04M_script03_2_M012_features.pt,ang
/scratch/users/k24015724/wav2vec_project/outputs/IEMOCAP_features/Ses04M_script03_2_M013_features.pt,ang
/scratch/users/k24015724/wav2vec_project/outputs/IEMOCAP_features/Ses04M_script03_2_M014_features.pt,ang
/scratch/users/k24015724/wav2vec_project/outputs/IEMOCAP_features/Ses04M_script03_2_M016_features.pt,fru
/scratch/users/k24015724/wav2vec_project/outputs/IEMOCAP_features/Ses04M_script03_2_M017_features.pt,fru
/scratch/users/k24015724/wav2vec_project/outputs/IEMOCAP_features/Ses04M_script03_2_M018_features.pt,fru
/scratch/users/k24015724/wav2vec_project/outputs/IEMOCAP_features/Ses04M_script03_2_M019_features.pt,fru
/scratch/users/k24015724/wav2vec_project/outputs/IEMOCAP_features/Ses04M_script03_2_M020_features.pt,ang
/scratch/users/k24015724/wav2vec_project/outputs/IEMOCAP_features/Ses04M_script03_2_M021_features.pt,ang
/scratch/users/k24015724/wav2vec_project/outputs/IEMOCAP_features/Ses04M_script03_2_M022_features.pt,ang
/scratch/users/k24015724/wav2vec_project/outputs/IEMOCAP_features/Ses04M_script03_2_M023_features.pt,fru
/scratch/users/k24015724/wav2vec_project/outputs/IEMOCAP_features/Ses04M_script03_2_M024_features.pt,ang
/scratch/users/k24015724/wav2vec_project/outputs/IEMOCAP_features/Ses04M_script03_2_M025_features.pt,ang
/scratch/users/k24015724/wav2vec_project/outputs/IEMOCAP_features/Ses04M_script03_2_M026_features.pt,neu
/scratch/users/k24015724/wav2vec_project/outputs/IEMOCAP_features/Ses04M_script03_2_M027_features.pt,ang
/scratch/users/k24015724/wav2vec_project/outputs/IEMOCAP_features/Ses04M_script03_2_M028_features.pt,neu
/scratch/users/k24015724/wav2vec_project/outputs/IEMOCAP_features/Ses04M_script03_2_M029_features.pt,ang
/scratch/users/k24015724/wav2vec_project/outputs/IEMOCAP_features/Ses04M_script03_2_M030_features.pt,ang
/scratch/users/k24015724/wav2vec_project/outputs/IEMOCAP_features/Ses04M_script03_2_M031_features.pt,ang
/scratch/users/k24015724/wav2vec_project/outputs/IEMOCAP_features/Ses04M_script03_2_M033_features.pt,ang
/scratch/users/k24015724/wav2vec_project/outputs/IEMOCAP_features/Ses04M_script03_2_M034_features.pt,ang
/scratch/users/k24015724/wav2vec_project/outputs/IEMOCAP_features/Ses04M_script03_2_M035_features.pt,ang
/scratch/users/k24015724/wav2vec_project/outputs/IEMOCAP_features/Ses04M_script03_2_M036_features.pt,ang
/scratch/users/k24015724/wav2vec_project/outputs/IEMOCAP_features/Ses04M_script03_2_M037_features.pt,fru
/scratch/users/k24015724/wav2vec_project/outputs/IEMOCAP_features/Ses04M_script03_2_M038_features.pt,ang
/scratch/users/k24015724/wav2vec_project/outputs/IEMOCAP_features/Ses04M_script03_2_M040_features.pt,ang
/scratch/users/k24015724/wav2vec_project/outputs/IEMOCAP_features/Ses04M_script03_2_M041_features.pt,ang
/scratch/users/k24015724/wav2vec_project/outputs/IEMOCAP_features/Ses04M_script03_2_M043_features.pt,ang
/scratch/users/k24015724/wav2vec_project/outputs/IEMOCAP_features/Ses04M_script03_2_M046_features.pt,ang
/scratch/users/k24015724/wav2vec_project/outputs/IEMOCAP_features/Ses04M_script03_2_M047_features.pt,ang
/scratch/users/k24015724/wav2vec_project/outputs/IEMOCAP_features/Ses04M_script03_2_M048_features.pt,ang
/scratch/users/k24015724/wav2vec_project/outputs/IEMOCAP_features/Ses04M_script03_2_M049_features.pt,ang
/scratch/users/k24015724/wav2vec_project/outputs/IEMOCAP_features/Ses04M_script03_2_M050_features.pt,ang
/scratch/users/k24015724/wav2vec_project/outputs/IEMOCAP_features/Ses04M_script03_2_M051_features.pt,ang
/scratch/users/k24015724/wav2vec_project/outputs/IEMOCAP_features/Ses04M_script03_2_M052_features.pt,ang
/scratch/users/k24015724/wav2vec_project/outputs/IEMOCAP_features/Ses04M_script03_2_M053_features.pt,ang
/scratch/users/k24015724/wav2vec_project/outputs/IEMOCAP_features/Ses04M_script03_2_M054_features.pt,ang
/scratch/users/k24015724/wav2vec_project/outputs/IEMOCAP_features/Ses04M_script03_2_M055_features.pt,ang
/scratch/users/k24015724/wav2vec_project/outputs/IEMOCAP_features/Ses04M_script03_2_M056_features.pt,ang
/scratch/users/k24015724/wav2vec_project/outputs/IEMOCAP_features/Ses05F_impro01_F000_features.pt,neu
/scratch/users/k24015724/wav2vec_project/outputs/IEMOCAP_features/Ses05F_impro01_F001_features.pt,fru
/scratch/users/k24015724/wav2vec_project/outputs/IEMOCAP_features/Ses05F_impro01_F002_features.pt,fru
/scratch/users/k24015724/wav2vec_project/outputs/IEMOCAP_features/Ses05F_impro01_F003_features.pt,fru
/scratch/users/k24015724/wav2vec_project/outputs/IEMOCAP_features/Ses05F_impro01_F004_features.pt,fru
/scratch/users/k24015724/wav2vec_project/outputs/IEMOCAP_features/Ses05F_impro01_F005_features.pt,fru
/scratch/users/k24015724/wav2vec_project/outputs/IEMOCAP_features/Ses05F_impro01_F006_features.pt,fru
/scratch/users/k24015724/wav2vec_project/outputs/IEMOCAP_features/Ses05F_impro01_F007_features.pt,fru
/scratch/users/k24015724/wav2vec_project/outputs/IEMOCAP_features/Ses05F_impro01_F008_features.pt,neu
/scratch/users/k24015724/wav2vec_project/outputs/IEMOCAP_features/Ses05F_impro01_F009_features.pt,fru
/scratch/users/k24015724/wav2vec_project/outputs/IEMOCAP_features/Ses05F_impro01_F010_features.pt,fru
/scratch/users/k24015724/wav2vec_project/outputs/IEMOCAP_features/Ses05F_impro01_F011_features.pt,fru
/scratch/users/k24015724/wav2vec_project/outputs/IEMOCAP_features/Ses05F_impro01_F012_features.pt,fru
/scratch/users/k24015724/wav2vec_project/outputs/IEMOCAP_features/Ses05F_impro01_F013_features.pt,fru
/scratch/users/k24015724/wav2vec_project/outputs/IEMOCAP_features/Ses05F_impro01_F014_features.pt,fru
/scratch/users/k24015724/wav2vec_project/outputs/IEMOCAP_features/Ses05F_impro01_F015_features.pt,fru
/scratch/users/k24015724/wav2vec_project/outputs/IEMOCAP_features/Ses05F_impro01_F016_features.pt,fru
/scratch/users/k24015724/wav2vec_project/outputs/IEMOCAP_features/Ses05F_impro01_F017_features.pt,ang
/scratch/users/k24015724/wav2vec_project/outputs/IEMOCAP_features/Ses05F_impro01_F018_features.pt,ang
/scratch/users/k24015724/wav2vec_project/outputs/IEMOCAP_features/Ses05F_impro01_F019_features.pt,fru
/scratch/users/k24015724/wav2vec_project/outputs/IEMOCAP_features/Ses05F_impro01_F020_features.pt,ang
/scratch/users/k24015724/wav2vec_project/outputs/IEMOCAP_features/Ses05F_impro01_F021_features.pt,fru
/scratch/users/k24015724/wav2vec_project/outputs/IEMOCAP_features/Ses05F_impro01_F022_features.pt,fru
/scratch/users/k24015724/wav2vec_project/outputs/IEMOCAP_features/Ses05F_impro01_F023_features.pt,fru
/scratch/users/k24015724/wav2vec_project/outputs/IEMOCAP_features/Ses05F_impro01_M000_features.pt,neu
/scratch/users/k24015724/wav2vec_project/outputs/IEMOCAP_features/Ses05F_impro01_M003_features.pt,neu
/scratch/users/k24015724/wav2vec_project/outputs/IEMOCAP_features/Ses05F_impro01_M004_features.pt,fru
/scratch/users/k24015724/wav2vec_project/outputs/IEMOCAP_features/Ses05F_impro01_M005_features.pt,fru
/scratch/users/k24015724/wav2vec_project/outputs/IEMOCAP_features/Ses05F_impro01_M006_features.pt,fru
/scratch/users/k24015724/wav2vec_project/outputs/IEMOCAP_features/Ses05F_impro01_M007_features.pt,fru
/scratch/users/k24015724/wav2vec_project/outputs/IEMOCAP_features/Ses05F_impro01_M008_features.pt,fru
/scratch/users/k24015724/wav2vec_project/outputs/IEMOCAP_features/Ses05F_impro01_M009_features.pt,fru
/scratch/users/k24015724/wav2vec_project/outputs/IEMOCAP_features/Ses05F_impro01_M010_features.pt,fru
/scratch/users/k24015724/wav2vec_project/outputs/IEMOCAP_features/Ses05F_impro01_M011_features.pt,fru
/scratch/users/k24015724/wav2vec_project/outputs/IEMOCAP_features/Ses05F_impro01_M012_features.pt,fru
/scratch/users/k24015724/wav2vec_project/outputs/IEMOCAP_features/Ses05F_impro01_M013_features.pt,fru
/scratch/users/k24015724/wav2vec_project/outputs/IEMOCAP_features/Ses05F_impro01_M014_features.pt,fru
/scratch/users/k24015724/wav2vec_project/outputs/IEMOCAP_features/Ses05F_impro01_M015_features.pt,fru
/scratch/users/k24015724/wav2vec_project/outputs/IEMOCAP_features/Ses05F_impro01_M017_features.pt,fru
/scratch/users/k24015724/wav2vec_project/outputs/IEMOCAP_features/Ses05F_impro01_M018_features.pt,fru
/scratch/users/k24015724/wav2vec_project/outputs/IEMOCAP_features/Ses05F_impro01_M019_features.pt,fru
/scratch/users/k24015724/wav2vec_project/outputs/IEMOCAP_features/Ses05F_impro01_M020_features.pt,fru
/scratch/users/k24015724/wav2vec_project/outputs/IEMOCAP_features/Ses05F_impro01_M021_features.pt,fru
/scratch/users/k24015724/wav2vec_project/outputs/IEMOCAP_features/Ses05F_impro01_M023_features.pt,fru
/scratch/users/k24015724/wav2vec_project/outputs/IEMOCAP_features/Ses05F_impro02_F001_features.pt,sad
/scratch/users/k24015724/wav2vec_project/outputs/IEMOCAP_features/Ses05F_impro02_F002_features.pt,sad
/scratch/users/k24015724/wav2vec_project/outputs/IEMOCAP_features/Ses05F_impro02_F004_features.pt,sad
/scratch/users/k24015724/wav2vec_project/outputs/IEMOCAP_features/Ses05F_impro02_F005_features.pt,sad
/scratch/users/k24015724/wav2vec_project/outputs/IEMOCAP_features/Ses05F_impro02_F008_features.pt,sad
/scratch/users/k24015724/wav2vec_project/outputs/IEMOCAP_features/Ses05F_impro02_F009_features.pt,sad
/scratch/users/k24015724/wav2vec_project/outputs/IEMOCAP_features/Ses05F_impro02_F010_features.pt,sad
/scratch/users/k24015724/wav2vec_project/outputs/IEMOCAP_features/Ses05F_impro02_F011_features.pt,sad
/scratch/users/k24015724/wav2vec_project/outputs/IEMOCAP_features/Ses05F_impro02_F012_features.pt,sad
/scratch/users/k24015724/wav2vec_project/outputs/IEMOCAP_features/Ses05F_impro02_F013_features.pt,fru
/scratch/users/k24015724/wav2vec_project/outputs/IEMOCAP_features/Ses05F_impro02_F014_features.pt,fru
/scratch/users/k24015724/wav2vec_project/outputs/IEMOCAP_features/Ses05F_impro02_F017_features.pt,fru
/scratch/users/k24015724/wav2vec_project/outputs/IEMOCAP_features/Ses05F_impro02_F018_features.pt,fru
/scratch/users/k24015724/wav2vec_project/outputs/IEMOCAP_features/Ses05F_impro02_F020_features.pt,fru
/scratch/users/k24015724/wav2vec_project/outputs/IEMOCAP_features/Ses05F_impro02_F021_features.pt,sad
/scratch/users/k24015724/wav2vec_project/outputs/IEMOCAP_features/Ses05F_impro02_F023_features.pt,sad
/scratch/users/k24015724/wav2vec_project/outputs/IEMOCAP_features/Ses05F_impro02_F024_features.pt,sad
/scratch/users/k24015724/wav2vec_project/outputs/IEMOCAP_features/Ses05F_impro02_F025_features.pt,fru
/scratch/users/k24015724/wav2vec_project/outputs/IEMOCAP_features/Ses05F_impro02_F026_features.pt,fru
/scratch/users/k24015724/wav2vec_project/outputs/IEMOCAP_features/Ses05F_impro02_F027_features.pt,sad
/scratch/users/k24015724/wav2vec_project/outputs/IEMOCAP_features/Ses05F_impro02_F028_features.pt,sad
/scratch/users/k24015724/wav2vec_project/outputs/IEMOCAP_features/Ses05F_impro02_F029_features.pt,sad
/scratch/users/k24015724/wav2vec_project/outputs/IEMOCAP_features/Ses05F_impro02_F031_features.pt,sad
/scratch/users/k24015724/wav2vec_project/outputs/IEMOCAP_features/Ses05F_impro02_F032_features.pt,sad
/scratch/users/k24015724/wav2vec_project/outputs/IEMOCAP_features/Ses05F_impro02_F034_features.pt,sad
/scratch/users/k24015724/wav2vec_project/outputs/IEMOCAP_features/Ses05F_impro02_F035_features.pt,sad
/scratch/users/k24015724/wav2vec_project/outputs/IEMOCAP_features/Ses05F_impro02_F036_features.pt,sad
/scratch/users/k24015724/wav2vec_project/outputs/IEMOCAP_features/Ses05F_impro02_F037_features.pt,sad
/scratch/users/k24015724/wav2vec_project/outputs/IEMOCAP_features/Ses05F_impro02_F038_features.pt,sad
/scratch/users/k24015724/wav2vec_project/outputs/IEMOCAP_features/Ses05F_impro02_M000_features.pt,neu
/scratch/users/k24015724/wav2vec_project/outputs/IEMOCAP_features/Ses05F_impro02_M004_features.pt,ang
/scratch/users/k24015724/wav2vec_project/outputs/IEMOCAP_features/Ses05F_impro02_M005_features.pt,ang
/scratch/users/k24015724/wav2vec_project/outputs/IEMOCAP_features/Ses05F_impro02_M006_features.pt,fru
/scratch/users/k24015724/wav2vec_project/outputs/IEMOCAP_features/Ses05F_impro02_M008_features.pt,fru
/scratch/users/k24015724/wav2vec_project/outputs/IEMOCAP_features/Ses05F_impro02_M010_features.pt,ang
/scratch/users/k24015724/wav2vec_project/outputs/IEMOCAP_features/Ses05F_impro02_M014_features.pt,ang
/scratch/users/k24015724/wav2vec_project/outputs/IEMOCAP_features/Ses05F_impro02_M015_features.pt,ang
/scratch/users/k24015724/wav2vec_project/outputs/IEMOCAP_features/Ses05F_impro02_M016_features.pt,fru
/scratch/users/k24015724/wav2vec_project/outputs/IEMOCAP_features/Ses05F_impro02_M024_features.pt,sad
/scratch/users/k24015724/wav2vec_project/outputs/IEMOCAP_features/Ses05F_impro02_M025_features.pt,sad
/scratch/users/k24015724/wav2vec_project/outputs/IEMOCAP_features/Ses05F_impro02_M026_features.pt,sad
/scratch/users/k24015724/wav2vec_project/outputs/IEMOCAP_features/Ses05F_impro02_M029_features.pt,sad
/scratch/users/k24015724/wav2vec_project/outputs/IEMOCAP_features/Ses05F_impro02_M031_features.pt,sad
/scratch/users/k24015724/wav2vec_project/outputs/IEMOCAP_features/Ses05F_impro02_M032_features.pt,sad
/scratch/users/k24015724/wav2vec_project/outputs/IEMOCAP_features/Ses05F_impro02_M033_features.pt,sad
/scratch/users/k24015724/wav2vec_project/outputs/IEMOCAP_features/Ses05F_impro02_M034_features.pt,sad
/scratch/users/k24015724/wav2vec_project/outputs/IEMOCAP_features/Ses05F_impro02_M035_features.pt,sad
/scratch/users/k24015724/wav2vec_project/outputs/IEMOCAP_features/Ses05F_impro02_M036_features.pt,sad
/scratch/users/k24015724/wav2vec_project/outputs/IEMOCAP_features/Ses05F_impro02_M041_features.pt,sad
/scratch/users/k24015724/wav2vec_project/outputs/IEMOCAP_features/Ses05F_impro03_F027_features.pt,hap
/scratch/users/k24015724/wav2vec_project/outputs/IEMOCAP_features/Ses05F_impro03_F028_features.pt,hap
/scratch/users/k24015724/wav2vec_project/outputs/IEMOCAP_features/Ses05F_impro03_F029_features.pt,hap
/scratch/users/k24015724/wav2vec_project/outputs/IEMOCAP_features/Ses05F_impro03_F030_features.pt,hap
/scratch/users/k24015724/wav2vec_project/outputs/IEMOCAP_features/Ses05F_impro03_F031_features.pt,hap
/scratch/users/k24015724/wav2vec_project/outputs/IEMOCAP_features/Ses05F_impro03_F032_features.pt,hap
/scratch/users/k24015724/wav2vec_project/outputs/IEMOCAP_features/Ses05F_impro03_F033_features.pt,hap
/scratch/users/k24015724/wav2vec_project/outputs/IEMOCAP_features/Ses05F_impro03_F034_features.pt,hap
/scratch/users/k24015724/wav2vec_project/outputs/IEMOCAP_features/Ses05F_impro03_F035_features.pt,hap
/scratch/users/k24015724/wav2vec_project/outputs/IEMOCAP_features/Ses05F_impro03_F036_features.pt,hap
/scratch/users/k24015724/wav2vec_project/outputs/IEMOCAP_features/Ses05F_impro03_F039_features.pt,hap
/scratch/users/k24015724/wav2vec_project/outputs/IEMOCAP_features/Ses05F_impro03_F040_features.pt,hap
/scratch/users/k24015724/wav2vec_project/outputs/IEMOCAP_features/Ses05F_impro03_F041_features.pt,hap
/scratch/users/k24015724/wav2vec_project/outputs/IEMOCAP_features/Ses05F_impro03_F046_features.pt,hap
/scratch/users/k24015724/wav2vec_project/outputs/IEMOCAP_features/Ses05F_impro03_F047_features.pt,hap
/scratch/users/k24015724/wav2vec_project/outputs/IEMOCAP_features/Ses05F_impro03_F048_features.pt,hap
/scratch/users/k24015724/wav2vec_project/outputs/IEMOCAP_features/Ses05F_impro03_F049_features.pt,hap
/scratch/users/k24015724/wav2vec_project/outputs/IEMOCAP_features/Ses05F_impro03_F051_features.pt,hap
/scratch/users/k24015724/wav2vec_project/outputs/IEMOCAP_features/Ses05F_impro03_F053_features.pt,hap
/scratch/users/k24015724/wav2vec_project/outputs/IEMOCAP_features/Ses05F_impro03_F054_features.pt,hap
/scratch/users/k24015724/wav2vec_project/outputs/IEMOCAP_features/Ses05F_impro03_F055_features.pt,hap
/scratch/users/k24015724/wav2vec_project/outputs/IEMOCAP_features/Ses05F_impro03_F056_features.pt,hap
/scratch/users/k24015724/wav2vec_project/outputs/IEMOCAP_features/Ses05F_impro03_F057_features.pt,hap
/scratch/users/k24015724/wav2vec_project/outputs/IEMOCAP_features/Ses05F_impro03_F058_features.pt,hap
/scratch/users/k24015724/wav2vec_project/outputs/IEMOCAP_features/Ses05F_impro03_F059_features.pt,hap
/scratch/users/k24015724/wav2vec_project/outputs/IEMOCAP_features/Ses05F_impro03_F060_features.pt,hap
/scratch/users/k24015724/wav2vec_project/outputs/IEMOCAP_features/Ses05F_impro03_M030_features.pt,hap
/scratch/users/k24015724/wav2vec_project/outputs/IEMOCAP_features/Ses05F_impro03_M038_features.pt,hap
/scratch/users/k24015724/wav2vec_project/outputs/IEMOCAP_features/Ses05F_impro03_M040_features.pt,hap
/scratch/users/k24015724/wav2vec_project/outputs/IEMOCAP_features/Ses05F_impro03_M041_features.pt,hap
/scratch/users/k24015724/wav2vec_project/outputs/IEMOCAP_features/Ses05F_impro03_M049_features.pt,hap
/scratch/users/k24015724/wav2vec_project/outputs/IEMOCAP_features/Ses05F_impro03_M057_features.pt,hap
/scratch/users/k24015724/wav2vec_project/outputs/IEMOCAP_features/Ses05F_impro03_M058_features.pt,hap
/scratch/users/k24015724/wav2vec_project/outputs/IEMOCAP_features/Ses05F_impro03_M060_features.pt,hap
/scratch/users/k24015724/wav2vec_project/outputs/IEMOCAP_features/Ses05F_impro03_M061_features.pt,hap
/scratch/users/k24015724/wav2vec_project/outputs/IEMOCAP_features/Ses05F_impro03_M062_features.pt,hap
/scratch/users/k24015724/wav2vec_project/outputs/IEMOCAP_features/Ses05F_impro03_M063_features.pt,hap
/scratch/users/k24015724/wav2vec_project/outputs/IEMOCAP_features/Ses05F_impro03_M064_features.pt,hap
/scratch/users/k24015724/wav2vec_project/outputs/IEMOCAP_features/Ses05F_impro03_M065_features.pt,hap
/scratch/users/k24015724/wav2vec_project/outputs/IEMOCAP_features/Ses05F_impro03_M066_features.pt,hap
/scratch/users/k24015724/wav2vec_project/outputs/IEMOCAP_features/Ses05F_impro03_M067_features.pt,hap
/scratch/users/k24015724/wav2vec_project/outputs/IEMOCAP_features/Ses05F_impro03_M068_features.pt,hap
/scratch/users/k24015724/wav2vec_project/outputs/IEMOCAP_features/Ses05F_impro04_F000_features.pt,sad
/scratch/users/k24015724/wav2vec_project/outputs/IEMOCAP_features/Ses05F_impro04_F002_features.pt,fru
/scratch/users/k24015724/wav2vec_project/outputs/IEMOCAP_features/Ses05F_impro04_F003_features.pt,fru
/scratch/users/k24015724/wav2vec_project/outputs/IEMOCAP_features/Ses05F_impro04_F004_features.pt,fru
/scratch/users/k24015724/wav2vec_project/outputs/IEMOCAP_features/Ses05F_impro04_F005_features.pt,fru
/scratch/users/k24015724/wav2vec_project/outputs/IEMOCAP_features/Ses05F_impro04_F006_features.pt,fru
/scratch/users/k24015724/wav2vec_project/outputs/IEMOCAP_features/Ses05F_impro04_F007_features.pt,fru
/scratch/users/k24015724/wav2vec_project/outputs/IEMOCAP_features/Ses05F_impro04_F008_features.pt,ang
/scratch/users/k24015724/wav2vec_project/outputs/IEMOCAP_features/Ses05F_impro04_F009_features.pt,fru
/scratch/users/k24015724/wav2vec_project/outputs/IEMOCAP_features/Ses05F_impro04_F010_features.pt,fru
/scratch/users/k24015724/wav2vec_project/outputs/IEMOCAP_features/Ses05F_impro04_F011_features.pt,fru
/scratch/users/k24015724/wav2vec_project/outputs/IEMOCAP_features/Ses05F_impro04_F012_features.pt,fru
/scratch/users/k24015724/wav2vec_project/outputs/IEMOCAP_features/Ses05F_impro04_F013_features.pt,fru
/scratch/users/k24015724/wav2vec_project/outputs/IEMOCAP_features/Ses05F_impro04_F014_features.pt,fru
/scratch/users/k24015724/wav2vec_project/outputs/IEMOCAP_features/Ses05F_impro04_F015_features.pt,sad
/scratch/users/k24015724/wav2vec_project/outputs/IEMOCAP_features/Ses05F_impro04_F016_features.pt,sad
/scratch/users/k24015724/wav2vec_project/outputs/IEMOCAP_features/Ses05F_impro04_F017_features.pt,sad
/scratch/users/k24015724/wav2vec_project/outputs/IEMOCAP_features/Ses05F_impro04_F019_features.pt,sad
/scratch/users/k24015724/wav2vec_project/outputs/IEMOCAP_features/Ses05F_impro04_F020_features.pt,fru
/scratch/users/k24015724/wav2vec_project/outputs/IEMOCAP_features/Ses05F_impro04_F022_features.pt,sad
/scratch/users/k24015724/wav2vec_project/outputs/IEMOCAP_features/Ses05F_impro04_F023_features.pt,sad
/scratch/users/k24015724/wav2vec_project/outputs/IEMOCAP_features/Ses05F_impro04_F024_features.pt,fru
/scratch/users/k24015724/wav2vec_project/outputs/IEMOCAP_features/Ses05F_impro04_F026_features.pt,fru
/scratch/users/k24015724/wav2vec_project/outputs/IEMOCAP_features/Ses05F_impro04_F028_features.pt,fru
/scratch/users/k24015724/wav2vec_project/outputs/IEMOCAP_features/Ses05F_impro04_F029_features.pt,fru
/scratch/users/k24015724/wav2vec_project/outputs/IEMOCAP_features/Ses05F_impro04_F030_features.pt,fru
/scratch/users/k24015724/wav2vec_project/outputs/IEMOCAP_features/Ses05F_impro04_F031_features.pt,fru
/scratch/users/k24015724/wav2vec_project/outputs/IEMOCAP_features/Ses05F_impro04_F032_features.pt,fru
/scratch/users/k24015724/wav2vec_project/outputs/IEMOCAP_features/Ses05F_impro04_F033_features.pt,fru
/scratch/users/k24015724/wav2vec_project/outputs/IEMOCAP_features/Ses05F_impro04_F034_features.pt,fru
/scratch/users/k24015724/wav2vec_project/outputs/IEMOCAP_features/Ses05F_impro04_F035_features.pt,fru
/scratch/users/k24015724/wav2vec_project/outputs/IEMOCAP_features/Ses05F_impro04_F036_features.pt,fru
/scratch/users/k24015724/wav2vec_project/outputs/IEMOCAP_features/Ses05F_impro04_F037_features.pt,fru
/scratch/users/k24015724/wav2vec_project/outputs/IEMOCAP_features/Ses05F_impro04_F038_features.pt,neu
/scratch/users/k24015724/wav2vec_project/outputs/IEMOCAP_features/Ses05F_impro04_F039_features.pt,neu
/scratch/users/k24015724/wav2vec_project/outputs/IEMOCAP_features/Ses05F_impro04_F040_features.pt,neu
/scratch/users/k24015724/wav2vec_project/outputs/IEMOCAP_features/Ses05F_impro04_F041_features.pt,neu
/scratch/users/k24015724/wav2vec_project/outputs/IEMOCAP_features/Ses05F_impro04_F042_features.pt,sad
/scratch/users/k24015724/wav2vec_project/outputs/IEMOCAP_features/Ses05F_impro04_F043_features.pt,neu
/scratch/users/k24015724/wav2vec_project/outputs/IEMOCAP_features/Ses05F_impro04_F044_features.pt,neu
/scratch/users/k24015724/wav2vec_project/outputs/IEMOCAP_features/Ses05F_impro04_F045_features.pt,neu
/scratch/users/k24015724/wav2vec_project/outputs/IEMOCAP_features/Ses05F_impro04_M000_features.pt,neu
/scratch/users/k24015724/wav2vec_project/outputs/IEMOCAP_features/Ses05F_impro04_M001_features.pt,neu
/scratch/users/k24015724/wav2vec_project/outputs/IEMOCAP_features/Ses05F_impro04_M002_features.pt,fru
/scratch/users/k24015724/wav2vec_project/outputs/IEMOCAP_features/Ses05F_impro04_M003_features.pt,neu
/scratch/users/k24015724/wav2vec_project/outputs/IEMOCAP_features/Ses05F_impro04_M004_features.pt,neu
/scratch/users/k24015724/wav2vec_project/outputs/IEMOCAP_features/Ses05F_impro04_M005_features.pt,neu
/scratch/users/k24015724/wav2vec_project/outputs/IEMOCAP_features/Ses05F_impro04_M006_features.pt,fru
/scratch/users/k24015724/wav2vec_project/outputs/IEMOCAP_features/Ses05F_impro04_M007_features.pt,neu
/scratch/users/k24015724/wav2vec_project/outputs/IEMOCAP_features/Ses05F_impro04_M008_features.pt,neu
/scratch/users/k24015724/wav2vec_project/outputs/IEMOCAP_features/Ses05F_impro04_M009_features.pt,neu
/scratch/users/k24015724/wav2vec_project/outputs/IEMOCAP_features/Ses05F_impro04_M010_features.pt,neu
/scratch/users/k24015724/wav2vec_project/outputs/IEMOCAP_features/Ses05F_impro04_M011_features.pt,neu
/scratch/users/k24015724/wav2vec_project/outputs/IEMOCAP_features/Ses05F_impro04_M012_features.pt,neu
/scratch/users/k24015724/wav2vec_project/outputs/IEMOCAP_features/Ses05F_impro04_M013_features.pt,neu
/scratch/users/k24015724/wav2vec_project/outputs/IEMOCAP_features/Ses05F_impro04_M014_features.pt,fru
/scratch/users/k24015724/wav2vec_project/outputs/IEMOCAP_features/Ses05F_impro04_M015_features.pt,neu
/scratch/users/k24015724/wav2vec_project/outputs/IEMOCAP_features/Ses05F_impro04_M016_features.pt,neu
/scratch/users/k24015724/wav2vec_project/outputs/IEMOCAP_features/Ses05F_impro04_M017_features.pt,neu
/scratch/users/k24015724/wav2vec_project/outputs/IEMOCAP_features/Ses05F_impro04_M019_features.pt,fru
/scratch/users/k24015724/wav2vec_project/outputs/IEMOCAP_features/Ses05F_impro04_M020_features.pt,neu
/scratch/users/k24015724/wav2vec_project/outputs/IEMOCAP_features/Ses05F_impro04_M021_features.pt,fru
/scratch/users/k24015724/wav2vec_project/outputs/IEMOCAP_features/Ses05F_impro04_M022_features.pt,neu
/scratch/users/k24015724/wav2vec_project/outputs/IEMOCAP_features/Ses05F_impro04_M023_features.pt,fru
/scratch/users/k24015724/wav2vec_project/outputs/IEMOCAP_features/Ses05F_impro04_M024_features.pt,neu
/scratch/users/k24015724/wav2vec_project/outputs/IEMOCAP_features/Ses05F_impro04_M025_features.pt,neu
/scratch/users/k24015724/wav2vec_project/outputs/IEMOCAP_features/Ses05F_impro04_M026_features.pt,neu
/scratch/users/k24015724/wav2vec_project/outputs/IEMOCAP_features/Ses05F_impro04_M027_features.pt,neu
/scratch/users/k24015724/wav2vec_project/outputs/IEMOCAP_features/Ses05F_impro04_M028_features.pt,neu
/scratch/users/k24015724/wav2vec_project/outputs/IEMOCAP_features/Ses05F_impro04_M029_features.pt,neu
/scratch/users/k24015724/wav2vec_project/outputs/IEMOCAP_features/Ses05F_impro04_M030_features.pt,neu
/scratch/users/k24015724/wav2vec_project/outputs/IEMOCAP_features/Ses05F_impro04_M031_features.pt,neu
/scratch/users/k24015724/wav2vec_project/outputs/IEMOCAP_features/Ses05F_impro04_M032_features.pt,neu
/scratch/users/k24015724/wav2vec_project/outputs/IEMOCAP_features/Ses05F_impro04_M033_features.pt,neu
/scratch/users/k24015724/wav2vec_project/outputs/IEMOCAP_features/Ses05F_impro04_M034_features.pt,neu
/scratch/users/k24015724/wav2vec_project/outputs/IEMOCAP_features/Ses05F_impro04_M035_features.pt,neu
/scratch/users/k24015724/wav2vec_project/outputs/IEMOCAP_features/Ses05F_impro04_M036_features.pt,neu
/scratch/users/k24015724/wav2vec_project/outputs/IEMOCAP_features/Ses05F_impro04_M037_features.pt,neu
/scratch/users/k24015724/wav2vec_project/outputs/IEMOCAP_features/Ses05F_impro04_M038_features.pt,neu
/scratch/users/k24015724/wav2vec_project/outputs/IEMOCAP_features/Ses05F_impro04_M039_features.pt,neu
/scratch/users/k24015724/wav2vec_project/outputs/IEMOCAP_features/Ses05F_impro04_M040_features.pt,neu
/scratch/users/k24015724/wav2vec_project/outputs/IEMOCAP_features/Ses05F_impro04_M041_features.pt,neu
/scratch/users/k24015724/wav2vec_project/outputs/IEMOCAP_features/Ses05F_impro04_M042_features.pt,neu
/scratch/users/k24015724/wav2vec_project/outputs/IEMOCAP_features/Ses05F_impro04_M043_features.pt,neu
/scratch/users/k24015724/wav2vec_project/outputs/IEMOCAP_features/Ses05F_impro05_F000_features.pt,neu
/scratch/users/k24015724/wav2vec_project/outputs/IEMOCAP_features/Ses05F_impro05_F001_features.pt,neu
/scratch/users/k24015724/wav2vec_project/outputs/IEMOCAP_features/Ses05F_impro05_F002_features.pt,neu
/scratch/users/k24015724/wav2vec_project/outputs/IEMOCAP_features/Ses05F_impro05_F003_features.pt,fru
/scratch/users/k24015724/wav2vec_project/outputs/IEMOCAP_features/Ses05F_impro05_F004_features.pt,neu
/scratch/users/k24015724/wav2vec_project/outputs/IEMOCAP_features/Ses05F_impro05_F005_features.pt,neu
/scratch/users/k24015724/wav2vec_project/outputs/IEMOCAP_features/Ses05F_impro05_F006_features.pt,neu
/scratch/users/k24015724/wav2vec_project/outputs/IEMOCAP_features/Ses05F_impro05_F007_features.pt,neu
/scratch/users/k24015724/wav2vec_project/outputs/IEMOCAP_features/Ses05F_impro05_F008_features.pt,fru
/scratch/users/k24015724/wav2vec_project/outputs/IEMOCAP_features/Ses05F_impro05_F009_features.pt,fru
/scratch/users/k24015724/wav2vec_project/outputs/IEMOCAP_features/Ses05F_impro05_F010_features.pt,neu
/scratch/users/k24015724/wav2vec_project/outputs/IEMOCAP_features/Ses05F_impro05_F011_features.pt,fru
/scratch/users/k24015724/wav2vec_project/outputs/IEMOCAP_features/Ses05F_impro05_F012_features.pt,fru
/scratch/users/k24015724/wav2vec_project/outputs/IEMOCAP_features/Ses05F_impro05_F013_features.pt,fru
/scratch/users/k24015724/wav2vec_project/outputs/IEMOCAP_features/Ses05F_impro05_F014_features.pt,fru
/scratch/users/k24015724/wav2vec_project/outputs/IEMOCAP_features/Ses05F_impro05_F017_features.pt,fru
/scratch/users/k24015724/wav2vec_project/outputs/IEMOCAP_features/Ses05F_impro05_F018_features.pt,ang
/scratch/users/k24015724/wav2vec_project/outputs/IEMOCAP_features/Ses05F_impro05_F019_features.pt,ang
/scratch/users/k24015724/wav2vec_project/outputs/IEMOCAP_features/Ses05F_impro05_F020_features.pt,ang
/scratch/users/k24015724/wav2vec_project/outputs/IEMOCAP_features/Ses05F_impro05_F021_features.pt,ang
/scratch/users/k24015724/wav2vec_project/outputs/IEMOCAP_features/Ses05F_impro05_F022_features.pt,ang
/scratch/users/k24015724/wav2vec_project/outputs/IEMOCAP_features/Ses05F_impro05_F023_features.pt,ang
/scratch/users/k24015724/wav2vec_project/outputs/IEMOCAP_features/Ses05F_impro05_F024_features.pt,ang
/scratch/users/k24015724/wav2vec_project/outputs/IEMOCAP_features/Ses05F_impro05_F026_features.pt,fru
/scratch/users/k24015724/wav2vec_project/outputs/IEMOCAP_features/Ses05F_impro05_F027_features.pt,fru
/scratch/users/k24015724/wav2vec_project/outputs/IEMOCAP_features/Ses05F_impro05_F028_features.pt,fru
/scratch/users/k24015724/wav2vec_project/outputs/IEMOCAP_features/Ses05F_impro05_F030_features.pt,fru
/scratch/users/k24015724/wav2vec_project/outputs/IEMOCAP_features/Ses05F_impro05_F031_features.pt,ang
/scratch/users/k24015724/wav2vec_project/outputs/IEMOCAP_features/Ses05F_impro05_F033_features.pt,ang
/scratch/users/k24015724/wav2vec_project/outputs/IEMOCAP_features/Ses05F_impro05_F034_features.pt,ang
/scratch/users/k24015724/wav2vec_project/outputs/IEMOCAP_features/Ses05F_impro05_F036_features.pt,fru
/scratch/users/k24015724/wav2vec_project/outputs/IEMOCAP_features/Ses05F_impro05_F037_features.pt,fru
/scratch/users/k24015724/wav2vec_project/outputs/IEMOCAP_features/Ses05F_impro05_F038_features.pt,fru
/scratch/users/k24015724/wav2vec_project/outputs/IEMOCAP_features/Ses05F_impro05_F039_features.pt,fru
/scratch/users/k24015724/wav2vec_project/outputs/IEMOCAP_features/Ses05F_impro05_F040_features.pt,fru
/scratch/users/k24015724/wav2vec_project/outputs/IEMOCAP_features/Ses05F_impro05_F041_features.pt,ang
/scratch/users/k24015724/wav2vec_project/outputs/IEMOCAP_features/Ses05F_impro05_F042_features.pt,ang
/scratch/users/k24015724/wav2vec_project/outputs/IEMOCAP_features/Ses05F_impro05_F044_features.pt,fru
/scratch/users/k24015724/wav2vec_project/outputs/IEMOCAP_features/Ses05F_impro05_F045_features.pt,fru
/scratch/users/k24015724/wav2vec_project/outputs/IEMOCAP_features/Ses05F_impro05_M000_features.pt,neu
/scratch/users/k24015724/wav2vec_project/outputs/IEMOCAP_features/Ses05F_impro05_M001_features.pt,neu
/scratch/users/k24015724/wav2vec_project/outputs/IEMOCAP_features/Ses05F_impro05_M002_features.pt,neu
/scratch/users/k24015724/wav2vec_project/outputs/IEMOCAP_features/Ses05F_impro05_M003_features.pt,neu
/scratch/users/k24015724/wav2vec_project/outputs/IEMOCAP_features/Ses05F_impro05_M004_features.pt,neu
/scratch/users/k24015724/wav2vec_project/outputs/IEMOCAP_features/Ses05F_impro05_M005_features.pt,neu
/scratch/users/k24015724/wav2vec_project/outputs/IEMOCAP_features/Ses05F_impro05_M006_features.pt,neu
/scratch/users/k24015724/wav2vec_project/outputs/IEMOCAP_features/Ses05F_impro05_M007_features.pt,neu
/scratch/users/k24015724/wav2vec_project/outputs/IEMOCAP_features/Ses05F_impro05_M008_features.pt,neu
/scratch/users/k24015724/wav2vec_project/outputs/IEMOCAP_features/Ses05F_impro05_M009_features.pt,neu
/scratch/users/k24015724/wav2vec_project/outputs/IEMOCAP_features/Ses05F_impro05_M010_features.pt,neu
/scratch/users/k24015724/wav2vec_project/outputs/IEMOCAP_features/Ses05F_impro05_M011_features.pt,fru
/scratch/users/k24015724/wav2vec_project/outputs/IEMOCAP_features/Ses05F_impro05_M012_features.pt,neu
/scratch/users/k24015724/wav2vec_project/outputs/IEMOCAP_features/Ses05F_impro05_M013_features.pt,fru
/scratch/users/k24015724/wav2vec_project/outputs/IEMOCAP_features/Ses05F_impro05_M014_features.pt,neu
/scratch/users/k24015724/wav2vec_project/outputs/IEMOCAP_features/Ses05F_impro05_M015_features.pt,neu
/scratch/users/k24015724/wav2vec_project/outputs/IEMOCAP_features/Ses05F_impro05_M016_features.pt,neu
/scratch/users/k24015724/wav2vec_project/outputs/IEMOCAP_features/Ses05F_impro05_M017_features.pt,neu
/scratch/users/k24015724/wav2vec_project/outputs/IEMOCAP_features/Ses05F_impro05_M018_features.pt,neu
/scratch/users/k24015724/wav2vec_project/outputs/IEMOCAP_features/Ses05F_impro05_M019_features.pt,neu
/scratch/users/k24015724/wav2vec_project/outputs/IEMOCAP_features/Ses05F_impro05_M020_features.pt,fru
/scratch/users/k24015724/wav2vec_project/outputs/IEMOCAP_features/Ses05F_impro05_M021_features.pt,fru
/scratch/users/k24015724/wav2vec_project/outputs/IEMOCAP_features/Ses05F_impro05_M022_features.pt,neu
/scratch/users/k24015724/wav2vec_project/outputs/IEMOCAP_features/Ses05F_impro05_M023_features.pt,neu
/scratch/users/k24015724/wav2vec_project/outputs/IEMOCAP_features/Ses05F_impro05_M025_features.pt,neu
/scratch/users/k24015724/wav2vec_project/outputs/IEMOCAP_features/Ses05F_impro05_M026_features.pt,fru
/scratch/users/k24015724/wav2vec_project/outputs/IEMOCAP_features/Ses05F_impro05_M027_features.pt,fru
/scratch/users/k24015724/wav2vec_project/outputs/IEMOCAP_features/Ses05F_impro05_M028_features.pt,fru
/scratch/users/k24015724/wav2vec_project/outputs/IEMOCAP_features/Ses05F_impro05_M029_features.pt,fru
/scratch/users/k24015724/wav2vec_project/outputs/IEMOCAP_features/Ses05F_impro05_M030_features.pt,neu
/scratch/users/k24015724/wav2vec_project/outputs/IEMOCAP_features/Ses05F_impro05_M031_features.pt,neu
/scratch/users/k24015724/wav2vec_project/outputs/IEMOCAP_features/Ses05F_impro05_M032_features.pt,neu
/scratch/users/k24015724/wav2vec_project/outputs/IEMOCAP_features/Ses05F_impro05_M033_features.pt,neu
/scratch/users/k24015724/wav2vec_project/outputs/IEMOCAP_features/Ses05F_impro05_M034_features.pt,neu
/scratch/users/k24015724/wav2vec_project/outputs/IEMOCAP_features/Ses05F_impro05_M035_features.pt,fru
/scratch/users/k24015724/wav2vec_project/outputs/IEMOCAP_features/Ses05F_impro05_M036_features.pt,neu
/scratch/users/k24015724/wav2vec_project/outputs/IEMOCAP_features/Ses05F_impro05_M037_features.pt,neu
/scratch/users/k24015724/wav2vec_project/outputs/IEMOCAP_features/Ses05F_impro05_M038_features.pt,fru
/scratch/users/k24015724/wav2vec_project/outputs/IEMOCAP_features/Ses05F_impro05_M039_features.pt,neu
/scratch/users/k24015724/wav2vec_project/outputs/IEMOCAP_features/Ses05F_impro05_M040_features.pt,neu
/scratch/users/k24015724/wav2vec_project/outputs/IEMOCAP_features/Ses05F_impro05_M041_features.pt,neu
/scratch/users/k24015724/wav2vec_project/outputs/IEMOCAP_features/Ses05F_impro05_M043_features.pt,fru
/scratch/users/k24015724/wav2vec_project/outputs/IEMOCAP_features/Ses05F_impro05_M044_features.pt,fru
/scratch/users/k24015724/wav2vec_project/outputs/IEMOCAP_features/Ses05F_impro05_M045_features.pt,fru
/scratch/users/k24015724/wav2vec_project/outputs/IEMOCAP_features/Ses05F_impro05_M046_features.pt,fru
/scratch/users/k24015724/wav2vec_project/outputs/IEMOCAP_features/Ses05F_impro05_M047_features.pt,fru
/scratch/users/k24015724/wav2vec_project/outputs/IEMOCAP_features/Ses05F_impro05_M048_features.pt,neu
/scratch/users/k24015724/wav2vec_project/outputs/IEMOCAP_features/Ses05F_impro05_M049_features.pt,fru
/scratch/users/k24015724/wav2vec_project/outputs/IEMOCAP_features/Ses05F_impro05_M050_features.pt,neu
/scratch/users/k24015724/wav2vec_project/outputs/IEMOCAP_features/Ses05F_impro05_M051_features.pt,neu
/scratch/users/k24015724/wav2vec_project/outputs/IEMOCAP_features/Ses05F_impro05_M052_features.pt,neu
/scratch/users/k24015724/wav2vec_project/outputs/IEMOCAP_features/Ses05F_impro05_M053_features.pt,neu
/scratch/users/k24015724/wav2vec_project/outputs/IEMOCAP_features/Ses05F_impro06_F000_features.pt,sad
/scratch/users/k24015724/wav2vec_project/outputs/IEMOCAP_features/Ses05F_impro06_F001_features.pt,sad
/scratch/users/k24015724/wav2vec_project/outputs/IEMOCAP_features/Ses05F_impro06_F002_features.pt,sad
/scratch/users/k24015724/wav2vec_project/outputs/IEMOCAP_features/Ses05F_impro06_F003_features.pt,sad
/scratch/users/k24015724/wav2vec_project/outputs/IEMOCAP_features/Ses05F_impro06_F004_features.pt,sad
/scratch/users/k24015724/wav2vec_project/outputs/IEMOCAP_features/Ses05F_impro06_F005_features.pt,sad
/scratch/users/k24015724/wav2vec_project/outputs/IEMOCAP_features/Ses05F_impro06_F006_features.pt,sad
/scratch/users/k24015724/wav2vec_project/outputs/IEMOCAP_features/Ses05F_impro06_F007_features.pt,sad
/scratch/users/k24015724/wav2vec_project/outputs/IEMOCAP_features/Ses05F_impro06_F008_features.pt,sad
/scratch/users/k24015724/wav2vec_project/outputs/IEMOCAP_features/Ses05F_impro06_F009_features.pt,sad
/scratch/users/k24015724/wav2vec_project/outputs/IEMOCAP_features/Ses05F_impro06_F010_features.pt,sad
/scratch/users/k24015724/wav2vec_project/outputs/IEMOCAP_features/Ses05F_impro06_F011_features.pt,sad
/scratch/users/k24015724/wav2vec_project/outputs/IEMOCAP_features/Ses05F_impro06_F012_features.pt,sad
/scratch/users/k24015724/wav2vec_project/outputs/IEMOCAP_features/Ses05F_impro06_F013_features.pt,sad
/scratch/users/k24015724/wav2vec_project/outputs/IEMOCAP_features/Ses05F_impro06_F014_features.pt,sad
/scratch/users/k24015724/wav2vec_project/outputs/IEMOCAP_features/Ses05F_impro06_F015_features.pt,sad
/scratch/users/k24015724/wav2vec_project/outputs/IEMOCAP_features/Ses05F_impro06_F016_features.pt,sad
/scratch/users/k24015724/wav2vec_project/outputs/IEMOCAP_features/Ses05F_impro06_F017_features.pt,sad
/scratch/users/k24015724/wav2vec_project/outputs/IEMOCAP_features/Ses05F_impro06_F018_features.pt,sad
/scratch/users/k24015724/wav2vec_project/outputs/IEMOCAP_features/Ses05F_impro06_F019_features.pt,sad
/scratch/users/k24015724/wav2vec_project/outputs/IEMOCAP_features/Ses05F_impro06_F020_features.pt,sad
/scratch/users/k24015724/wav2vec_project/outputs/IEMOCAP_features/Ses05F_impro06_F021_features.pt,sad
/scratch/users/k24015724/wav2vec_project/outputs/IEMOCAP_features/Ses05F_impro06_F022_features.pt,sad
/scratch/users/k24015724/wav2vec_project/outputs/IEMOCAP_features/Ses05F_impro06_F023_features.pt,sad
/scratch/users/k24015724/wav2vec_project/outputs/IEMOCAP_features/Ses05F_impro06_F024_features.pt,sad
/scratch/users/k24015724/wav2vec_project/outputs/IEMOCAP_features/Ses05F_impro06_F025_features.pt,sad
/scratch/users/k24015724/wav2vec_project/outputs/IEMOCAP_features/Ses05F_impro06_F026_features.pt,sad
/scratch/users/k24015724/wav2vec_project/outputs/IEMOCAP_features/Ses05F_impro06_F027_features.pt,sad
/scratch/users/k24015724/wav2vec_project/outputs/IEMOCAP_features/Ses05F_impro06_F029_features.pt,sad
/scratch/users/k24015724/wav2vec_project/outputs/IEMOCAP_features/Ses05F_impro06_M001_features.pt,sad
/scratch/users/k24015724/wav2vec_project/outputs/IEMOCAP_features/Ses05F_impro06_M002_features.pt,sad
/scratch/users/k24015724/wav2vec_project/outputs/IEMOCAP_features/Ses05F_impro06_M003_features.pt,sad
/scratch/users/k24015724/wav2vec_project/outputs/IEMOCAP_features/Ses05F_impro06_M004_features.pt,sad
/scratch/users/k24015724/wav2vec_project/outputs/IEMOCAP_features/Ses05F_impro06_M005_features.pt,sad
/scratch/users/k24015724/wav2vec_project/outputs/IEMOCAP_features/Ses05F_impro06_M006_features.pt,sad
/scratch/users/k24015724/wav2vec_project/outputs/IEMOCAP_features/Ses05F_impro06_M007_features.pt,sad
/scratch/users/k24015724/wav2vec_project/outputs/IEMOCAP_features/Ses05F_impro06_M008_features.pt,sad
/scratch/users/k24015724/wav2vec_project/outputs/IEMOCAP_features/Ses05F_impro06_M009_features.pt,sad
/scratch/users/k24015724/wav2vec_project/outputs/IEMOCAP_features/Ses05F_impro06_M010_features.pt,neu
/scratch/users/k24015724/wav2vec_project/outputs/IEMOCAP_features/Ses05F_impro06_M011_features.pt,sad
/scratch/users/k24015724/wav2vec_project/outputs/IEMOCAP_features/Ses05F_impro06_M012_features.pt,neu
/scratch/users/k24015724/wav2vec_project/outputs/IEMOCAP_features/Ses05F_impro06_M013_features.pt,neu
/scratch/users/k24015724/wav2vec_project/outputs/IEMOCAP_features/Ses05F_impro06_M014_features.pt,sad
/scratch/users/k24015724/wav2vec_project/outputs/IEMOCAP_features/Ses05F_impro06_M017_features.pt,neu
/scratch/users/k24015724/wav2vec_project/outputs/IEMOCAP_features/Ses05F_impro06_M018_features.pt,neu
/scratch/users/k24015724/wav2vec_project/outputs/IEMOCAP_features/Ses05F_impro06_M019_features.pt,neu
/scratch/users/k24015724/wav2vec_project/outputs/IEMOCAP_features/Ses05F_impro06_M020_features.pt,sad
/scratch/users/k24015724/wav2vec_project/outputs/IEMOCAP_features/Ses05F_impro06_M021_features.pt,neu
/scratch/users/k24015724/wav2vec_project/outputs/IEMOCAP_features/Ses05F_impro06_M022_features.pt,neu
/scratch/users/k24015724/wav2vec_project/outputs/IEMOCAP_features/Ses05F_impro06_M023_features.pt,neu
/scratch/users/k24015724/wav2vec_project/outputs/IEMOCAP_features/Ses05F_impro06_M024_features.pt,neu
/scratch/users/k24015724/wav2vec_project/outputs/IEMOCAP_features/Ses05F_impro06_M025_features.pt,neu
/scratch/users/k24015724/wav2vec_project/outputs/IEMOCAP_features/Ses05F_impro07_F006_features.pt,hap
/scratch/users/k24015724/wav2vec_project/outputs/IEMOCAP_features/Ses05F_impro07_F007_features.pt,neu
/scratch/users/k24015724/wav2vec_project/outputs/IEMOCAP_features/Ses05F_impro07_M007_features.pt,hap
/scratch/users/k24015724/wav2vec_project/outputs/IEMOCAP_features/Ses05F_impro08_F000_features.pt,neu
/scratch/users/k24015724/wav2vec_project/outputs/IEMOCAP_features/Ses05F_impro08_F001_features.pt,neu
/scratch/users/k24015724/wav2vec_project/outputs/IEMOCAP_features/Ses05F_impro08_F002_features.pt,neu
/scratch/users/k24015724/wav2vec_project/outputs/IEMOCAP_features/Ses05F_impro08_F003_features.pt,neu
/scratch/users/k24015724/wav2vec_project/outputs/IEMOCAP_features/Ses05F_impro08_F004_features.pt,neu
/scratch/users/k24015724/wav2vec_project/outputs/IEMOCAP_features/Ses05F_impro08_F005_features.pt,neu
/scratch/users/k24015724/wav2vec_project/outputs/IEMOCAP_features/Ses05F_impro08_F006_features.pt,fru
/scratch/users/k24015724/wav2vec_project/outputs/IEMOCAP_features/Ses05F_impro08_F007_features.pt,neu
/scratch/users/k24015724/wav2vec_project/outputs/IEMOCAP_features/Ses05F_impro08_F008_features.pt,neu
/scratch/users/k24015724/wav2vec_project/outputs/IEMOCAP_features/Ses05F_impro08_F009_features.pt,neu
/scratch/users/k24015724/wav2vec_project/outputs/IEMOCAP_features/Ses05F_impro08_F010_features.pt,neu
/scratch/users/k24015724/wav2vec_project/outputs/IEMOCAP_features/Ses05F_impro08_F011_features.pt,neu
/scratch/users/k24015724/wav2vec_project/outputs/IEMOCAP_features/Ses05F_impro08_F012_features.pt,neu
/scratch/users/k24015724/wav2vec_project/outputs/IEMOCAP_features/Ses05F_impro08_F014_features.pt,neu
/scratch/users/k24015724/wav2vec_project/outputs/IEMOCAP_features/Ses05F_impro08_F015_features.pt,neu
/scratch/users/k24015724/wav2vec_project/outputs/IEMOCAP_features/Ses05F_impro08_F016_features.pt,neu
/scratch/users/k24015724/wav2vec_project/outputs/IEMOCAP_features/Ses05F_impro08_F017_features.pt,neu
/scratch/users/k24015724/wav2vec_project/outputs/IEMOCAP_features/Ses05F_impro08_F018_features.pt,neu
/scratch/users/k24015724/wav2vec_project/outputs/IEMOCAP_features/Ses05F_impro08_F019_features.pt,neu
/scratch/users/k24015724/wav2vec_project/outputs/IEMOCAP_features/Ses05F_impro08_F020_features.pt,neu
/scratch/users/k24015724/wav2vec_project/outputs/IEMOCAP_features/Ses05F_impro08_F021_features.pt,neu
/scratch/users/k24015724/wav2vec_project/outputs/IEMOCAP_features/Ses05F_impro08_F022_features.pt,neu
/scratch/users/k24015724/wav2vec_project/outputs/IEMOCAP_features/Ses05F_impro08_F023_features.pt,neu
/scratch/users/k24015724/wav2vec_project/outputs/IEMOCAP_features/Ses05F_impro08_F024_features.pt,neu
/scratch/users/k24015724/wav2vec_project/outputs/IEMOCAP_features/Ses05F_impro08_F025_features.pt,neu
/scratch/users/k24015724/wav2vec_project/outputs/IEMOCAP_features/Ses05F_impro08_F026_features.pt,neu
/scratch/users/k24015724/wav2vec_project/outputs/IEMOCAP_features/Ses05F_impro08_F027_features.pt,neu
/scratch/users/k24015724/wav2vec_project/outputs/IEMOCAP_features/Ses05F_impro08_F028_features.pt,neu
/scratch/users/k24015724/wav2vec_project/outputs/IEMOCAP_features/Ses05F_impro08_F029_features.pt,neu
/scratch/users/k24015724/wav2vec_project/outputs/IEMOCAP_features/Ses05F_impro08_F030_features.pt,neu
/scratch/users/k24015724/wav2vec_project/outputs/IEMOCAP_features/Ses05F_impro08_F032_features.pt,neu
/scratch/users/k24015724/wav2vec_project/outputs/IEMOCAP_features/Ses05F_impro08_F033_features.pt,neu
/scratch/users/k24015724/wav2vec_project/outputs/IEMOCAP_features/Ses05F_impro08_M000_features.pt,fru
/scratch/users/k24015724/wav2vec_project/outputs/IEMOCAP_features/Ses05F_impro08_M001_features.pt,fru
/scratch/users/k24015724/wav2vec_project/outputs/IEMOCAP_features/Ses05F_impro08_M002_features.pt,fru
/scratch/users/k24015724/wav2vec_project/outputs/IEMOCAP_features/Ses05F_impro08_M004_features.pt,ang
/scratch/users/k24015724/wav2vec_project/outputs/IEMOCAP_features/Ses05F_impro08_M005_features.pt,ang
/scratch/users/k24015724/wav2vec_project/outputs/IEMOCAP_features/Ses05F_impro08_M006_features.pt,fru
/scratch/users/k24015724/wav2vec_project/outputs/IEMOCAP_features/Ses05F_impro08_M007_features.pt,ang
/scratch/users/k24015724/wav2vec_project/outputs/IEMOCAP_features/Ses05F_impro08_M008_features.pt,fru
/scratch/users/k24015724/wav2vec_project/outputs/IEMOCAP_features/Ses05F_impro08_M009_features.pt,fru
/scratch/users/k24015724/wav2vec_project/outputs/IEMOCAP_features/Ses05F_impro08_M010_features.pt,fru
/scratch/users/k24015724/wav2vec_project/outputs/IEMOCAP_features/Ses05F_impro08_M011_features.pt,fru
/scratch/users/k24015724/wav2vec_project/outputs/IEMOCAP_features/Ses05F_impro08_M012_features.pt,fru
/scratch/users/k24015724/wav2vec_project/outputs/IEMOCAP_features/Ses05F_impro08_M013_features.pt,neu
/scratch/users/k24015724/wav2vec_project/outputs/IEMOCAP_features/Ses05F_impro08_M014_features.pt,fru
/scratch/users/k24015724/wav2vec_project/outputs/IEMOCAP_features/Ses05F_impro08_M016_features.pt,neu
/scratch/users/k24015724/wav2vec_project/outputs/IEMOCAP_features/Ses05F_impro08_M018_features.pt,neu
/scratch/users/k24015724/wav2vec_project/outputs/IEMOCAP_features/Ses05F_impro08_M019_features.pt,neu
/scratch/users/k24015724/wav2vec_project/outputs/IEMOCAP_features/Ses05F_impro08_M020_features.pt,neu
/scratch/users/k24015724/wav2vec_project/outputs/IEMOCAP_features/Ses05F_impro08_M021_features.pt,fru
/scratch/users/k24015724/wav2vec_project/outputs/IEMOCAP_features/Ses05F_impro08_M022_features.pt,neu
/scratch/users/k24015724/wav2vec_project/outputs/IEMOCAP_features/Ses05F_impro08_M023_features.pt,fru
/scratch/users/k24015724/wav2vec_project/outputs/IEMOCAP_features/Ses05F_impro08_M025_features.pt,hap
/scratch/users/k24015724/wav2vec_project/outputs/IEMOCAP_features/Ses05F_impro08_M026_features.pt,hap
/scratch/users/k24015724/wav2vec_project/outputs/IEMOCAP_features/Ses05F_impro08_M027_features.pt,neu
/scratch/users/k24015724/wav2vec_project/outputs/IEMOCAP_features/Ses05F_impro08_M028_features.pt,hap
/scratch/users/k24015724/wav2vec_project/outputs/IEMOCAP_features/Ses05F_impro08_M030_features.pt,hap
/scratch/users/k24015724/wav2vec_project/outputs/IEMOCAP_features/Ses05F_impro08_M031_features.pt,hap
/scratch/users/k24015724/wav2vec_project/outputs/IEMOCAP_features/Ses05F_script01_1_F000_features.pt,sad
/scratch/users/k24015724/wav2vec_project/outputs/IEMOCAP_features/Ses05F_script01_1_F004_features.pt,sad
/scratch/users/k24015724/wav2vec_project/outputs/IEMOCAP_features/Ses05F_script01_1_F005_features.pt,sad
/scratch/users/k24015724/wav2vec_project/outputs/IEMOCAP_features/Ses05F_script01_1_F006_features.pt,sad
/scratch/users/k24015724/wav2vec_project/outputs/IEMOCAP_features/Ses05F_script01_1_F007_features.pt,sad
/scratch/users/k24015724/wav2vec_project/outputs/IEMOCAP_features/Ses05F_script01_1_F008_features.pt,sad
/scratch/users/k24015724/wav2vec_project/outputs/IEMOCAP_features/Ses05F_script01_1_F014_features.pt,fru
/scratch/users/k24015724/wav2vec_project/outputs/IEMOCAP_features/Ses05F_script01_1_F017_features.pt,neu
/scratch/users/k24015724/wav2vec_project/outputs/IEMOCAP_features/Ses05F_script01_1_F021_features.pt,fru
/scratch/users/k24015724/wav2vec_project/outputs/IEMOCAP_features/Ses05F_script01_1_F023_features.pt,fru
/scratch/users/k24015724/wav2vec_project/outputs/IEMOCAP_features/Ses05F_script01_1_F024_features.pt,neu
/scratch/users/k24015724/wav2vec_project/outputs/IEMOCAP_features/Ses05F_script01_1_F025_features.pt,neu
/scratch/users/k24015724/wav2vec_project/outputs/IEMOCAP_features/Ses05F_script01_1_F026_features.pt,neu
/scratch/users/k24015724/wav2vec_project/outputs/IEMOCAP_features/Ses05F_script01_1_F027_features.pt,neu
/scratch/users/k24015724/wav2vec_project/outputs/IEMOCAP_features/Ses05F_script01_1_F028_features.pt,neu
/scratch/users/k24015724/wav2vec_project/outputs/IEMOCAP_features/Ses05F_script01_1_F030_features.pt,fru
/scratch/users/k24015724/wav2vec_project/outputs/IEMOCAP_features/Ses05F_script01_1_F031_features.pt,sad
/scratch/users/k24015724/wav2vec_project/outputs/IEMOCAP_features/Ses05F_script01_1_F033_features.pt,ang
/scratch/users/k24015724/wav2vec_project/outputs/IEMOCAP_features/Ses05F_script01_1_F034_features.pt,ang
/scratch/users/k24015724/wav2vec_project/outputs/IEMOCAP_features/Ses05F_script01_1_F035_features.pt,fru
/scratch/users/k24015724/wav2vec_project/outputs/IEMOCAP_features/Ses05F_script01_1_F037_features.pt,fru
/scratch/users/k24015724/wav2vec_project/outputs/IEMOCAP_features/Ses05F_script01_1_F038_features.pt,ang
/scratch/users/k24015724/wav2vec_project/outputs/IEMOCAP_features/Ses05F_script01_1_F040_features.pt,fru
/scratch/users/k24015724/wav2vec_project/outputs/IEMOCAP_features/Ses05F_script01_1_M000_features.pt,sad
/scratch/users/k24015724/wav2vec_project/outputs/IEMOCAP_features/Ses05F_script01_1_M001_features.pt,sad
/scratch/users/k24015724/wav2vec_project/outputs/IEMOCAP_features/Ses05F_script01_1_M002_features.pt,sad
/scratch/users/k24015724/wav2vec_project/outputs/IEMOCAP_features/Ses05F_script01_1_M003_features.pt,sad
/scratch/users/k24015724/wav2vec_project/outputs/IEMOCAP_features/Ses05F_script01_1_M004_features.pt,sad
/scratch/users/k24015724/wav2vec_project/outputs/IEMOCAP_features/Ses05F_script01_1_M005_features.pt,sad
/scratch/users/k24015724/wav2vec_project/outputs/IEMOCAP_features/Ses05F_script01_1_M006_features.pt,sad
/scratch/users/k24015724/wav2vec_project/outputs/IEMOCAP_features/Ses05F_script01_1_M007_features.pt,sad
/scratch/users/k24015724/wav2vec_project/outputs/IEMOCAP_features/Ses05F_script01_1_M008_features.pt,sad
/scratch/users/k24015724/wav2vec_project/outputs/IEMOCAP_features/Ses05F_script01_1_M009_features.pt,sad
/scratch/users/k24015724/wav2vec_project/outputs/IEMOCAP_features/Ses05F_script01_1_M010_features.pt,fru
/scratch/users/k24015724/wav2vec_project/outputs/IEMOCAP_features/Ses05F_script01_1_M011_features.pt,fru
/scratch/users/k24015724/wav2vec_project/outputs/IEMOCAP_features/Ses05F_script01_1_M012_features.pt,fru
/scratch/users/k24015724/wav2vec_project/outputs/IEMOCAP_features/Ses05F_script01_1_M013_features.pt,ang
/scratch/users/k24015724/wav2vec_project/outputs/IEMOCAP_features/Ses05F_script01_1_M014_features.pt,fru
/scratch/users/k24015724/wav2vec_project/outputs/IEMOCAP_features/Ses05F_script01_1_M015_features.pt,fru
/scratch/users/k24015724/wav2vec_project/outputs/IEMOCAP_features/Ses05F_script01_1_M016_features.pt,sad
/scratch/users/k24015724/wav2vec_project/outputs/IEMOCAP_features/Ses05F_script01_1_M017_features.pt,fru
/scratch/users/k24015724/wav2vec_project/outputs/IEMOCAP_features/Ses05F_script01_1_M018_features.pt,neu
/scratch/users/k24015724/wav2vec_project/outputs/IEMOCAP_features/Ses05F_script01_1_M019_features.pt,fru
/scratch/users/k24015724/wav2vec_project/outputs/IEMOCAP_features/Ses05F_script01_1_M020_features.pt,fru
/scratch/users/k24015724/wav2vec_project/outputs/IEMOCAP_features/Ses05F_script01_1_M024_features.pt,fru
/scratch/users/k24015724/wav2vec_project/outputs/IEMOCAP_features/Ses05F_script01_1_M025_features.pt,ang
/scratch/users/k24015724/wav2vec_project/outputs/IEMOCAP_features/Ses05F_script01_1_M028_features.pt,fru
/scratch/users/k24015724/wav2vec_project/outputs/IEMOCAP_features/Ses05F_script01_1_M029_features.pt,fru
/scratch/users/k24015724/wav2vec_project/outputs/IEMOCAP_features/Ses05F_script01_1_M030_features.pt,fru
/scratch/users/k24015724/wav2vec_project/outputs/IEMOCAP_features/Ses05F_script01_1_M031_features.pt,fru
/scratch/users/k24015724/wav2vec_project/outputs/IEMOCAP_features/Ses05F_script01_1_M032_features.pt,fru
/scratch/users/k24015724/wav2vec_project/outputs/IEMOCAP_features/Ses05F_script01_1_M033_features.pt,fru
/scratch/users/k24015724/wav2vec_project/outputs/IEMOCAP_features/Ses05F_script01_1_M035_features.pt,ang
/scratch/users/k24015724/wav2vec_project/outputs/IEMOCAP_features/Ses05F_script01_2_F001_features.pt,neu
/scratch/users/k24015724/wav2vec_project/outputs/IEMOCAP_features/Ses05F_script01_2_F005_features.pt,fru
/scratch/users/k24015724/wav2vec_project/outputs/IEMOCAP_features/Ses05F_script01_2_F006_features.pt,ang
/scratch/users/k24015724/wav2vec_project/outputs/IEMOCAP_features/Ses05F_script01_2_F007_features.pt,fru
/scratch/users/k24015724/wav2vec_project/outputs/IEMOCAP_features/Ses05F_script01_2_F008_features.pt,fru
/scratch/users/k24015724/wav2vec_project/outputs/IEMOCAP_features/Ses05F_script01_2_F009_features.pt,fru
/scratch/users/k24015724/wav2vec_project/outputs/IEMOCAP_features/Ses05F_script01_2_F010_features.pt,ang
/scratch/users/k24015724/wav2vec_project/outputs/IEMOCAP_features/Ses05F_script01_2_F011_features.pt,ang
/scratch/users/k24015724/wav2vec_project/outputs/IEMOCAP_features/Ses05F_script01_2_F012_features.pt,ang
/scratch/users/k24015724/wav2vec_project/outputs/IEMOCAP_features/Ses05F_script01_2_F014_features.pt,ang
/scratch/users/k24015724/wav2vec_project/outputs/IEMOCAP_features/Ses05F_script01_2_F016_features.pt,sad
/scratch/users/k24015724/wav2vec_project/outputs/IEMOCAP_features/Ses05F_script01_2_F017_features.pt,ang
/scratch/users/k24015724/wav2vec_project/outputs/IEMOCAP_features/Ses05F_script01_2_M000_features.pt,neu
/scratch/users/k24015724/wav2vec_project/outputs/IEMOCAP_features/Ses05F_script01_2_M001_features.pt,neu
/scratch/users/k24015724/wav2vec_project/outputs/IEMOCAP_features/Ses05F_script01_2_M002_features.pt,neu
/scratch/users/k24015724/wav2vec_project/outputs/IEMOCAP_features/Ses05F_script01_2_M003_features.pt,fru
/scratch/users/k24015724/wav2vec_project/outputs/IEMOCAP_features/Ses05F_script01_2_M004_features.pt,fru
/scratch/users/k24015724/wav2vec_project/outputs/IEMOCAP_features/Ses05F_script01_2_M005_features.pt,fru
/scratch/users/k24015724/wav2vec_project/outputs/IEMOCAP_features/Ses05F_script01_2_M007_features.pt,fru
/scratch/users/k24015724/wav2vec_project/outputs/IEMOCAP_features/Ses05F_script01_2_M008_features.pt,fru
/scratch/users/k24015724/wav2vec_project/outputs/IEMOCAP_features/Ses05F_script01_2_M009_features.pt,fru
/scratch/users/k24015724/wav2vec_project/outputs/IEMOCAP_features/Ses05F_script01_2_M010_features.pt,fru
/scratch/users/k24015724/wav2vec_project/outputs/IEMOCAP_features/Ses05F_script01_2_M011_features.pt,fru
/scratch/users/k24015724/wav2vec_project/outputs/IEMOCAP_features/Ses05F_script01_2_M012_features.pt,fru
/scratch/users/k24015724/wav2vec_project/outputs/IEMOCAP_features/Ses05F_script01_2_M013_features.pt,fru
/scratch/users/k24015724/wav2vec_project/outputs/IEMOCAP_features/Ses05F_script01_2_M014_features.pt,fru
/scratch/users/k24015724/wav2vec_project/outputs/IEMOCAP_features/Ses05F_script01_2_M016_features.pt,ang
/scratch/users/k24015724/wav2vec_project/outputs/IEMOCAP_features/Ses05F_script01_2_M017_features.pt,ang
/scratch/users/k24015724/wav2vec_project/outputs/IEMOCAP_features/Ses05F_script01_3_F000_features.pt,hap
/scratch/users/k24015724/wav2vec_project/outputs/IEMOCAP_features/Ses05F_script01_3_F001_features.pt,hap
/scratch/users/k24015724/wav2vec_project/outputs/IEMOCAP_features/Ses05F_script01_3_F002_features.pt,hap
/scratch/users/k24015724/wav2vec_project/outputs/IEMOCAP_features/Ses05F_script01_3_F003_features.pt,hap
/scratch/users/k24015724/wav2vec_project/outputs/IEMOCAP_features/Ses05F_script01_3_F006_features.pt,sad
/scratch/users/k24015724/wav2vec_project/outputs/IEMOCAP_features/Ses05F_script01_3_F008_features.pt,neu
/scratch/users/k24015724/wav2vec_project/outputs/IEMOCAP_features/Ses05F_script01_3_F009_features.pt,hap
/scratch/users/k24015724/wav2vec_project/outputs/IEMOCAP_features/Ses05F_script01_3_F015_features.pt,hap
/scratch/users/k24015724/wav2vec_project/outputs/IEMOCAP_features/Ses05F_script01_3_F016_features.pt,hap
/scratch/users/k24015724/wav2vec_project/outputs/IEMOCAP_features/Ses05F_script01_3_F017_features.pt,hap
/scratch/users/k24015724/wav2vec_project/outputs/IEMOCAP_features/Ses05F_script01_3_F020_features.pt,sad
/scratch/users/k24015724/wav2vec_project/outputs/IEMOCAP_features/Ses05F_script01_3_F021_features.pt,neu
/scratch/users/k24015724/wav2vec_project/outputs/IEMOCAP_features/Ses05F_script01_3_F022_features.pt,sad
/scratch/users/k24015724/wav2vec_project/outputs/IEMOCAP_features/Ses05F_script01_3_F023_features.pt,sad
/scratch/users/k24015724/wav2vec_project/outputs/IEMOCAP_features/Ses05F_script01_3_F024_features.pt,neu
/scratch/users/k24015724/wav2vec_project/outputs/IEMOCAP_features/Ses05F_script01_3_F025_features.pt,sad
/scratch/users/k24015724/wav2vec_project/outputs/IEMOCAP_features/Ses05F_script01_3_F026_features.pt,hap
/scratch/users/k24015724/wav2vec_project/outputs/IEMOCAP_features/Ses05F_script01_3_M000_features.pt,hap
/scratch/users/k24015724/wav2vec_project/outputs/IEMOCAP_features/Ses05F_script01_3_M004_features.pt,neu
/scratch/users/k24015724/wav2vec_project/outputs/IEMOCAP_features/Ses05F_script01_3_M005_features.pt,hap
/scratch/users/k24015724/wav2vec_project/outputs/IEMOCAP_features/Ses05F_script01_3_M006_features.pt,neu
/scratch/users/k24015724/wav2vec_project/outputs/IEMOCAP_features/Ses05F_script01_3_M008_features.pt,hap
/scratch/users/k24015724/wav2vec_project/outputs/IEMOCAP_features/Ses05F_script01_3_M021_features.pt,sad
/scratch/users/k24015724/wav2vec_project/outputs/IEMOCAP_features/Ses05F_script01_3_M023_features.pt,sad
/scratch/users/k24015724/wav2vec_project/outputs/IEMOCAP_features/Ses05F_script01_3_M024_features.pt,sad
/scratch/users/k24015724/wav2vec_project/outputs/IEMOCAP_features/Ses05F_script01_3_M025_features.pt,sad
/scratch/users/k24015724/wav2vec_project/outputs/IEMOCAP_features/Ses05F_script01_3_M026_features.pt,sad
/scratch/users/k24015724/wav2vec_project/outputs/IEMOCAP_features/Ses05F_script01_3_M027_features.pt,sad
/scratch/users/k24015724/wav2vec_project/outputs/IEMOCAP_features/Ses05F_script01_3_M028_features.pt,sad
/scratch/users/k24015724/wav2vec_project/outputs/IEMOCAP_features/Ses05F_script01_3_M029_features.pt,sad
/scratch/users/k24015724/wav2vec_project/outputs/IEMOCAP_features/Ses05F_script01_3_M030_features.pt,sad
/scratch/users/k24015724/wav2vec_project/outputs/IEMOCAP_features/Ses05F_script01_3_M031_features.pt,sad
/scratch/users/k24015724/wav2vec_project/outputs/IEMOCAP_features/Ses05F_script01_3_M032_features.pt,sad
/scratch/users/k24015724/wav2vec_project/outputs/IEMOCAP_features/Ses05F_script01_3_M033_features.pt,sad
/scratch/users/k24015724/wav2vec_project/outputs/IEMOCAP_features/Ses05F_script01_3_M034_features.pt,sad
/scratch/users/k24015724/wav2vec_project/outputs/IEMOCAP_features/Ses05F_script01_3_M035_features.pt,sad
/scratch/users/k24015724/wav2vec_project/outputs/IEMOCAP_features/Ses05F_script01_3_M036_features.pt,sad
/scratch/users/k24015724/wav2vec_project/outputs/IEMOCAP_features/Ses05F_script01_3_M037_features.pt,sad
/scratch/users/k24015724/wav2vec_project/outputs/IEMOCAP_features/Ses05F_script01_3_M040_features.pt,hap
/scratch/users/k24015724/wav2vec_project/outputs/IEMOCAP_features/Ses05F_script02_1_F000_features.pt,neu
/scratch/users/k24015724/wav2vec_project/outputs/IEMOCAP_features/Ses05F_script02_1_F001_features.pt,neu
/scratch/users/k24015724/wav2vec_project/outputs/IEMOCAP_features/Ses05F_script02_1_F002_features.pt,fru
/scratch/users/k24015724/wav2vec_project/outputs/IEMOCAP_features/Ses05F_script02_1_F004_features.pt,fru
/scratch/users/k24015724/wav2vec_project/outputs/IEMOCAP_features/Ses05F_script02_1_F005_features.pt,neu
/scratch/users/k24015724/wav2vec_project/outputs/IEMOCAP_features/Ses05F_script02_1_F007_features.pt,neu
/scratch/users/k24015724/wav2vec_project/outputs/IEMOCAP_features/Ses05F_script02_1_F008_features.pt,fru
/scratch/users/k24015724/wav2vec_project/outputs/IEMOCAP_features/Ses05F_script02_1_F010_features.pt,fru
/scratch/users/k24015724/wav2vec_project/outputs/IEMOCAP_features/Ses05F_script02_1_F011_features.pt,neu
/scratch/users/k24015724/wav2vec_project/outputs/IEMOCAP_features/Ses05F_script02_1_F012_features.pt,neu
/scratch/users/k24015724/wav2vec_project/outputs/IEMOCAP_features/Ses05F_script02_1_F013_features.pt,fru
/scratch/users/k24015724/wav2vec_project/outputs/IEMOCAP_features/Ses05F_script02_1_F014_features.pt,fru
/scratch/users/k24015724/wav2vec_project/outputs/IEMOCAP_features/Ses05F_script02_1_F015_features.pt,neu
/scratch/users/k24015724/wav2vec_project/outputs/IEMOCAP_features/Ses05F_script02_1_F016_features.pt,neu
/scratch/users/k24015724/wav2vec_project/outputs/IEMOCAP_features/Ses05F_script02_1_F017_features.pt,fru
/scratch/users/k24015724/wav2vec_project/outputs/IEMOCAP_features/Ses05F_script02_1_F018_features.pt,fru
/scratch/users/k24015724/wav2vec_project/outputs/IEMOCAP_features/Ses05F_script02_1_M004_features.pt,fru
/scratch/users/k24015724/wav2vec_project/outputs/IEMOCAP_features/Ses05F_script02_1_M005_features.pt,fru
/scratch/users/k24015724/wav2vec_project/outputs/IEMOCAP_features/Ses05F_script02_1_M006_features.pt,fru
/scratch/users/k24015724/wav2vec_project/outputs/IEMOCAP_features/Ses05F_script02_1_M007_features.pt,fru
/scratch/users/k24015724/wav2vec_project/outputs/IEMOCAP_features/Ses05F_script02_1_M017_features.pt,fru
/scratch/users/k24015724/wav2vec_project/outputs/IEMOCAP_features/Ses05F_script02_1_M027_features.pt,fru
/scratch/users/k24015724/wav2vec_project/outputs/IEMOCAP_features/Ses05F_script02_2_F004_features.pt,fru
/scratch/users/k24015724/wav2vec_project/outputs/IEMOCAP_features/Ses05F_script02_2_F005_features.pt,ang
/scratch/users/k24015724/wav2vec_project/outputs/IEMOCAP_features/Ses05F_script02_2_F006_features.pt,fru
/scratch/users/k24015724/wav2vec_project/outputs/IEMOCAP_features/Ses05F_script02_2_F007_features.pt,fru
/scratch/users/k24015724/wav2vec_project/outputs/IEMOCAP_features/Ses05F_script02_2_F008_features.pt,fru
/scratch/users/k24015724/wav2vec_project/outputs/IEMOCAP_features/Ses05F_script02_2_F009_features.pt,fru
/scratch/users/k24015724/wav2vec_project/outputs/IEMOCAP_features/Ses05F_script02_2_F010_features.pt,fru
/scratch/users/k24015724/wav2vec_project/outputs/IEMOCAP_features/Ses05F_script02_2_F011_features.pt,fru
/scratch/users/k24015724/wav2vec_project/outputs/IEMOCAP_features/Ses05F_script02_2_F012_features.pt,fru
/scratch/users/k24015724/wav2vec_project/outputs/IEMOCAP_features/Ses05F_script02_2_F013_features.pt,sad
/scratch/users/k24015724/wav2vec_project/outputs/IEMOCAP_features/Ses05F_script02_2_F014_features.pt,sad
/scratch/users/k24015724/wav2vec_project/outputs/IEMOCAP_features/Ses05F_script02_2_F015_features.pt,hap
/scratch/users/k24015724/wav2vec_project/outputs/IEMOCAP_features/Ses05F_script02_2_F016_features.pt,sad
/scratch/users/k24015724/wav2vec_project/outputs/IEMOCAP_features/Ses05F_script02_2_F017_features.pt,sad
/scratch/users/k24015724/wav2vec_project/outputs/IEMOCAP_features/Ses05F_script02_2_F018_features.pt,sad
/scratch/users/k24015724/wav2vec_project/outputs/IEMOCAP_features/Ses05F_script02_2_F019_features.pt,sad
/scratch/users/k24015724/wav2vec_project/outputs/IEMOCAP_features/Ses05F_script02_2_F020_features.pt,fru
/scratch/users/k24015724/wav2vec_project/outputs/IEMOCAP_features/Ses05F_script02_2_F023_features.pt,fru
/scratch/users/k24015724/wav2vec_project/outputs/IEMOCAP_features/Ses05F_script02_2_F024_features.pt,fru
/scratch/users/k24015724/wav2vec_project/outputs/IEMOCAP_features/Ses05F_script02_2_F025_features.pt,sad
/scratch/users/k24015724/wav2vec_project/outputs/IEMOCAP_features/Ses05F_script02_2_F026_features.pt,sad
/scratch/users/k24015724/wav2vec_project/outputs/IEMOCAP_features/Ses05F_script02_2_F027_features.pt,sad
/scratch/users/k24015724/wav2vec_project/outputs/IEMOCAP_features/Ses05F_script02_2_F028_features.pt,sad
/scratch/users/k24015724/wav2vec_project/outputs/IEMOCAP_features/Ses05F_script02_2_F029_features.pt,sad
/scratch/users/k24015724/wav2vec_project/outputs/IEMOCAP_features/Ses05F_script02_2_F030_features.pt,sad
/scratch/users/k24015724/wav2vec_project/outputs/IEMOCAP_features/Ses05F_script02_2_F032_features.pt,sad
/scratch/users/k24015724/wav2vec_project/outputs/IEMOCAP_features/Ses05F_script02_2_F033_features.pt,hap
/scratch/users/k24015724/wav2vec_project/outputs/IEMOCAP_features/Ses05F_script02_2_F034_features.pt,hap
/scratch/users/k24015724/wav2vec_project/outputs/IEMOCAP_features/Ses05F_script02_2_F037_features.pt,hap
/scratch/users/k24015724/wav2vec_project/outputs/IEMOCAP_features/Ses05F_script02_2_M001_features.pt,fru
/scratch/users/k24015724/wav2vec_project/outputs/IEMOCAP_features/Ses05F_script02_2_M002_features.pt,neu
/scratch/users/k24015724/wav2vec_project/outputs/IEMOCAP_features/Ses05F_script02_2_M003_features.pt,neu
/scratch/users/k24015724/wav2vec_project/outputs/IEMOCAP_features/Ses05F_script02_2_M005_features.pt,neu
/scratch/users/k24015724/wav2vec_project/outputs/IEMOCAP_features/Ses05F_script02_2_M006_features.pt,fru
/scratch/users/k24015724/wav2vec_project/outputs/IEMOCAP_features/Ses05F_script02_2_M007_features.pt,fru
/scratch/users/k24015724/wav2vec_project/outputs/IEMOCAP_features/Ses05F_script02_2_M008_features.pt,fru
/scratch/users/k24015724/wav2vec_project/outputs/IEMOCAP_features/Ses05F_script02_2_M009_features.pt,fru
/scratch/users/k24015724/wav2vec_project/outputs/IEMOCAP_features/Ses05F_script02_2_M010_features.pt,neu
/scratch/users/k24015724/wav2vec_project/outputs/IEMOCAP_features/Ses05F_script02_2_M011_features.pt,fru
/scratch/users/k24015724/wav2vec_project/outputs/IEMOCAP_features/Ses05F_script02_2_M012_features.pt,fru
/scratch/users/k24015724/wav2vec_project/outputs/IEMOCAP_features/Ses05F_script02_2_M013_features.pt,fru
/scratch/users/k24015724/wav2vec_project/outputs/IEMOCAP_features/Ses05F_script02_2_M016_features.pt,neu
/scratch/users/k24015724/wav2vec_project/outputs/IEMOCAP_features/Ses05F_script02_2_M022_features.pt,fru
/scratch/users/k24015724/wav2vec_project/outputs/IEMOCAP_features/Ses05F_script02_2_M023_features.pt,fru
/scratch/users/k24015724/wav2vec_project/outputs/IEMOCAP_features/Ses05F_script02_2_M024_features.pt,fru
/scratch/users/k24015724/wav2vec_project/outputs/IEMOCAP_features/Ses05F_script02_2_M025_features.pt,ang
/scratch/users/k24015724/wav2vec_project/outputs/IEMOCAP_features/Ses05F_script02_2_M027_features.pt,fru
/scratch/users/k24015724/wav2vec_project/outputs/IEMOCAP_features/Ses05F_script02_2_M031_features.pt,sad
/scratch/users/k24015724/wav2vec_project/outputs/IEMOCAP_features/Ses05F_script02_2_M032_features.pt,sad
/scratch/users/k24015724/wav2vec_project/outputs/IEMOCAP_features/Ses05F_script02_2_M033_features.pt,sad
/scratch/users/k24015724/wav2vec_project/outputs/IEMOCAP_features/Ses05F_script02_2_M035_features.pt,hap
/scratch/users/k24015724/wav2vec_project/outputs/IEMOCAP_features/Ses05F_script02_2_M036_features.pt,hap
/scratch/users/k24015724/wav2vec_project/outputs/IEMOCAP_features/Ses05F_script02_2_M037_features.pt,hap
/scratch/users/k24015724/wav2vec_project/outputs/IEMOCAP_features/Ses05F_script02_2_M040_features.pt,hap
/scratch/users/k24015724/wav2vec_project/outputs/IEMOCAP_features/Ses05F_script02_2_M041_features.pt,hap
/scratch/users/k24015724/wav2vec_project/outputs/IEMOCAP_features/Ses05F_script03_1_F010_features.pt,neu
/scratch/users/k24015724/wav2vec_project/outputs/IEMOCAP_features/Ses05F_script03_1_F011_features.pt,neu
/scratch/users/k24015724/wav2vec_project/outputs/IEMOCAP_features/Ses05F_script03_1_F013_features.pt,neu
/scratch/users/k24015724/wav2vec_project/outputs/IEMOCAP_features/Ses05F_script03_1_F015_features.pt,neu
/scratch/users/k24015724/wav2vec_project/outputs/IEMOCAP_features/Ses05F_script03_1_F019_features.pt,neu
/scratch/users/k24015724/wav2vec_project/outputs/IEMOCAP_features/Ses05F_script03_1_F031_features.pt,hap
/scratch/users/k24015724/wav2vec_project/outputs/IEMOCAP_features/Ses05F_script03_1_F033_features.pt,neu
/scratch/users/k24015724/wav2vec_project/outputs/IEMOCAP_features/Ses05F_script03_1_M030_features.pt,neu
/scratch/users/k24015724/wav2vec_project/outputs/IEMOCAP_features/Ses05F_script03_2_F000_features.pt,neu
/scratch/users/k24015724/wav2vec_project/outputs/IEMOCAP_features/Ses05F_script03_2_F001_features.pt,neu
/scratch/users/k24015724/wav2vec_project/outputs/IEMOCAP_features/Ses05F_script03_2_F003_features.pt,neu
/scratch/users/k24015724/wav2vec_project/outputs/IEMOCAP_features/Ses05F_script03_2_F004_features.pt,neu
/scratch/users/k24015724/wav2vec_project/outputs/IEMOCAP_features/Ses05F_script03_2_F005_features.pt,neu
/scratch/users/k24015724/wav2vec_project/outputs/IEMOCAP_features/Ses05F_script03_2_F006_features.pt,neu
/scratch/users/k24015724/wav2vec_project/outputs/IEMOCAP_features/Ses05F_script03_2_F008_features.pt,fru
/scratch/users/k24015724/wav2vec_project/outputs/IEMOCAP_features/Ses05F_script03_2_F010_features.pt,neu
/scratch/users/k24015724/wav2vec_project/outputs/IEMOCAP_features/Ses05F_script03_2_F011_features.pt,neu
/scratch/users/k24015724/wav2vec_project/outputs/IEMOCAP_features/Ses05F_script03_2_F012_features.pt,neu
/scratch/users/k24015724/wav2vec_project/outputs/IEMOCAP_features/Ses05F_script03_2_F014_features.pt,neu
/scratch/users/k24015724/wav2vec_project/outputs/IEMOCAP_features/Ses05F_script03_2_F018_features.pt,ang
/scratch/users/k24015724/wav2vec_project/outputs/IEMOCAP_features/Ses05F_script03_2_F019_features.pt,ang
/scratch/users/k24015724/wav2vec_project/outputs/IEMOCAP_features/Ses05F_script03_2_F020_features.pt,ang
/scratch/users/k24015724/wav2vec_project/outputs/IEMOCAP_features/Ses05F_script03_2_F021_features.pt,ang
/scratch/users/k24015724/wav2vec_project/outputs/IEMOCAP_features/Ses05F_script03_2_F022_features.pt,neu
/scratch/users/k24015724/wav2vec_project/outputs/IEMOCAP_features/Ses05F_script03_2_F023_features.pt,ang
/scratch/users/k24015724/wav2vec_project/outputs/IEMOCAP_features/Ses05F_script03_2_F024_features.pt,ang
/scratch/users/k24015724/wav2vec_project/outputs/IEMOCAP_features/Ses05F_script03_2_F026_features.pt,fru
/scratch/users/k24015724/wav2vec_project/outputs/IEMOCAP_features/Ses05F_script03_2_F027_features.pt,ang
/scratch/users/k24015724/wav2vec_project/outputs/IEMOCAP_features/Ses05F_script03_2_F028_features.pt,fru
/scratch/users/k24015724/wav2vec_project/outputs/IEMOCAP_features/Ses05F_script03_2_F029_features.pt,ang
/scratch/users/k24015724/wav2vec_project/outputs/IEMOCAP_features/Ses05F_script03_2_F030_features.pt,ang
/scratch/users/k24015724/wav2vec_project/outputs/IEMOCAP_features/Ses05F_script03_2_F031_features.pt,ang
/scratch/users/k24015724/wav2vec_project/outputs/IEMOCAP_features/Ses05F_script03_2_F032_features.pt,ang
/scratch/users/k24015724/wav2vec_project/outputs/IEMOCAP_features/Ses05F_script03_2_F033_features.pt,ang
/scratch/users/k24015724/wav2vec_project/outputs/IEMOCAP_features/Ses05F_script03_2_F034_features.pt,ang
/scratch/users/k24015724/wav2vec_project/outputs/IEMOCAP_features/Ses05F_script03_2_F035_features.pt,ang
/scratch/users/k24015724/wav2vec_project/outputs/IEMOCAP_features/Ses05F_script03_2_F036_features.pt,ang
/scratch/users/k24015724/wav2vec_project/outputs/IEMOCAP_features/Ses05F_script03_2_F037_features.pt,ang
/scratch/users/k24015724/wav2vec_project/outputs/IEMOCAP_features/Ses05F_script03_2_F038_features.pt,ang
/scratch/users/k24015724/wav2vec_project/outputs/IEMOCAP_features/Ses05F_script03_2_F039_features.pt,ang
/scratch/users/k24015724/wav2vec_project/outputs/IEMOCAP_features/Ses05F_script03_2_F040_features.pt,ang
/scratch/users/k24015724/wav2vec_project/outputs/IEMOCAP_features/Ses05F_script03_2_F041_features.pt,ang
/scratch/users/k24015724/wav2vec_project/outputs/IEMOCAP_features/Ses05F_script03_2_M004_features.pt,ang
/scratch/users/k24015724/wav2vec_project/outputs/IEMOCAP_features/Ses05F_script03_2_M005_features.pt,ang
/scratch/users/k24015724/wav2vec_project/outputs/IEMOCAP_features/Ses05F_script03_2_M006_features.pt,fru
/scratch/users/k24015724/wav2vec_project/outputs/IEMOCAP_features/Ses05F_script03_2_M008_features.pt,ang
/scratch/users/k24015724/wav2vec_project/outputs/IEMOCAP_features/Ses05F_script03_2_M009_features.pt,neu
/scratch/users/k24015724/wav2vec_project/outputs/IEMOCAP_features/Ses05F_script03_2_M010_features.pt,neu
/scratch/users/k24015724/wav2vec_project/outputs/IEMOCAP_features/Ses05F_script03_2_M013_features.pt,ang
/scratch/users/k24015724/wav2vec_project/outputs/IEMOCAP_features/Ses05F_script03_2_M014_features.pt,ang
/scratch/users/k24015724/wav2vec_project/outputs/IEMOCAP_features/Ses05F_script03_2_M016_features.pt,ang
/scratch/users/k24015724/wav2vec_project/outputs/IEMOCAP_features/Ses05F_script03_2_M018_features.pt,fru
/scratch/users/k24015724/wav2vec_project/outputs/IEMOCAP_features/Ses05F_script03_2_M019_features.pt,ang
/scratch/users/k24015724/wav2vec_project/outputs/IEMOCAP_features/Ses05F_script03_2_M022_features.pt,ang
/scratch/users/k24015724/wav2vec_project/outputs/IEMOCAP_features/Ses05F_script03_2_M023_features.pt,fru
/scratch/users/k24015724/wav2vec_project/outputs/IEMOCAP_features/Ses05F_script03_2_M024_features.pt,ang
/scratch/users/k24015724/wav2vec_project/outputs/IEMOCAP_features/Ses05F_script03_2_M025_features.pt,ang
/scratch/users/k24015724/wav2vec_project/outputs/IEMOCAP_features/Ses05F_script03_2_M026_features.pt,ang
/scratch/users/k24015724/wav2vec_project/outputs/IEMOCAP_features/Ses05F_script03_2_M030_features.pt,fru
/scratch/users/k24015724/wav2vec_project/outputs/IEMOCAP_features/Ses05F_script03_2_M032_features.pt,fru
/scratch/users/k24015724/wav2vec_project/outputs/IEMOCAP_features/Ses05F_script03_2_M037_features.pt,ang
/scratch/users/k24015724/wav2vec_project/outputs/IEMOCAP_features/Ses05F_script03_2_M038_features.pt,ang
/scratch/users/k24015724/wav2vec_project/outputs/IEMOCAP_features/Ses05F_script03_2_M039_features.pt,ang
/scratch/users/k24015724/wav2vec_project/outputs/IEMOCAP_features/Ses05F_script03_2_M040_features.pt,ang
/scratch/users/k24015724/wav2vec_project/outputs/IEMOCAP_features/Ses05F_script03_2_M041_features.pt,ang
/scratch/users/k24015724/wav2vec_project/outputs/IEMOCAP_features/Ses05F_script03_2_M042_features.pt,ang
/scratch/users/k24015724/wav2vec_project/outputs/IEMOCAP_features/Ses05F_script03_2_M043_features.pt,ang
/scratch/users/k24015724/wav2vec_project/outputs/IEMOCAP_features/Ses05M_impro01_F000_features.pt,neu
/scratch/users/k24015724/wav2vec_project/outputs/IEMOCAP_features/Ses05M_impro01_F001_features.pt,neu
/scratch/users/k24015724/wav2vec_project/outputs/IEMOCAP_features/Ses05M_impro01_F002_features.pt,neu
/scratch/users/k24015724/wav2vec_project/outputs/IEMOCAP_features/Ses05M_impro01_F003_features.pt,neu
/scratch/users/k24015724/wav2vec_project/outputs/IEMOCAP_features/Ses05M_impro01_F004_features.pt,neu
/scratch/users/k24015724/wav2vec_project/outputs/IEMOCAP_features/Ses05M_impro01_F005_features.pt,fru
/scratch/users/k24015724/wav2vec_project/outputs/IEMOCAP_features/Ses05M_impro01_F006_features.pt,neu
/scratch/users/k24015724/wav2vec_project/outputs/IEMOCAP_features/Ses05M_impro01_F007_features.pt,fru
/scratch/users/k24015724/wav2vec_project/outputs/IEMOCAP_features/Ses05M_impro01_F008_features.pt,fru
/scratch/users/k24015724/wav2vec_project/outputs/IEMOCAP_features/Ses05M_impro01_F009_features.pt,neu
/scratch/users/k24015724/wav2vec_project/outputs/IEMOCAP_features/Ses05M_impro01_F010_features.pt,fru
/scratch/users/k24015724/wav2vec_project/outputs/IEMOCAP_features/Ses05M_impro01_F011_features.pt,fru
/scratch/users/k24015724/wav2vec_project/outputs/IEMOCAP_features/Ses05M_impro01_F012_features.pt,neu
/scratch/users/k24015724/wav2vec_project/outputs/IEMOCAP_features/Ses05M_impro01_F013_features.pt,fru
/scratch/users/k24015724/wav2vec_project/outputs/IEMOCAP_features/Ses05M_impro01_F014_features.pt,fru
/scratch/users/k24015724/wav2vec_project/outputs/IEMOCAP_features/Ses05M_impro01_F015_features.pt,fru
/scratch/users/k24015724/wav2vec_project/outputs/IEMOCAP_features/Ses05M_impro01_F016_features.pt,fru
/scratch/users/k24015724/wav2vec_project/outputs/IEMOCAP_features/Ses05M_impro01_F017_features.pt,fru
/scratch/users/k24015724/wav2vec_project/outputs/IEMOCAP_features/Ses05M_impro01_F018_features.pt,fru
/scratch/users/k24015724/wav2vec_project/outputs/IEMOCAP_features/Ses05M_impro01_F019_features.pt,fru
/scratch/users/k24015724/wav2vec_project/outputs/IEMOCAP_features/Ses05M_impro01_F020_features.pt,fru
/scratch/users/k24015724/wav2vec_project/outputs/IEMOCAP_features/Ses05M_impro01_F021_features.pt,ang
/scratch/users/k24015724/wav2vec_project/outputs/IEMOCAP_features/Ses05M_impro01_F022_features.pt,fru
/scratch/users/k24015724/wav2vec_project/outputs/IEMOCAP_features/Ses05M_impro01_F023_features.pt,ang
/scratch/users/k24015724/wav2vec_project/outputs/IEMOCAP_features/Ses05M_impro01_M004_features.pt,fru
/scratch/users/k24015724/wav2vec_project/outputs/IEMOCAP_features/Ses05M_impro01_M005_features.pt,ang
/scratch/users/k24015724/wav2vec_project/outputs/IEMOCAP_features/Ses05M_impro01_M008_features.pt,fru
/scratch/users/k24015724/wav2vec_project/outputs/IEMOCAP_features/Ses05M_impro01_M009_features.pt,fru
/scratch/users/k24015724/wav2vec_project/outputs/IEMOCAP_features/Ses05M_impro01_M011_features.pt,fru
/scratch/users/k24015724/wav2vec_project/outputs/IEMOCAP_features/Ses05M_impro01_M012_features.pt,fru
/scratch/users/k24015724/wav2vec_project/outputs/IEMOCAP_features/Ses05M_impro01_M013_features.pt,fru
/scratch/users/k24015724/wav2vec_project/outputs/IEMOCAP_features/Ses05M_impro01_M014_features.pt,fru
/scratch/users/k24015724/wav2vec_project/outputs/IEMOCAP_features/Ses05M_impro01_M015_features.pt,ang
/scratch/users/k24015724/wav2vec_project/outputs/IEMOCAP_features/Ses05M_impro01_M016_features.pt,fru
/scratch/users/k24015724/wav2vec_project/outputs/IEMOCAP_features/Ses05M_impro01_M017_features.pt,fru
/scratch/users/k24015724/wav2vec_project/outputs/IEMOCAP_features/Ses05M_impro01_M018_features.pt,fru
/scratch/users/k24015724/wav2vec_project/outputs/IEMOCAP_features/Ses05M_impro01_M019_features.pt,fru
/scratch/users/k24015724/wav2vec_project/outputs/IEMOCAP_features/Ses05M_impro01_M020_features.pt,fru
/scratch/users/k24015724/wav2vec_project/outputs/IEMOCAP_features/Ses05M_impro01_M021_features.pt,fru
/scratch/users/k24015724/wav2vec_project/outputs/IEMOCAP_features/Ses05M_impro01_M022_features.pt,fru
/scratch/users/k24015724/wav2vec_project/outputs/IEMOCAP_features/Ses05M_impro02_F006_features.pt,fru
/scratch/users/k24015724/wav2vec_project/outputs/IEMOCAP_features/Ses05M_impro02_F009_features.pt,fru
/scratch/users/k24015724/wav2vec_project/outputs/IEMOCAP_features/Ses05M_impro02_F010_features.pt,fru
/scratch/users/k24015724/wav2vec_project/outputs/IEMOCAP_features/Ses05M_impro02_F012_features.pt,neu
/scratch/users/k24015724/wav2vec_project/outputs/IEMOCAP_features/Ses05M_impro02_F013_features.pt,sad
/scratch/users/k24015724/wav2vec_project/outputs/IEMOCAP_features/Ses05M_impro02_F020_features.pt,sad
/scratch/users/k24015724/wav2vec_project/outputs/IEMOCAP_features/Ses05M_impro02_F021_features.pt,sad
/scratch/users/k24015724/wav2vec_project/outputs/IEMOCAP_features/Ses05M_impro02_F023_features.pt,sad
/scratch/users/k24015724/wav2vec_project/outputs/IEMOCAP_features/Ses05M_impro02_F024_features.pt,sad
/scratch/users/k24015724/wav2vec_project/outputs/IEMOCAP_features/Ses05M_impro02_M000_features.pt,sad
/scratch/users/k24015724/wav2vec_project/outputs/IEMOCAP_features/Ses05M_impro02_M001_features.pt,sad
/scratch/users/k24015724/wav2vec_project/outputs/IEMOCAP_features/Ses05M_impro02_M007_features.pt,sad
/scratch/users/k24015724/wav2vec_project/outputs/IEMOCAP_features/Ses05M_impro02_M008_features.pt,fru
/scratch/users/k24015724/wav2vec_project/outputs/IEMOCAP_features/Ses05M_impro02_M010_features.pt,sad
/scratch/users/k24015724/wav2vec_project/outputs/IEMOCAP_features/Ses05M_impro02_M011_features.pt,sad
/scratch/users/k24015724/wav2vec_project/outputs/IEMOCAP_features/Ses05M_impro02_M012_features.pt,sad
/scratch/users/k24015724/wav2vec_project/outputs/IEMOCAP_features/Ses05M_impro02_M013_features.pt,sad
/scratch/users/k24015724/wav2vec_project/outputs/IEMOCAP_features/Ses05M_impro02_M017_features.pt,fru
/scratch/users/k24015724/wav2vec_project/outputs/IEMOCAP_features/Ses05M_impro02_M018_features.pt,sad
/scratch/users/k24015724/wav2vec_project/outputs/IEMOCAP_features/Ses05M_impro02_M019_features.pt,sad
/scratch/users/k24015724/wav2vec_project/outputs/IEMOCAP_features/Ses05M_impro02_M021_features.pt,sad
/scratch/users/k24015724/wav2vec_project/outputs/IEMOCAP_features/Ses05M_impro02_M022_features.pt,sad
/scratch/users/k24015724/wav2vec_project/outputs/IEMOCAP_features/Ses05M_impro02_M023_features.pt,sad
/scratch/users/k24015724/wav2vec_project/outputs/IEMOCAP_features/Ses05M_impro02_M024_features.pt,sad
/scratch/users/k24015724/wav2vec_project/outputs/IEMOCAP_features/Ses05M_impro02_M025_features.pt,sad
/scratch/users/k24015724/wav2vec_project/outputs/IEMOCAP_features/Ses05M_impro02_M027_features.pt,sad
/scratch/users/k24015724/wav2vec_project/outputs/IEMOCAP_features/Ses05M_impro02_M028_features.pt,sad
/scratch/users/k24015724/wav2vec_project/outputs/IEMOCAP_features/Ses05M_impro02_M029_features.pt,sad
/scratch/users/k24015724/wav2vec_project/outputs/IEMOCAP_features/Ses05M_impro03_F000_features.pt,neu
/scratch/users/k24015724/wav2vec_project/outputs/IEMOCAP_features/Ses05M_impro03_F005_features.pt,hap
/scratch/users/k24015724/wav2vec_project/outputs/IEMOCAP_features/Ses05M_impro03_F006_features.pt,neu
/scratch/users/k24015724/wav2vec_project/outputs/IEMOCAP_features/Ses05M_impro03_F008_features.pt,hap
/scratch/users/k24015724/wav2vec_project/outputs/IEMOCAP_features/Ses05M_impro03_F009_features.pt,hap
/scratch/users/k24015724/wav2vec_project/outputs/IEMOCAP_features/Ses05M_impro03_F010_features.pt,hap
/scratch/users/k24015724/wav2vec_project/outputs/IEMOCAP_features/Ses05M_impro03_F011_features.pt,hap
/scratch/users/k24015724/wav2vec_project/outputs/IEMOCAP_features/Ses05M_impro03_F012_features.pt,hap
/scratch/users/k24015724/wav2vec_project/outputs/IEMOCAP_features/Ses05M_impro03_F013_features.pt,hap
/scratch/users/k24015724/wav2vec_project/outputs/IEMOCAP_features/Ses05M_impro03_F016_features.pt,hap
/scratch/users/k24015724/wav2vec_project/outputs/IEMOCAP_features/Ses05M_impro03_F017_features.pt,hap
/scratch/users/k24015724/wav2vec_project/outputs/IEMOCAP_features/Ses05M_impro03_F020_features.pt,hap
/scratch/users/k24015724/wav2vec_project/outputs/IEMOCAP_features/Ses05M_impro03_F021_features.pt,hap
/scratch/users/k24015724/wav2vec_project/outputs/IEMOCAP_features/Ses05M_impro03_F022_features.pt,hap
/scratch/users/k24015724/wav2vec_project/outputs/IEMOCAP_features/Ses05M_impro03_F026_features.pt,neu
/scratch/users/k24015724/wav2vec_project/outputs/IEMOCAP_features/Ses05M_impro03_F027_features.pt,neu
/scratch/users/k24015724/wav2vec_project/outputs/IEMOCAP_features/Ses05M_impro03_F030_features.pt,neu
/scratch/users/k24015724/wav2vec_project/outputs/IEMOCAP_features/Ses05M_impro03_F031_features.pt,hap
/scratch/users/k24015724/wav2vec_project/outputs/IEMOCAP_features/Ses05M_impro03_M004_features.pt,hap
/scratch/users/k24015724/wav2vec_project/outputs/IEMOCAP_features/Ses05M_impro03_M006_features.pt,hap
/scratch/users/k24015724/wav2vec_project/outputs/IEMOCAP_features/Ses05M_impro03_M007_features.pt,hap
/scratch/users/k24015724/wav2vec_project/outputs/IEMOCAP_features/Ses05M_impro03_M008_features.pt,hap
/scratch/users/k24015724/wav2vec_project/outputs/IEMOCAP_features/Ses05M_impro03_M009_features.pt,hap
/scratch/users/k24015724/wav2vec_project/outputs/IEMOCAP_features/Ses05M_impro03_M010_features.pt,hap
/scratch/users/k24015724/wav2vec_project/outputs/IEMOCAP_features/Ses05M_impro03_M011_features.pt,hap
/scratch/users/k24015724/wav2vec_project/outputs/IEMOCAP_features/Ses05M_impro03_M012_features.pt,hap
/scratch/users/k24015724/wav2vec_project/outputs/IEMOCAP_features/Ses05M_impro03_M013_features.pt,hap
/scratch/users/k24015724/wav2vec_project/outputs/IEMOCAP_features/Ses05M_impro03_M014_features.pt,hap
/scratch/users/k24015724/wav2vec_project/outputs/IEMOCAP_features/Ses05M_impro03_M015_features.pt,hap
/scratch/users/k24015724/wav2vec_project/outputs/IEMOCAP_features/Ses05M_impro03_M016_features.pt,hap
/scratch/users/k24015724/wav2vec_project/outputs/IEMOCAP_features/Ses05M_impro03_M018_features.pt,hap
/scratch/users/k24015724/wav2vec_project/outputs/IEMOCAP_features/Ses05M_impro03_M019_features.pt,neu
/scratch/users/k24015724/wav2vec_project/outputs/IEMOCAP_features/Ses05M_impro03_M023_features.pt,hap
/scratch/users/k24015724/wav2vec_project/outputs/IEMOCAP_features/Ses05M_impro03_M024_features.pt,hap
/scratch/users/k24015724/wav2vec_project/outputs/IEMOCAP_features/Ses05M_impro03_M025_features.pt,hap
/scratch/users/k24015724/wav2vec_project/outputs/IEMOCAP_features/Ses05M_impro03_M026_features.pt,hap
/scratch/users/k24015724/wav2vec_project/outputs/IEMOCAP_features/Ses05M_impro03_M027_features.pt,hap
/scratch/users/k24015724/wav2vec_project/outputs/IEMOCAP_features/Ses05M_impro03_M028_features.pt,hap
/scratch/users/k24015724/wav2vec_project/outputs/IEMOCAP_features/Ses05M_impro03_M030_features.pt,hap
/scratch/users/k24015724/wav2vec_project/outputs/IEMOCAP_features/Ses05M_impro03_M031_features.pt,hap
/scratch/users/k24015724/wav2vec_project/outputs/IEMOCAP_features/Ses05M_impro03_M032_features.pt,hap
/scratch/users/k24015724/wav2vec_project/outputs/IEMOCAP_features/Ses05M_impro03_M033_features.pt,hap
/scratch/users/k24015724/wav2vec_project/outputs/IEMOCAP_features/Ses05M_impro04_F001_features.pt,neu
/scratch/users/k24015724/wav2vec_project/outputs/IEMOCAP_features/Ses05M_impro04_F002_features.pt,neu
/scratch/users/k24015724/wav2vec_project/outputs/IEMOCAP_features/Ses05M_impro04_F003_features.pt,neu
/scratch/users/k24015724/wav2vec_project/outputs/IEMOCAP_features/Ses05M_impro04_F004_features.pt,neu
/scratch/users/k24015724/wav2vec_project/outputs/IEMOCAP_features/Ses05M_impro04_F005_features.pt,neu
/scratch/users/k24015724/wav2vec_project/outputs/IEMOCAP_features/Ses05M_impro04_F006_features.pt,neu
/scratch/users/k24015724/wav2vec_project/outputs/IEMOCAP_features/Ses05M_impro04_F007_features.pt,neu
/scratch/users/k24015724/wav2vec_project/outputs/IEMOCAP_features/Ses05M_impro04_F008_features.pt,neu
/scratch/users/k24015724/wav2vec_project/outputs/IEMOCAP_features/Ses05M_impro04_F009_features.pt,neu
/scratch/users/k24015724/wav2vec_project/outputs/IEMOCAP_features/Ses05M_impro04_F010_features.pt,neu
/scratch/users/k24015724/wav2vec_project/outputs/IEMOCAP_features/Ses05M_impro04_F011_features.pt,neu
/scratch/users/k24015724/wav2vec_project/outputs/IEMOCAP_features/Ses05M_impro04_F012_features.pt,neu
/scratch/users/k24015724/wav2vec_project/outputs/IEMOCAP_features/Ses05M_impro04_F013_features.pt,neu
/scratch/users/k24015724/wav2vec_project/outputs/IEMOCAP_features/Ses05M_impro04_F014_features.pt,neu
/scratch/users/k24015724/wav2vec_project/outputs/IEMOCAP_features/Ses05M_impro04_F015_features.pt,neu
/scratch/users/k24015724/wav2vec_project/outputs/IEMOCAP_features/Ses05M_impro04_F016_features.pt,neu
/scratch/users/k24015724/wav2vec_project/outputs/IEMOCAP_features/Ses05M_impro04_F017_features.pt,neu
/scratch/users/k24015724/wav2vec_project/outputs/IEMOCAP_features/Ses05M_impro04_F018_features.pt,neu
/scratch/users/k24015724/wav2vec_project/outputs/IEMOCAP_features/Ses05M_impro04_F019_features.pt,neu
/scratch/users/k24015724/wav2vec_project/outputs/IEMOCAP_features/Ses05M_impro04_F020_features.pt,neu
/scratch/users/k24015724/wav2vec_project/outputs/IEMOCAP_features/Ses05M_impro04_F021_features.pt,neu
/scratch/users/k24015724/wav2vec_project/outputs/IEMOCAP_features/Ses05M_impro04_F022_features.pt,neu
/scratch/users/k24015724/wav2vec_project/outputs/IEMOCAP_features/Ses05M_impro04_F023_features.pt,neu
/scratch/users/k24015724/wav2vec_project/outputs/IEMOCAP_features/Ses05M_impro04_F024_features.pt,neu
/scratch/users/k24015724/wav2vec_project/outputs/IEMOCAP_features/Ses05M_impro04_F026_features.pt,neu
/scratch/users/k24015724/wav2vec_project/outputs/IEMOCAP_features/Ses05M_impro04_F027_features.pt,neu
/scratch/users/k24015724/wav2vec_project/outputs/IEMOCAP_features/Ses05M_impro04_F028_features.pt,neu
/scratch/users/k24015724/wav2vec_project/outputs/IEMOCAP_features/Ses05M_impro04_F029_features.pt,neu
/scratch/users/k24015724/wav2vec_project/outputs/IEMOCAP_features/Ses05M_impro04_F030_features.pt,neu
/scratch/users/k24015724/wav2vec_project/outputs/IEMOCAP_features/Ses05M_impro04_F031_features.pt,neu
/scratch/users/k24015724/wav2vec_project/outputs/IEMOCAP_features/Ses05M_impro04_F032_features.pt,neu
/scratch/users/k24015724/wav2vec_project/outputs/IEMOCAP_features/Ses05M_impro04_F033_features.pt,fru
/scratch/users/k24015724/wav2vec_project/outputs/IEMOCAP_features/Ses05M_impro04_F034_features.pt,neu
/scratch/users/k24015724/wav2vec_project/outputs/IEMOCAP_features/Ses05M_impro04_F035_features.pt,neu
/scratch/users/k24015724/wav2vec_project/outputs/IEMOCAP_features/Ses05M_impro04_F036_features.pt,neu
/scratch/users/k24015724/wav2vec_project/outputs/IEMOCAP_features/Ses05M_impro04_F037_features.pt,neu
/scratch/users/k24015724/wav2vec_project/outputs/IEMOCAP_features/Ses05M_impro04_M000_features.pt,fru
/scratch/users/k24015724/wav2vec_project/outputs/IEMOCAP_features/Ses05M_impro04_M001_features.pt,fru
/scratch/users/k24015724/wav2vec_project/outputs/IEMOCAP_features/Ses05M_impro04_M002_features.pt,fru
/scratch/users/k24015724/wav2vec_project/outputs/IEMOCAP_features/Ses05M_impro04_M003_features.pt,fru
/scratch/users/k24015724/wav2vec_project/outputs/IEMOCAP_features/Ses05M_impro04_M004_features.pt,fru
/scratch/users/k24015724/wav2vec_project/outputs/IEMOCAP_features/Ses05M_impro04_M005_features.pt,fru
/scratch/users/k24015724/wav2vec_project/outputs/IEMOCAP_features/Ses05M_impro04_M006_features.pt,fru
/scratch/users/k24015724/wav2vec_project/outputs/IEMOCAP_features/Ses05M_impro04_M007_features.pt,fru
/scratch/users/k24015724/wav2vec_project/outputs/IEMOCAP_features/Ses05M_impro04_M008_features.pt,neu
/scratch/users/k24015724/wav2vec_project/outputs/IEMOCAP_features/Ses05M_impro04_M009_features.pt,neu
/scratch/users/k24015724/wav2vec_project/outputs/IEMOCAP_features/Ses05M_impro04_M010_features.pt,neu
/scratch/users/k24015724/wav2vec_project/outputs/IEMOCAP_features/Ses05M_impro04_M011_features.pt,fru
/scratch/users/k24015724/wav2vec_project/outputs/IEMOCAP_features/Ses05M_impro04_M012_features.pt,fru
/scratch/users/k24015724/wav2vec_project/outputs/IEMOCAP_features/Ses05M_impro04_M013_features.pt,fru
/scratch/users/k24015724/wav2vec_project/outputs/IEMOCAP_features/Ses05M_impro04_M014_features.pt,fru
/scratch/users/k24015724/wav2vec_project/outputs/IEMOCAP_features/Ses05M_impro04_M015_features.pt,fru
/scratch/users/k24015724/wav2vec_project/outputs/IEMOCAP_features/Ses05M_impro04_M016_features.pt,fru
/scratch/users/k24015724/wav2vec_project/outputs/IEMOCAP_features/Ses05M_impro04_M017_features.pt,fru
/scratch/users/k24015724/wav2vec_project/outputs/IEMOCAP_features/Ses05M_impro04_M019_features.pt,ang
/scratch/users/k24015724/wav2vec_project/outputs/IEMOCAP_features/Ses05M_impro04_M020_features.pt,ang
/scratch/users/k24015724/wav2vec_project/outputs/IEMOCAP_features/Ses05M_impro04_M022_features.pt,fru
/scratch/users/k24015724/wav2vec_project/outputs/IEMOCAP_features/Ses05M_impro04_M023_features.pt,fru
/scratch/users/k24015724/wav2vec_project/outputs/IEMOCAP_features/Ses05M_impro04_M024_features.pt,fru
/scratch/users/k24015724/wav2vec_project/outputs/IEMOCAP_features/Ses05M_impro04_M025_features.pt,fru
/scratch/users/k24015724/wav2vec_project/outputs/IEMOCAP_features/Ses05M_impro04_M026_features.pt,fru
/scratch/users/k24015724/wav2vec_project/outputs/IEMOCAP_features/Ses05M_impro04_M027_features.pt,fru
/scratch/users/k24015724/wav2vec_project/outputs/IEMOCAP_features/Ses05M_impro04_M028_features.pt,fru
/scratch/users/k24015724/wav2vec_project/outputs/IEMOCAP_features/Ses05M_impro04_M029_features.pt,fru
/scratch/users/k24015724/wav2vec_project/outputs/IEMOCAP_features/Ses05M_impro04_M030_features.pt,fru
/scratch/users/k24015724/wav2vec_project/outputs/IEMOCAP_features/Ses05M_impro04_M031_features.pt,fru
/scratch/users/k24015724/wav2vec_project/outputs/IEMOCAP_features/Ses05M_impro04_M032_features.pt,fru
/scratch/users/k24015724/wav2vec_project/outputs/IEMOCAP_features/Ses05M_impro04_M033_features.pt,fru
/scratch/users/k24015724/wav2vec_project/outputs/IEMOCAP_features/Ses05M_impro04_M034_features.pt,fru
/scratch/users/k24015724/wav2vec_project/outputs/IEMOCAP_features/Ses05M_impro04_M035_features.pt,fru
/scratch/users/k24015724/wav2vec_project/outputs/IEMOCAP_features/Ses05M_impro04_M037_features.pt,fru
/scratch/users/k24015724/wav2vec_project/outputs/IEMOCAP_features/Ses05M_impro04_M038_features.pt,fru
/scratch/users/k24015724/wav2vec_project/outputs/IEMOCAP_features/Ses05M_impro04_M039_features.pt,fru
/scratch/users/k24015724/wav2vec_project/outputs/IEMOCAP_features/Ses05M_impro04_M040_features.pt,ang
/scratch/users/k24015724/wav2vec_project/outputs/IEMOCAP_features/Ses05M_impro04_M041_features.pt,sad
/scratch/users/k24015724/wav2vec_project/outputs/IEMOCAP_features/Ses05M_impro05_F000_features.pt,neu
/scratch/users/k24015724/wav2vec_project/outputs/IEMOCAP_features/Ses05M_impro05_F001_features.pt,neu
/scratch/users/k24015724/wav2vec_project/outputs/IEMOCAP_features/Ses05M_impro05_F002_features.pt,neu
/scratch/users/k24015724/wav2vec_project/outputs/IEMOCAP_features/Ses05M_impro05_F003_features.pt,neu
/scratch/users/k24015724/wav2vec_project/outputs/IEMOCAP_features/Ses05M_impro05_F004_features.pt,neu
/scratch/users/k24015724/wav2vec_project/outputs/IEMOCAP_features/Ses05M_impro05_F005_features.pt,neu
/scratch/users/k24015724/wav2vec_project/outputs/IEMOCAP_features/Ses05M_impro05_F006_features.pt,neu
/scratch/users/k24015724/wav2vec_project/outputs/IEMOCAP_features/Ses05M_impro05_F007_features.pt,neu
/scratch/users/k24015724/wav2vec_project/outputs/IEMOCAP_features/Ses05M_impro05_F008_features.pt,neu
/scratch/users/k24015724/wav2vec_project/outputs/IEMOCAP_features/Ses05M_impro05_F009_features.pt,neu
/scratch/users/k24015724/wav2vec_project/outputs/IEMOCAP_features/Ses05M_impro05_F010_features.pt,neu
/scratch/users/k24015724/wav2vec_project/outputs/IEMOCAP_features/Ses05M_impro05_F011_features.pt,neu
/scratch/users/k24015724/wav2vec_project/outputs/IEMOCAP_features/Ses05M_impro05_F012_features.pt,neu
/scratch/users/k24015724/wav2vec_project/outputs/IEMOCAP_features/Ses05M_impro05_F013_features.pt,neu
/scratch/users/k24015724/wav2vec_project/outputs/IEMOCAP_features/Ses05M_impro05_F014_features.pt,neu
/scratch/users/k24015724/wav2vec_project/outputs/IEMOCAP_features/Ses05M_impro05_F015_features.pt,neu
/scratch/users/k24015724/wav2vec_project/outputs/IEMOCAP_features/Ses05M_impro05_F016_features.pt,neu
/scratch/users/k24015724/wav2vec_project/outputs/IEMOCAP_features/Ses05M_impro05_F017_features.pt,neu
/scratch/users/k24015724/wav2vec_project/outputs/IEMOCAP_features/Ses05M_impro05_F018_features.pt,neu
/scratch/users/k24015724/wav2vec_project/outputs/IEMOCAP_features/Ses05M_impro05_F019_features.pt,neu
/scratch/users/k24015724/wav2vec_project/outputs/IEMOCAP_features/Ses05M_impro05_F020_features.pt,neu
/scratch/users/k24015724/wav2vec_project/outputs/IEMOCAP_features/Ses05M_impro05_F021_features.pt,neu
/scratch/users/k24015724/wav2vec_project/outputs/IEMOCAP_features/Ses05M_impro05_M000_features.pt,neu
/scratch/users/k24015724/wav2vec_project/outputs/IEMOCAP_features/Ses05M_impro05_M001_features.pt,neu
/scratch/users/k24015724/wav2vec_project/outputs/IEMOCAP_features/Ses05M_impro05_M002_features.pt,neu
/scratch/users/k24015724/wav2vec_project/outputs/IEMOCAP_features/Ses05M_impro05_M003_features.pt,neu
/scratch/users/k24015724/wav2vec_project/outputs/IEMOCAP_features/Ses05M_impro05_M004_features.pt,neu
/scratch/users/k24015724/wav2vec_project/outputs/IEMOCAP_features/Ses05M_impro05_M005_features.pt,neu
/scratch/users/k24015724/wav2vec_project/outputs/IEMOCAP_features/Ses05M_impro05_M006_features.pt,neu
/scratch/users/k24015724/wav2vec_project/outputs/IEMOCAP_features/Ses05M_impro05_M007_features.pt,neu
/scratch/users/k24015724/wav2vec_project/outputs/IEMOCAP_features/Ses05M_impro05_M009_features.pt,neu
/scratch/users/k24015724/wav2vec_project/outputs/IEMOCAP_features/Ses05M_impro05_M010_features.pt,neu
/scratch/users/k24015724/wav2vec_project/outputs/IEMOCAP_features/Ses05M_impro05_M012_features.pt,fru
/scratch/users/k24015724/wav2vec_project/outputs/IEMOCAP_features/Ses05M_impro05_M013_features.pt,fru
/scratch/users/k24015724/wav2vec_project/outputs/IEMOCAP_features/Ses05M_impro05_M015_features.pt,fru
/scratch/users/k24015724/wav2vec_project/outputs/IEMOCAP_features/Ses05M_impro05_M016_features.pt,fru
/scratch/users/k24015724/wav2vec_project/outputs/IEMOCAP_features/Ses05M_impro05_M017_features.pt,fru
/scratch/users/k24015724/wav2vec_project/outputs/IEMOCAP_features/Ses05M_impro05_M018_features.pt,fru
/scratch/users/k24015724/wav2vec_project/outputs/IEMOCAP_features/Ses05M_impro05_M019_features.pt,fru
/scratch/users/k24015724/wav2vec_project/outputs/IEMOCAP_features/Ses05M_impro05_M020_features.pt,fru
/scratch/users/k24015724/wav2vec_project/outputs/IEMOCAP_features/Ses05M_impro05_M021_features.pt,fru
/scratch/users/k24015724/wav2vec_project/outputs/IEMOCAP_features/Ses05M_impro05_M022_features.pt,neu
/scratch/users/k24015724/wav2vec_project/outputs/IEMOCAP_features/Ses05M_impro06_F002_features.pt,sad
/scratch/users/k24015724/wav2vec_project/outputs/IEMOCAP_features/Ses05M_impro06_F003_features.pt,sad
/scratch/users/k24015724/wav2vec_project/outputs/IEMOCAP_features/Ses05M_impro06_F004_features.pt,sad
/scratch/users/k24015724/wav2vec_project/outputs/IEMOCAP_features/Ses05M_impro06_F005_features.pt,sad
/scratch/users/k24015724/wav2vec_project/outputs/IEMOCAP_features/Ses05M_impro06_F006_features.pt,sad
/scratch/users/k24015724/wav2vec_project/outputs/IEMOCAP_features/Ses05M_impro06_F007_features.pt,sad
/scratch/users/k24015724/wav2vec_project/outputs/IEMOCAP_features/Ses05M_impro06_F008_features.pt,sad
/scratch/users/k24015724/wav2vec_project/outputs/IEMOCAP_features/Ses05M_impro06_F009_features.pt,sad
/scratch/users/k24015724/wav2vec_project/outputs/IEMOCAP_features/Ses05M_impro06_F010_features.pt,sad
/scratch/users/k24015724/wav2vec_project/outputs/IEMOCAP_features/Ses05M_impro06_M000_features.pt,sad
/scratch/users/k24015724/wav2vec_project/outputs/IEMOCAP_features/Ses05M_impro06_M001_features.pt,sad
/scratch/users/k24015724/wav2vec_project/outputs/IEMOCAP_features/Ses05M_impro06_M002_features.pt,sad
/scratch/users/k24015724/wav2vec_project/outputs/IEMOCAP_features/Ses05M_impro06_M003_features.pt,sad
/scratch/users/k24015724/wav2vec_project/outputs/IEMOCAP_features/Ses05M_impro06_M004_features.pt,sad
/scratch/users/k24015724/wav2vec_project/outputs/IEMOCAP_features/Ses05M_impro06_M005_features.pt,sad
/scratch/users/k24015724/wav2vec_project/outputs/IEMOCAP_features/Ses05M_impro06_M006_features.pt,sad
/scratch/users/k24015724/wav2vec_project/outputs/IEMOCAP_features/Ses05M_impro06_M007_features.pt,sad
/scratch/users/k24015724/wav2vec_project/outputs/IEMOCAP_features/Ses05M_impro06_M008_features.pt,sad
/scratch/users/k24015724/wav2vec_project/outputs/IEMOCAP_features/Ses05M_impro06_M009_features.pt,sad
/scratch/users/k24015724/wav2vec_project/outputs/IEMOCAP_features/Ses05M_impro06_M010_features.pt,sad
/scratch/users/k24015724/wav2vec_project/outputs/IEMOCAP_features/Ses05M_impro06_M011_features.pt,sad
/scratch/users/k24015724/wav2vec_project/outputs/IEMOCAP_features/Ses05M_impro06_M012_features.pt,sad
/scratch/users/k24015724/wav2vec_project/outputs/IEMOCAP_features/Ses05M_impro06_M013_features.pt,sad
/scratch/users/k24015724/wav2vec_project/outputs/IEMOCAP_features/Ses05M_impro06_M014_features.pt,sad
/scratch/users/k24015724/wav2vec_project/outputs/IEMOCAP_features/Ses05M_impro06_M017_features.pt,sad
/scratch/users/k24015724/wav2vec_project/outputs/IEMOCAP_features/Ses05M_impro06_M018_features.pt,sad
/scratch/users/k24015724/wav2vec_project/outputs/IEMOCAP_features/Ses05M_impro06_M019_features.pt,sad
/scratch/users/k24015724/wav2vec_project/outputs/IEMOCAP_features/Ses05M_impro06_M020_features.pt,sad
/scratch/users/k24015724/wav2vec_project/outputs/IEMOCAP_features/Ses05M_impro07_F004_features.pt,hap
/scratch/users/k24015724/wav2vec_project/outputs/IEMOCAP_features/Ses05M_impro07_F005_features.pt,hap
/scratch/users/k24015724/wav2vec_project/outputs/IEMOCAP_features/Ses05M_impro07_F007_features.pt,hap
/scratch/users/k24015724/wav2vec_project/outputs/IEMOCAP_features/Ses05M_impro07_F008_features.pt,hap
/scratch/users/k24015724/wav2vec_project/outputs/IEMOCAP_features/Ses05M_impro07_F010_features.pt,neu
/scratch/users/k24015724/wav2vec_project/outputs/IEMOCAP_features/Ses05M_impro07_F013_features.pt,hap
/scratch/users/k24015724/wav2vec_project/outputs/IEMOCAP_features/Ses05M_impro07_F016_features.pt,neu
/scratch/users/k24015724/wav2vec_project/outputs/IEMOCAP_features/Ses05M_impro07_F017_features.pt,neu
/scratch/users/k24015724/wav2vec_project/outputs/IEMOCAP_features/Ses05M_impro07_F018_features.pt,neu
/scratch/users/k24015724/wav2vec_project/outputs/IEMOCAP_features/Ses05M_impro07_F019_features.pt,neu
/scratch/users/k24015724/wav2vec_project/outputs/IEMOCAP_features/Ses05M_impro07_F020_features.pt,neu
/scratch/users/k24015724/wav2vec_project/outputs/IEMOCAP_features/Ses05M_impro07_F023_features.pt,hap
/scratch/users/k24015724/wav2vec_project/outputs/IEMOCAP_features/Ses05M_impro07_F024_features.pt,neu
/scratch/users/k24015724/wav2vec_project/outputs/IEMOCAP_features/Ses05M_impro07_F025_features.pt,neu
/scratch/users/k24015724/wav2vec_project/outputs/IEMOCAP_features/Ses05M_impro07_F026_features.pt,neu
/scratch/users/k24015724/wav2vec_project/outputs/IEMOCAP_features/Ses05M_impro07_F027_features.pt,neu
/scratch/users/k24015724/wav2vec_project/outputs/IEMOCAP_features/Ses05M_impro07_F028_features.pt,neu
/scratch/users/k24015724/wav2vec_project/outputs/IEMOCAP_features/Ses05M_impro07_F029_features.pt,neu
/scratch/users/k24015724/wav2vec_project/outputs/IEMOCAP_features/Ses05M_impro07_F030_features.pt,neu
/scratch/users/k24015724/wav2vec_project/outputs/IEMOCAP_features/Ses05M_impro07_F031_features.pt,hap
/scratch/users/k24015724/wav2vec_project/outputs/IEMOCAP_features/Ses05M_impro07_F032_features.pt,neu
/scratch/users/k24015724/wav2vec_project/outputs/IEMOCAP_features/Ses05M_impro07_F033_features.pt,neu
/scratch/users/k24015724/wav2vec_project/outputs/IEMOCAP_features/Ses05M_impro07_F035_features.pt,hap
/scratch/users/k24015724/wav2vec_project/outputs/IEMOCAP_features/Ses05M_impro07_F036_features.pt,hap
/scratch/users/k24015724/wav2vec_project/outputs/IEMOCAP_features/Ses05M_impro07_F038_features.pt,neu
/scratch/users/k24015724/wav2vec_project/outputs/IEMOCAP_features/Ses05M_impro07_F039_features.pt,hap
/scratch/users/k24015724/wav2vec_project/outputs/IEMOCAP_features/Ses05M_impro07_F040_features.pt,neu
/scratch/users/k24015724/wav2vec_project/outputs/IEMOCAP_features/Ses05M_impro07_F045_features.pt,hap
/scratch/users/k24015724/wav2vec_project/outputs/IEMOCAP_features/Ses05M_impro07_M009_features.pt,hap
/scratch/users/k24015724/wav2vec_project/outputs/IEMOCAP_features/Ses05M_impro07_M039_features.pt,hap
/scratch/users/k24015724/wav2vec_project/outputs/IEMOCAP_features/Ses05M_impro07_M046_features.pt,hap
/scratch/users/k24015724/wav2vec_project/outputs/IEMOCAP_features/Ses05M_impro08_F000_features.pt,fru
/scratch/users/k24015724/wav2vec_project/outputs/IEMOCAP_features/Ses05M_impro08_F001_features.pt,fru
/scratch/users/k24015724/wav2vec_project/outputs/IEMOCAP_features/Ses05M_impro08_F002_features.pt,fru
/scratch/users/k24015724/wav2vec_project/outputs/IEMOCAP_features/Ses05M_impro08_F003_features.pt,fru
/scratch/users/k24015724/wav2vec_project/outputs/IEMOCAP_features/Ses05M_impro08_F004_features.pt,fru
/scratch/users/k24015724/wav2vec_project/outputs/IEMOCAP_features/Ses05M_impro08_F005_features.pt,neu
/scratch/users/k24015724/wav2vec_project/outputs/IEMOCAP_features/Ses05M_impro08_F006_features.pt,neu
/scratch/users/k24015724/wav2vec_project/outputs/IEMOCAP_features/Ses05M_impro08_F007_features.pt,neu
/scratch/users/k24015724/wav2vec_project/outputs/IEMOCAP_features/Ses05M_impro08_F008_features.pt,neu
/scratch/users/k24015724/wav2vec_project/outputs/IEMOCAP_features/Ses05M_impro08_F009_features.pt,neu
/scratch/users/k24015724/wav2vec_project/outputs/IEMOCAP_features/Ses05M_impro08_F011_features.pt,neu
/scratch/users/k24015724/wav2vec_project/outputs/IEMOCAP_features/Ses05M_impro08_F012_features.pt,neu
/scratch/users/k24015724/wav2vec_project/outputs/IEMOCAP_features/Ses05M_impro08_F013_features.pt,neu
/scratch/users/k24015724/wav2vec_project/outputs/IEMOCAP_features/Ses05M_impro08_F014_features.pt,neu
/scratch/users/k24015724/wav2vec_project/outputs/IEMOCAP_features/Ses05M_impro08_F015_features.pt,neu
/scratch/users/k24015724/wav2vec_project/outputs/IEMOCAP_features/Ses05M_impro08_F016_features.pt,neu
/scratch/users/k24015724/wav2vec_project/outputs/IEMOCAP_features/Ses05M_impro08_F017_features.pt,neu
/scratch/users/k24015724/wav2vec_project/outputs/IEMOCAP_features/Ses05M_impro08_F018_features.pt,neu
/scratch/users/k24015724/wav2vec_project/outputs/IEMOCAP_features/Ses05M_impro08_F019_features.pt,neu
/scratch/users/k24015724/wav2vec_project/outputs/IEMOCAP_features/Ses05M_impro08_F022_features.pt,hap
/scratch/users/k24015724/wav2vec_project/outputs/IEMOCAP_features/Ses05M_impro08_F023_features.pt,fru
/scratch/users/k24015724/wav2vec_project/outputs/IEMOCAP_features/Ses05M_impro08_F025_features.pt,hap
/scratch/users/k24015724/wav2vec_project/outputs/IEMOCAP_features/Ses05M_impro08_F026_features.pt,hap
/scratch/users/k24015724/wav2vec_project/outputs/IEMOCAP_features/Ses05M_impro08_F027_features.pt,hap
/scratch/users/k24015724/wav2vec_project/outputs/IEMOCAP_features/Ses05M_impro08_F028_features.pt,hap
/scratch/users/k24015724/wav2vec_project/outputs/IEMOCAP_features/Ses05M_impro08_M000_features.pt,neu
/scratch/users/k24015724/wav2vec_project/outputs/IEMOCAP_features/Ses05M_impro08_M001_features.pt,neu
/scratch/users/k24015724/wav2vec_project/outputs/IEMOCAP_features/Ses05M_impro08_M002_features.pt,neu
/scratch/users/k24015724/wav2vec_project/outputs/IEMOCAP_features/Ses05M_impro08_M003_features.pt,neu
/scratch/users/k24015724/wav2vec_project/outputs/IEMOCAP_features/Ses05M_impro08_M004_features.pt,neu
/scratch/users/k24015724/wav2vec_project/outputs/IEMOCAP_features/Ses05M_impro08_M005_features.pt,neu
/scratch/users/k24015724/wav2vec_project/outputs/IEMOCAP_features/Ses05M_impro08_M006_features.pt,neu
/scratch/users/k24015724/wav2vec_project/outputs/IEMOCAP_features/Ses05M_impro08_M007_features.pt,neu
/scratch/users/k24015724/wav2vec_project/outputs/IEMOCAP_features/Ses05M_impro08_M008_features.pt,neu
/scratch/users/k24015724/wav2vec_project/outputs/IEMOCAP_features/Ses05M_impro08_M009_features.pt,neu
/scratch/users/k24015724/wav2vec_project/outputs/IEMOCAP_features/Ses05M_impro08_M010_features.pt,neu
/scratch/users/k24015724/wav2vec_project/outputs/IEMOCAP_features/Ses05M_impro08_M011_features.pt,neu
/scratch/users/k24015724/wav2vec_project/outputs/IEMOCAP_features/Ses05M_impro08_M012_features.pt,neu
/scratch/users/k24015724/wav2vec_project/outputs/IEMOCAP_features/Ses05M_impro08_M013_features.pt,neu
/scratch/users/k24015724/wav2vec_project/outputs/IEMOCAP_features/Ses05M_impro08_M014_features.pt,neu
/scratch/users/k24015724/wav2vec_project/outputs/IEMOCAP_features/Ses05M_impro08_M015_features.pt,neu
/scratch/users/k24015724/wav2vec_project/outputs/IEMOCAP_features/Ses05M_impro08_M016_features.pt,neu
/scratch/users/k24015724/wav2vec_project/outputs/IEMOCAP_features/Ses05M_impro08_M017_features.pt,neu
/scratch/users/k24015724/wav2vec_project/outputs/IEMOCAP_features/Ses05M_impro08_M018_features.pt,neu
/scratch/users/k24015724/wav2vec_project/outputs/IEMOCAP_features/Ses05M_impro08_M019_features.pt,neu
/scratch/users/k24015724/wav2vec_project/outputs/IEMOCAP_features/Ses05M_impro08_M020_features.pt,neu
/scratch/users/k24015724/wav2vec_project/outputs/IEMOCAP_features/Ses05M_impro08_M021_features.pt,neu
/scratch/users/k24015724/wav2vec_project/outputs/IEMOCAP_features/Ses05M_impro08_M022_features.pt,neu
/scratch/users/k24015724/wav2vec_project/outputs/IEMOCAP_features/Ses05M_impro08_M023_features.pt,neu
/scratch/users/k24015724/wav2vec_project/outputs/IEMOCAP_features/Ses05M_impro08_M024_features.pt,neu
/scratch/users/k24015724/wav2vec_project/outputs/IEMOCAP_features/Ses05M_impro08_M025_features.pt,neu
/scratch/users/k24015724/wav2vec_project/outputs/IEMOCAP_features/Ses05M_impro08_M026_features.pt,hap
/scratch/users/k24015724/wav2vec_project/outputs/IEMOCAP_features/Ses05M_impro08_M027_features.pt,neu
/scratch/users/k24015724/wav2vec_project/outputs/IEMOCAP_features/Ses05M_impro08_M028_features.pt,hap
/scratch/users/k24015724/wav2vec_project/outputs/IEMOCAP_features/Ses05M_script01_1_F000_features.pt,sad
/scratch/users/k24015724/wav2vec_project/outputs/IEMOCAP_features/Ses05M_script01_1_F001_features.pt,sad
/scratch/users/k24015724/wav2vec_project/outputs/IEMOCAP_features/Ses05M_script01_1_F004_features.pt,sad
/scratch/users/k24015724/wav2vec_project/outputs/IEMOCAP_features/Ses05M_script01_1_F005_features.pt,sad
/scratch/users/k24015724/wav2vec_project/outputs/IEMOCAP_features/Ses05M_script01_1_F010_features.pt,fru
/scratch/users/k24015724/wav2vec_project/outputs/IEMOCAP_features/Ses05M_script01_1_F012_features.pt,fru
/scratch/users/k24015724/wav2vec_project/outputs/IEMOCAP_features/Ses05M_script01_1_F013_features.pt,fru
/scratch/users/k24015724/wav2vec_project/outputs/IEMOCAP_features/Ses05M_script01_1_F014_features.pt,ang
/scratch/users/k24015724/wav2vec_project/outputs/IEMOCAP_features/Ses05M_script01_1_F018_features.pt,ang
/scratch/users/k24015724/wav2vec_project/outputs/IEMOCAP_features/Ses05M_script01_1_F020_features.pt,fru
/scratch/users/k24015724/wav2vec_project/outputs/IEMOCAP_features/Ses05M_script01_1_F021_features.pt,ang
/scratch/users/k24015724/wav2vec_project/outputs/IEMOCAP_features/Ses05M_script01_1_F022_features.pt,ang
/scratch/users/k24015724/wav2vec_project/outputs/IEMOCAP_features/Ses05M_script01_1_F023_features.pt,neu
/scratch/users/k24015724/wav2vec_project/outputs/IEMOCAP_features/Ses05M_script01_1_F024_features.pt,neu
/scratch/users/k24015724/wav2vec_project/outputs/IEMOCAP_features/Ses05M_script01_1_F025_features.pt,neu
/scratch/users/k24015724/wav2vec_project/outputs/IEMOCAP_features/Ses05M_script01_1_F026_features.pt,neu
/scratch/users/k24015724/wav2vec_project/outputs/IEMOCAP_features/Ses05M_script01_1_F027_features.pt,fru
/scratch/users/k24015724/wav2vec_project/outputs/IEMOCAP_features/Ses05M_script01_1_F028_features.pt,fru
/scratch/users/k24015724/wav2vec_project/outputs/IEMOCAP_features/Ses05M_script01_1_F029_features.pt,fru
/scratch/users/k24015724/wav2vec_project/outputs/IEMOCAP_features/Ses05M_script01_1_F032_features.pt,ang
/scratch/users/k24015724/wav2vec_project/outputs/IEMOCAP_features/Ses05M_script01_1_F035_features.pt,ang
/scratch/users/k24015724/wav2vec_project/outputs/IEMOCAP_features/Ses05M_script01_1_F036_features.pt,ang
/scratch/users/k24015724/wav2vec_project/outputs/IEMOCAP_features/Ses05M_script01_1_F037_features.pt,fru
/scratch/users/k24015724/wav2vec_project/outputs/IEMOCAP_features/Ses05M_script01_1_F038_features.pt,fru
/scratch/users/k24015724/wav2vec_project/outputs/IEMOCAP_features/Ses05M_script01_1_M004_features.pt,sad
/scratch/users/k24015724/wav2vec_project/outputs/IEMOCAP_features/Ses05M_script01_1_M009_features.pt,fru
/scratch/users/k24015724/wav2vec_project/outputs/IEMOCAP_features/Ses05M_script01_1_M010_features.pt,fru
/scratch/users/k24015724/wav2vec_project/outputs/IEMOCAP_features/Ses05M_script01_1_M011_features.pt,ang
/scratch/users/k24015724/wav2vec_project/outputs/IEMOCAP_features/Ses05M_script01_1_M012_features.pt,fru
/scratch/users/k24015724/wav2vec_project/outputs/IEMOCAP_features/Ses05M_script01_1_M013_features.pt,ang
/scratch/users/k24015724/wav2vec_project/outputs/IEMOCAP_features/Ses05M_script01_1_M015_features.pt,fru
/scratch/users/k24015724/wav2vec_project/outputs/IEMOCAP_features/Ses05M_script01_1_M016_features.pt,neu
/scratch/users/k24015724/wav2vec_project/outputs/IEMOCAP_features/Ses05M_script01_1_M017_features.pt,neu
/scratch/users/k24015724/wav2vec_project/outputs/IEMOCAP_features/Ses05M_script01_1_M018_features.pt,fru
/scratch/users/k24015724/wav2vec_project/outputs/IEMOCAP_features/Ses05M_script01_1_M019_features.pt,fru
/scratch/users/k24015724/wav2vec_project/outputs/IEMOCAP_features/Ses05M_script01_1_M020_features.pt,ang
/scratch/users/k24015724/wav2vec_project/outputs/IEMOCAP_features/Ses05M_script01_1_M021_features.pt,ang
/scratch/users/k24015724/wav2vec_project/outputs/IEMOCAP_features/Ses05M_script01_1_M022_features.pt,ang
/scratch/users/k24015724/wav2vec_project/outputs/IEMOCAP_features/Ses05M_script01_1_M023_features.pt,ang
/scratch/users/k24015724/wav2vec_project/outputs/IEMOCAP_features/Ses05M_script01_1_M024_features.pt,fru
/scratch/users/k24015724/wav2vec_project/outputs/IEMOCAP_features/Ses05M_script01_1_M025_features.pt,ang
/scratch/users/k24015724/wav2vec_project/outputs/IEMOCAP_features/Ses05M_script01_1_M028_features.pt,ang
/scratch/users/k24015724/wav2vec_project/outputs/IEMOCAP_features/Ses05M_script01_1_M029_features.pt,fru
/scratch/users/k24015724/wav2vec_project/outputs/IEMOCAP_features/Ses05M_script01_1_M030_features.pt,fru
/scratch/users/k24015724/wav2vec_project/outputs/IEMOCAP_features/Ses05M_script01_1_M032_features.pt,ang
/scratch/users/k24015724/wav2vec_project/outputs/IEMOCAP_features/Ses05M_script01_1_M033_features.pt,ang
/scratch/users/k24015724/wav2vec_project/outputs/IEMOCAP_features/Ses05M_script01_1_M034_features.pt,ang
/scratch/users/k24015724/wav2vec_project/outputs/IEMOCAP_features/Ses05M_script01_1_M035_features.pt,ang
/scratch/users/k24015724/wav2vec_project/outputs/IEMOCAP_features/Ses05M_script01_1_M036_features.pt,ang
/scratch/users/k24015724/wav2vec_project/outputs/IEMOCAP_features/Ses05M_script01_1_M037_features.pt,ang
/scratch/users/k24015724/wav2vec_project/outputs/IEMOCAP_features/Ses05M_script01_1_M038_features.pt,fru
/scratch/users/k24015724/wav2vec_project/outputs/IEMOCAP_features/Ses05M_script01_1_M040_features.pt,fru
/scratch/users/k24015724/wav2vec_project/outputs/IEMOCAP_features/Ses05M_script01_1b_F000_features.pt,sad
/scratch/users/k24015724/wav2vec_project/outputs/IEMOCAP_features/Ses05M_script01_1b_F012_features.pt,fru
/scratch/users/k24015724/wav2vec_project/outputs/IEMOCAP_features/Ses05M_script01_1b_F016_features.pt,fru
/scratch/users/k24015724/wav2vec_project/outputs/IEMOCAP_features/Ses05M_script01_1b_F018_features.pt,fru
/scratch/users/k24015724/wav2vec_project/outputs/IEMOCAP_features/Ses05M_script01_1b_F022_features.pt,neu
/scratch/users/k24015724/wav2vec_project/outputs/IEMOCAP_features/Ses05M_script01_1b_F023_features.pt,neu
/scratch/users/k24015724/wav2vec_project/outputs/IEMOCAP_features/Ses05M_script01_1b_F024_features.pt,neu
/scratch/users/k24015724/wav2vec_project/outputs/IEMOCAP_features/Ses05M_script01_1b_F026_features.pt,neu
/scratch/users/k24015724/wav2vec_project/outputs/IEMOCAP_features/Ses05M_script01_1b_F027_features.pt,fru
/scratch/users/k24015724/wav2vec_project/outputs/IEMOCAP_features/Ses05M_script01_1b_F028_features.pt,sad
/scratch/users/k24015724/wav2vec_project/outputs/IEMOCAP_features/Ses05M_script01_1b_F031_features.pt,ang
/scratch/users/k24015724/wav2vec_project/outputs/IEMOCAP_features/Ses05M_script01_1b_F033_features.pt,ang
/scratch/users/k24015724/wav2vec_project/outputs/IEMOCAP_features/Ses05M_script01_1b_F034_features.pt,ang
/scratch/users/k24015724/wav2vec_project/outputs/IEMOCAP_features/Ses05M_script01_1b_F035_features.pt,fru
/scratch/users/k24015724/wav2vec_project/outputs/IEMOCAP_features/Ses05M_script01_1b_F037_features.pt,fru
/scratch/users/k24015724/wav2vec_project/outputs/IEMOCAP_features/Ses05M_script01_1b_M001_features.pt,sad
/scratch/users/k24015724/wav2vec_project/outputs/IEMOCAP_features/Ses05M_script01_1b_M002_features.pt,sad
/scratch/users/k24015724/wav2vec_project/outputs/IEMOCAP_features/Ses05M_script01_1b_M003_features.pt,sad
/scratch/users/k24015724/wav2vec_project/outputs/IEMOCAP_features/Ses05M_script01_1b_M004_features.pt,sad
/scratch/users/k24015724/wav2vec_project/outputs/IEMOCAP_features/Ses05M_script01_1b_M005_features.pt,sad
/scratch/users/k24015724/wav2vec_project/outputs/IEMOCAP_features/Ses05M_script01_1b_M008_features.pt,fru
/scratch/users/k24015724/wav2vec_project/outputs/IEMOCAP_features/Ses05M_script01_1b_M009_features.pt,fru
/scratch/users/k24015724/wav2vec_project/outputs/IEMOCAP_features/Ses05M_script01_1b_M010_features.pt,fru
/scratch/users/k24015724/wav2vec_project/outputs/IEMOCAP_features/Ses05M_script01_1b_M012_features.pt,fru
/scratch/users/k24015724/wav2vec_project/outputs/IEMOCAP_features/Ses05M_script01_1b_M016_features.pt,fru
/scratch/users/k24015724/wav2vec_project/outputs/IEMOCAP_features/Ses05M_script01_1b_M017_features.pt,fru
/scratch/users/k24015724/wav2vec_project/outputs/IEMOCAP_features/Ses05M_script01_1b_M019_features.pt,ang
/scratch/users/k24015724/wav2vec_project/outputs/IEMOCAP_features/Ses05M_script01_1b_M020_features.pt,ang
/scratch/users/k24015724/wav2vec_project/outputs/IEMOCAP_features/Ses05M_script01_1b_M021_features.pt,fru
/scratch/users/k24015724/wav2vec_project/outputs/IEMOCAP_features/Ses05M_script01_1b_M022_features.pt,ang
/scratch/users/k24015724/wav2vec_project/outputs/IEMOCAP_features/Ses05M_script01_1b_M025_features.pt,fru
/scratch/users/k24015724/wav2vec_project/outputs/IEMOCAP_features/Ses05M_script01_1b_M026_features.pt,fru
/scratch/users/k24015724/wav2vec_project/outputs/IEMOCAP_features/Ses05M_script01_1b_M027_features.pt,fru
/scratch/users/k24015724/wav2vec_project/outputs/IEMOCAP_features/Ses05M_script01_1b_M028_features.pt,fru
/scratch/users/k24015724/wav2vec_project/outputs/IEMOCAP_features/Ses05M_script01_1b_M029_features.pt,fru
/scratch/users/k24015724/wav2vec_project/outputs/IEMOCAP_features/Ses05M_script01_1b_M030_features.pt,fru
/scratch/users/k24015724/wav2vec_project/outputs/IEMOCAP_features/Ses05M_script01_1b_M031_features.pt,ang
/scratch/users/k24015724/wav2vec_project/outputs/IEMOCAP_features/Ses05M_script01_1b_M032_features.pt,ang
/scratch/users/k24015724/wav2vec_project/outputs/IEMOCAP_features/Ses05M_script01_1b_M033_features.pt,ang
/scratch/users/k24015724/wav2vec_project/outputs/IEMOCAP_features/Ses05M_script01_1b_M035_features.pt,ang
/scratch/users/k24015724/wav2vec_project/outputs/IEMOCAP_features/Ses05M_script01_1b_M036_features.pt,ang
/scratch/users/k24015724/wav2vec_project/outputs/IEMOCAP_features/Ses05M_script01_1b_M039_features.pt,fru
/scratch/users/k24015724/wav2vec_project/outputs/IEMOCAP_features/Ses05M_script01_1b_M040_features.pt,ang
/scratch/users/k24015724/wav2vec_project/outputs/IEMOCAP_features/Ses05M_script01_1b_M041_features.pt,ang
/scratch/users/k24015724/wav2vec_project/outputs/IEMOCAP_features/Ses05M_script01_2_F002_features.pt,neu
/scratch/users/k24015724/wav2vec_project/outputs/IEMOCAP_features/Ses05M_script01_2_F004_features.pt,neu
/scratch/users/k24015724/wav2vec_project/outputs/IEMOCAP_features/Ses05M_script01_2_F005_features.pt,ang
/scratch/users/k24015724/wav2vec_project/outputs/IEMOCAP_features/Ses05M_script01_2_F010_features.pt,fru
/scratch/users/k24015724/wav2vec_project/outputs/IEMOCAP_features/Ses05M_script01_2_F011_features.pt,fru
/scratch/users/k24015724/wav2vec_project/outputs/IEMOCAP_features/Ses05M_script01_2_F014_features.pt,fru
/scratch/users/k24015724/wav2vec_project/outputs/IEMOCAP_features/Ses05M_script01_2_F015_features.pt,ang
/scratch/users/k24015724/wav2vec_project/outputs/IEMOCAP_features/Ses05M_script01_2_F017_features.pt,ang
/scratch/users/k24015724/wav2vec_project/outputs/IEMOCAP_features/Ses05M_script01_2_M000_features.pt,neu
/scratch/users/k24015724/wav2vec_project/outputs/IEMOCAP_features/Ses05M_script01_2_M001_features.pt,neu
/scratch/users/k24015724/wav2vec_project/outputs/IEMOCAP_features/Ses05M_script01_2_M002_features.pt,fru
/scratch/users/k24015724/wav2vec_project/outputs/IEMOCAP_features/Ses05M_script01_2_M003_features.pt,neu
/scratch/users/k24015724/wav2vec_project/outputs/IEMOCAP_features/Ses05M_script01_2_M004_features.pt,fru
/scratch/users/k24015724/wav2vec_project/outputs/IEMOCAP_features/Ses05M_script01_2_M005_features.pt,fru
/scratch/users/k24015724/wav2vec_project/outputs/IEMOCAP_features/Ses05M_script01_2_M007_features.pt,fru
/scratch/users/k24015724/wav2vec_project/outputs/IEMOCAP_features/Ses05M_script01_2_M008_features.pt,fru
/scratch/users/k24015724/wav2vec_project/outputs/IEMOCAP_features/Ses05M_script01_2_M009_features.pt,fru
/scratch/users/k24015724/wav2vec_project/outputs/IEMOCAP_features/Ses05M_script01_2_M010_features.pt,fru
/scratch/users/k24015724/wav2vec_project/outputs/IEMOCAP_features/Ses05M_script01_2_M011_features.pt,fru
/scratch/users/k24015724/wav2vec_project/outputs/IEMOCAP_features/Ses05M_script01_2_M012_features.pt,fru
/scratch/users/k24015724/wav2vec_project/outputs/IEMOCAP_features/Ses05M_script01_2_M013_features.pt,fru
/scratch/users/k24015724/wav2vec_project/outputs/IEMOCAP_features/Ses05M_script01_2_M015_features.pt,ang
/scratch/users/k24015724/wav2vec_project/outputs/IEMOCAP_features/Ses05M_script01_2_M016_features.pt,ang
/scratch/users/k24015724/wav2vec_project/outputs/IEMOCAP_features/Ses05M_script01_3_F000_features.pt,neu
/scratch/users/k24015724/wav2vec_project/outputs/IEMOCAP_features/Ses05M_script01_3_F001_features.pt,hap
/scratch/users/k24015724/wav2vec_project/outputs/IEMOCAP_features/Ses05M_script01_3_F003_features.pt,neu
/scratch/users/k24015724/wav2vec_project/outputs/IEMOCAP_features/Ses05M_script01_3_F006_features.pt,neu
/scratch/users/k24015724/wav2vec_project/outputs/IEMOCAP_features/Ses05M_script01_3_F007_features.pt,neu
/scratch/users/k24015724/wav2vec_project/outputs/IEMOCAP_features/Ses05M_script01_3_F009_features.pt,hap
/scratch/users/k24015724/wav2vec_project/outputs/IEMOCAP_features/Ses05M_script01_3_F010_features.pt,sad
/scratch/users/k24015724/wav2vec_project/outputs/IEMOCAP_features/Ses05M_script01_3_F012_features.pt,hap
/scratch/users/k24015724/wav2vec_project/outputs/IEMOCAP_features/Ses05M_script01_3_F016_features.pt,sad
/scratch/users/k24015724/wav2vec_project/outputs/IEMOCAP_features/Ses05M_script01_3_F019_features.pt,sad
/scratch/users/k24015724/wav2vec_project/outputs/IEMOCAP_features/Ses05M_script01_3_F020_features.pt,sad
/scratch/users/k24015724/wav2vec_project/outputs/IEMOCAP_features/Ses05M_script01_3_F021_features.pt,sad
/scratch/users/k24015724/wav2vec_project/outputs/IEMOCAP_features/Ses05M_script01_3_F022_features.pt,neu
/scratch/users/k24015724/wav2vec_project/outputs/IEMOCAP_features/Ses05M_script01_3_F023_features.pt,sad
/scratch/users/k24015724/wav2vec_project/outputs/IEMOCAP_features/Ses05M_script01_3_F024_features.pt,sad
/scratch/users/k24015724/wav2vec_project/outputs/IEMOCAP_features/Ses05M_script01_3_F025_features.pt,sad
/scratch/users/k24015724/wav2vec_project/outputs/IEMOCAP_features/Ses05M_script01_3_F027_features.pt,hap
/scratch/users/k24015724/wav2vec_project/outputs/IEMOCAP_features/Ses05M_script01_3_M003_features.pt,neu
/scratch/users/k24015724/wav2vec_project/outputs/IEMOCAP_features/Ses05M_script01_3_M013_features.pt,hap
/scratch/users/k24015724/wav2vec_project/outputs/IEMOCAP_features/Ses05M_script01_3_M019_features.pt,sad
/scratch/users/k24015724/wav2vec_project/outputs/IEMOCAP_features/Ses05M_script01_3_M020_features.pt,sad
/scratch/users/k24015724/wav2vec_project/outputs/IEMOCAP_features/Ses05M_script01_3_M021_features.pt,sad
/scratch/users/k24015724/wav2vec_project/outputs/IEMOCAP_features/Ses05M_script01_3_M022_features.pt,neu
/scratch/users/k24015724/wav2vec_project/outputs/IEMOCAP_features/Ses05M_script01_3_M023_features.pt,sad
/scratch/users/k24015724/wav2vec_project/outputs/IEMOCAP_features/Ses05M_script01_3_M025_features.pt,sad
/scratch/users/k24015724/wav2vec_project/outputs/IEMOCAP_features/Ses05M_script01_3_M026_features.pt,sad
/scratch/users/k24015724/wav2vec_project/outputs/IEMOCAP_features/Ses05M_script01_3_M027_features.pt,sad
/scratch/users/k24015724/wav2vec_project/outputs/IEMOCAP_features/Ses05M_script01_3_M029_features.pt,sad
/scratch/users/k24015724/wav2vec_project/outputs/IEMOCAP_features/Ses05M_script01_3_M030_features.pt,sad
/scratch/users/k24015724/wav2vec_project/outputs/IEMOCAP_features/Ses05M_script01_3_M033_features.pt,sad
/scratch/users/k24015724/wav2vec_project/outputs/IEMOCAP_features/Ses05M_script01_3_M036_features.pt,sad
/scratch/users/k24015724/wav2vec_project/outputs/IEMOCAP_features/Ses05M_script01_3_M037_features.pt,fru
/scratch/users/k24015724/wav2vec_project/outputs/IEMOCAP_features/Ses05M_script01_3_M038_features.pt,fru
/scratch/users/k24015724/wav2vec_project/outputs/IEMOCAP_features/Ses05M_script01_3_M039_features.pt,sad
/scratch/users/k24015724/wav2vec_project/outputs/IEMOCAP_features/Ses05M_script01_3_M040_features.pt,sad
/scratch/users/k24015724/wav2vec_project/outputs/IEMOCAP_features/Ses05M_script01_3_M042_features.pt,hap
/scratch/users/k24015724/wav2vec_project/outputs/IEMOCAP_features/Ses05M_script02_1_F000_features.pt,sad
/scratch/users/k24015724/wav2vec_project/outputs/IEMOCAP_features/Ses05M_script02_1_F001_features.pt,neu
/scratch/users/k24015724/wav2vec_project/outputs/IEMOCAP_features/Ses05M_script02_1_F013_features.pt,fru
/scratch/users/k24015724/wav2vec_project/outputs/IEMOCAP_features/Ses05M_script02_1_F014_features.pt,fru
/scratch/users/k24015724/wav2vec_project/outputs/IEMOCAP_features/Ses05M_script02_1_F015_features.pt,fru
/scratch/users/k24015724/wav2vec_project/outputs/IEMOCAP_features/Ses05M_script02_1_F016_features.pt,sad
/scratch/users/k24015724/wav2vec_project/outputs/IEMOCAP_features/Ses05M_script02_1_F018_features.pt,fru
/scratch/users/k24015724/wav2vec_project/outputs/IEMOCAP_features/Ses05M_script02_1_F019_features.pt,fru
/scratch/users/k24015724/wav2vec_project/outputs/IEMOCAP_features/Ses05M_script02_1_M016_features.pt,fru
/scratch/users/k24015724/wav2vec_project/outputs/IEMOCAP_features/Ses05M_script02_1_M022_features.pt,fru
/scratch/users/k24015724/wav2vec_project/outputs/IEMOCAP_features/Ses05M_script02_1_M024_features.pt,fru
/scratch/users/k24015724/wav2vec_project/outputs/IEMOCAP_features/Ses05M_script02_1_M025_features.pt,fru
/scratch/users/k24015724/wav2vec_project/outputs/IEMOCAP_features/Ses05M_script02_2_F000_features.pt,neu
/scratch/users/k24015724/wav2vec_project/outputs/IEMOCAP_features/Ses05M_script02_2_F001_features.pt,neu
/scratch/users/k24015724/wav2vec_project/outputs/IEMOCAP_features/Ses05M_script02_2_F004_features.pt,fru
/scratch/users/k24015724/wav2vec_project/outputs/IEMOCAP_features/Ses05M_script02_2_F005_features.pt,ang
/scratch/users/k24015724/wav2vec_project/outputs/IEMOCAP_features/Ses05M_script02_2_F006_features.pt,fru
/scratch/users/k24015724/wav2vec_project/outputs/IEMOCAP_features/Ses05M_script02_2_F008_features.pt,fru
/scratch/users/k24015724/wav2vec_project/outputs/IEMOCAP_features/Ses05M_script02_2_F009_features.pt,ang
/scratch/users/k24015724/wav2vec_project/outputs/IEMOCAP_features/Ses05M_script02_2_F010_features.pt,ang
/scratch/users/k24015724/wav2vec_project/outputs/IEMOCAP_features/Ses05M_script02_2_F011_features.pt,fru
/scratch/users/k24015724/wav2vec_project/outputs/IEMOCAP_features/Ses05M_script02_2_F012_features.pt,sad
/scratch/users/k24015724/wav2vec_project/outputs/IEMOCAP_features/Ses05M_script02_2_F013_features.pt,sad
/scratch/users/k24015724/wav2vec_project/outputs/IEMOCAP_features/Ses05M_script02_2_F014_features.pt,sad
/scratch/users/k24015724/wav2vec_project/outputs/IEMOCAP_features/Ses05M_script02_2_F015_features.pt,sad
/scratch/users/k24015724/wav2vec_project/outputs/IEMOCAP_features/Ses05M_script02_2_F016_features.pt,sad
/scratch/users/k24015724/wav2vec_project/outputs/IEMOCAP_features/Ses05M_script02_2_F017_features.pt,sad
/scratch/users/k24015724/wav2vec_project/outputs/IEMOCAP_features/Ses05M_script02_2_F018_features.pt,sad
/scratch/users/k24015724/wav2vec_project/outputs/IEMOCAP_features/Ses05M_script02_2_F019_features.pt,sad
/scratch/users/k24015724/wav2vec_project/outputs/IEMOCAP_features/Ses05M_script02_2_F022_features.pt,sad
/scratch/users/k24015724/wav2vec_project/outputs/IEMOCAP_features/Ses05M_script02_2_F023_features.pt,sad
/scratch/users/k24015724/wav2vec_project/outputs/IEMOCAP_features/Ses05M_script02_2_F026_features.pt,sad
/scratch/users/k24015724/wav2vec_project/outputs/IEMOCAP_features/Ses05M_script02_2_F027_features.pt,sad
/scratch/users/k24015724/wav2vec_project/outputs/IEMOCAP_features/Ses05M_script02_2_F028_features.pt,sad
/scratch/users/k24015724/wav2vec_project/outputs/IEMOCAP_features/Ses05M_script02_2_F029_features.pt,sad
/scratch/users/k24015724/wav2vec_project/outputs/IEMOCAP_features/Ses05M_script02_2_F030_features.pt,sad
/scratch/users/k24015724/wav2vec_project/outputs/IEMOCAP_features/Ses05M_script02_2_F031_features.pt,sad
/scratch/users/k24015724/wav2vec_project/outputs/IEMOCAP_features/Ses05M_script02_2_F032_features.pt,sad
/scratch/users/k24015724/wav2vec_project/outputs/IEMOCAP_features/Ses05M_script02_2_F034_features.pt,hap
/scratch/users/k24015724/wav2vec_project/outputs/IEMOCAP_features/Ses05M_script02_2_F037_features.pt,hap
/scratch/users/k24015724/wav2vec_project/outputs/IEMOCAP_features/Ses05M_script02_2_F038_features.pt,hap
/scratch/users/k24015724/wav2vec_project/outputs/IEMOCAP_features/Ses05M_script02_2_M002_features.pt,fru
/scratch/users/k24015724/wav2vec_project/outputs/IEMOCAP_features/Ses05M_script02_2_M005_features.pt,neu
/scratch/users/k24015724/wav2vec_project/outputs/IEMOCAP_features/Ses05M_script02_2_M006_features.pt,fru
/scratch/users/k24015724/wav2vec_project/outputs/IEMOCAP_features/Ses05M_script02_2_M007_features.pt,fru
/scratch/users/k24015724/wav2vec_project/outputs/IEMOCAP_features/Ses05M_script02_2_M009_features.pt,fru
/scratch/users/k24015724/wav2vec_project/outputs/IEMOCAP_features/Ses05M_script02_2_M011_features.pt,fru
/scratch/users/k24015724/wav2vec_project/outputs/IEMOCAP_features/Ses05M_script02_2_M012_features.pt,fru
/scratch/users/k24015724/wav2vec_project/outputs/IEMOCAP_features/Ses05M_script02_2_M013_features.pt,fru
/scratch/users/k24015724/wav2vec_project/outputs/IEMOCAP_features/Ses05M_script02_2_M014_features.pt,fru
/scratch/users/k24015724/wav2vec_project/outputs/IEMOCAP_features/Ses05M_script02_2_M016_features.pt,neu
/scratch/users/k24015724/wav2vec_project/outputs/IEMOCAP_features/Ses05M_script02_2_M020_features.pt,fru
/scratch/users/k24015724/wav2vec_project/outputs/IEMOCAP_features/Ses05M_script02_2_M021_features.pt,fru
/scratch/users/k24015724/wav2vec_project/outputs/IEMOCAP_features/Ses05M_script02_2_M022_features.pt,fru
/scratch/users/k24015724/wav2vec_project/outputs/IEMOCAP_features/Ses05M_script02_2_M023_features.pt,fru
/scratch/users/k24015724/wav2vec_project/outputs/IEMOCAP_features/Ses05M_script02_2_M024_features.pt,ang
/scratch/users/k24015724/wav2vec_project/outputs/IEMOCAP_features/Ses05M_script02_2_M025_features.pt,ang
/scratch/users/k24015724/wav2vec_project/outputs/IEMOCAP_features/Ses05M_script02_2_M026_features.pt,ang
/scratch/users/k24015724/wav2vec_project/outputs/IEMOCAP_features/Ses05M_script02_2_M028_features.pt,fru
/scratch/users/k24015724/wav2vec_project/outputs/IEMOCAP_features/Ses05M_script02_2_M029_features.pt,sad
/scratch/users/k24015724/wav2vec_project/outputs/IEMOCAP_features/Ses05M_script02_2_M030_features.pt,sad
/scratch/users/k24015724/wav2vec_project/outputs/IEMOCAP_features/Ses05M_script02_2_M031_features.pt,sad
/scratch/users/k24015724/wav2vec_project/outputs/IEMOCAP_features/Ses05M_script02_2_M032_features.pt,sad
/scratch/users/k24015724/wav2vec_project/outputs/IEMOCAP_features/Ses05M_script02_2_M034_features.pt,hap
/scratch/users/k24015724/wav2vec_project/outputs/IEMOCAP_features/Ses05M_script02_2_M035_features.pt,hap
/scratch/users/k24015724/wav2vec_project/outputs/IEMOCAP_features/Ses05M_script02_2_M036_features.pt,hap
/scratch/users/k24015724/wav2vec_project/outputs/IEMOCAP_features/Ses05M_script02_2_M037_features.pt,hap
/scratch/users/k24015724/wav2vec_project/outputs/IEMOCAP_features/Ses05M_script02_2_M040_features.pt,hap
/scratch/users/k24015724/wav2vec_project/outputs/IEMOCAP_features/Ses05M_script03_1_F011_features.pt,neu
/scratch/users/k24015724/wav2vec_project/outputs/IEMOCAP_features/Ses05M_script03_1_F012_features.pt,neu
/scratch/users/k24015724/wav2vec_project/outputs/IEMOCAP_features/Ses05M_script03_1_F013_features.pt,neu
/scratch/users/k24015724/wav2vec_project/outputs/IEMOCAP_features/Ses05M_script03_1_F015_features.pt,neu
/scratch/users/k24015724/wav2vec_project/outputs/IEMOCAP_features/Ses05M_script03_1_F017_features.pt,neu
/scratch/users/k24015724/wav2vec_project/outputs/IEMOCAP_features/Ses05M_script03_1_F020_features.pt,neu
/scratch/users/k24015724/wav2vec_project/outputs/IEMOCAP_features/Ses05M_script03_1_F031_features.pt,neu
/scratch/users/k24015724/wav2vec_project/outputs/IEMOCAP_features/Ses05M_script03_1_M003_features.pt,neu
/scratch/users/k24015724/wav2vec_project/outputs/IEMOCAP_features/Ses05M_script03_2_F001_features.pt,neu
/scratch/users/k24015724/wav2vec_project/outputs/IEMOCAP_features/Ses05M_script03_2_F002_features.pt,neu
/scratch/users/k24015724/wav2vec_project/outputs/IEMOCAP_features/Ses05M_script03_2_F003_features.pt,fru
/scratch/users/k24015724/wav2vec_project/outputs/IEMOCAP_features/Ses05M_script03_2_F004_features.pt,neu
/scratch/users/k24015724/wav2vec_project/outputs/IEMOCAP_features/Ses05M_script03_2_F005_features.pt,neu
/scratch/users/k24015724/wav2vec_project/outputs/IEMOCAP_features/Ses05M_script03_2_F006_features.pt,neu
/scratch/users/k24015724/wav2vec_project/outputs/IEMOCAP_features/Ses05M_script03_2_F008_features.pt,fru
/scratch/users/k24015724/wav2vec_project/outputs/IEMOCAP_features/Ses05M_script03_2_F009_features.pt,neu
/scratch/users/k24015724/wav2vec_project/outputs/IEMOCAP_features/Ses05M_script03_2_F012_features.pt,neu
/scratch/users/k24015724/wav2vec_project/outputs/IEMOCAP_features/Ses05M_script03_2_F013_features.pt,fru
/scratch/users/k24015724/wav2vec_project/outputs/IEMOCAP_features/Ses05M_script03_2_F015_features.pt,neu
/scratch/users/k24015724/wav2vec_project/outputs/IEMOCAP_features/Ses05M_script03_2_F017_features.pt,ang
/scratch/users/k24015724/wav2vec_project/outputs/IEMOCAP_features/Ses05M_script03_2_F018_features.pt,ang
/scratch/users/k24015724/wav2vec_project/outputs/IEMOCAP_features/Ses05M_script03_2_F021_features.pt,fru
/scratch/users/k24015724/wav2vec_project/outputs/IEMOCAP_features/Ses05M_script03_2_F023_features.pt,neu
/scratch/users/k24015724/wav2vec_project/outputs/IEMOCAP_features/Ses05M_script03_2_F025_features.pt,fru
/scratch/users/k24015724/wav2vec_project/outputs/IEMOCAP_features/Ses05M_script03_2_F026_features.pt,neu
/scratch/users/k24015724/wav2vec_project/outputs/IEMOCAP_features/Ses05M_script03_2_F028_features.pt,ang
/scratch/users/k24015724/wav2vec_project/outputs/IEMOCAP_features/Ses05M_script03_2_F029_features.pt,fru
/scratch/users/k24015724/wav2vec_project/outputs/IEMOCAP_features/Ses05M_script03_2_F034_features.pt,ang
/scratch/users/k24015724/wav2vec_project/outputs/IEMOCAP_features/Ses05M_script03_2_F035_features.pt,ang
/scratch/users/k24015724/wav2vec_project/outputs/IEMOCAP_features/Ses05M_script03_2_F036_features.pt,ang
/scratch/users/k24015724/wav2vec_project/outputs/IEMOCAP_features/Ses05M_script03_2_F037_features.pt,ang
/scratch/users/k24015724/wav2vec_project/outputs/IEMOCAP_features/Ses05M_script03_2_F038_features.pt,ang
/scratch/users/k24015724/wav2vec_project/outputs/IEMOCAP_features/Ses05M_script03_2_F039_features.pt,ang
/scratch/users/k24015724/wav2vec_project/outputs/IEMOCAP_features/Ses05M_script03_2_F040_features.pt,ang
/scratch/users/k24015724/wav2vec_project/outputs/IEMOCAP_features/Ses05M_script03_2_F041_features.pt,ang
/scratch/users/k24015724/wav2vec_project/outputs/IEMOCAP_features/Ses05M_script03_2_F042_features.pt,ang
/scratch/users/k24015724/wav2vec_project/outputs/IEMOCAP_features/Ses05M_script03_2_F043_features.pt,ang
/scratch/users/k24015724/wav2vec_project/outputs/IEMOCAP_features/Ses05M_script03_2_F044_features.pt,ang
/scratch/users/k24015724/wav2vec_project/outputs/IEMOCAP_features/Ses05M_script03_2_M004_features.pt,fru
/scratch/users/k24015724/wav2vec_project/outputs/IEMOCAP_features/Ses05M_script03_2_M005_features.pt,fru
/scratch/users/k24015724/wav2vec_project/outputs/IEMOCAP_features/Ses05M_script03_2_M008_features.pt,ang
/scratch/users/k24015724/wav2vec_project/outputs/IEMOCAP_features/Ses05M_script03_2_M009_features.pt,ang
/scratch/users/k24015724/wav2vec_project/outputs/IEMOCAP_features/Ses05M_script03_2_M010_features.pt,neu
/scratch/users/k24015724/wav2vec_project/outputs/IEMOCAP_features/Ses05M_script03_2_M011_features.pt,neu
/scratch/users/k24015724/wav2vec_project/outputs/IEMOCAP_features/Ses05M_script03_2_M015_features.pt,ang
/scratch/users/k24015724/wav2vec_project/outputs/IEMOCAP_features/Ses05M_script03_2_M016_features.pt,fru
/scratch/users/k24015724/wav2vec_project/outputs/IEMOCAP_features/Ses05M_script03_2_M017_features.pt,fru
/scratch/users/k24015724/wav2vec_project/outputs/IEMOCAP_features/Ses05M_script03_2_M020_features.pt,ang
/scratch/users/k24015724/wav2vec_project/outputs/IEMOCAP_features/Ses05M_script03_2_M022_features.pt,fru
/scratch/users/k24015724/wav2vec_project/outputs/IEMOCAP_features/Ses05M_script03_2_M023_features.pt,ang
/scratch/users/k24015724/wav2vec_project/outputs/IEMOCAP_features/Ses05M_script03_2_M024_features.pt,neu
/scratch/users/k24015724/wav2vec_project/outputs/IEMOCAP_features/Ses05M_script03_2_M025_features.pt,ang
/scratch/users/k24015724/wav2vec_project/outputs/IEMOCAP_features/Ses05M_script03_2_M026_features.pt,ang
/scratch/users/k24015724/wav2vec_project/outputs/IEMOCAP_features/Ses05M_script03_2_M027_features.pt,ang
/scratch/users/k24015724/wav2vec_project/outputs/IEMOCAP_features/Ses05M_script03_2_M028_features.pt,ang
/scratch/users/k24015724/wav2vec_project/outputs/IEMOCAP_features/Ses05M_script03_2_M029_features.pt,ang
/scratch/users/k24015724/wav2vec_project/outputs/IEMOCAP_features/Ses05M_script03_2_M030_features.pt,ang
/scratch/users/k24015724/wav2vec_project/outputs/IEMOCAP_features/Ses05M_script03_2_M031_features.pt,ang
/scratch/users/k24015724/wav2vec_project/outputs/IEMOCAP_features/Ses05M_script03_2_M032_features.pt,ang
/scratch/users/k24015724/wav2vec_project/outputs/IEMOCAP_features/Ses05M_script03_2_M033_features.pt,ang
/scratch/users/k24015724/wav2vec_project/outputs/IEMOCAP_features/Ses05M_script03_2_M034_features.pt,ang
/scratch/users/k24015724/wav2vec_project/outputs/IEMOCAP_features/Ses05M_script03_2_M035_features.pt,ang
/scratch/users/k24015724/wav2vec_project/outputs/IEMOCAP_features/Ses05M_script03_2_M036_features.pt,ang
/scratch/users/k24015724/wav2vec_project/outputs/IEMOCAP_features/Ses05M_script03_2_M037_features.pt,ang
/scratch/users/k24015724/wav2vec_project/outputs/IEMOCAP_features/Ses05M_script03_2_M038_features.pt,ang
/scratch/users/k24015724/wav2vec_project/outputs/IEMOCAP_features/Ses05M_script03_2_M039_features.pt,ang
/scratch/users/k24015724/wav2vec_project/outputs/IEMOCAP_features/Ses05M_script03_2_M040_features.pt,ang
/scratch/users/k24015724/wav2vec_project/outputs/IEMOCAP_features/Ses05M_script03_2_M041_features.pt,ang
/scratch/users/k24015724/wav2vec_project/outputs/IEMOCAP_features/Ses05M_script03_2_M042_features.pt,ang
/scratch/users/k24015724/wav2vec_project/outputs/IEMOCAP_features/Ses05M_script03_2_M043_features.pt,ang
/scratch/users/k24015724/wav2vec_project/outputs/IEMOCAP_features/Ses05M_script03_2_M044_features.pt,ang
/scratch/users/k24015724/wav2vec_project/outputs/IEMOCAP_features/Ses05M_script03_2_M045_features.pt,ang
